bucket,status,family,test,file,line,detail
1. ENGINE SELF-METAMODEL (pure-implemented compiler internals),SHAPE,autogeneration/tests,testClassesAssociationsAndMappingFromDatabase,autogeneration/tests/relationalToPure.pure,5,no execute(|...) call [calls meta::relational::extension] — wall: unknown class 'meta::protocols::pure::vX_X_X::metamodel::PureModelContextData' in ^meta::protocols::pure::vX_X_X::metamodel::PureModelContextData(…)
1. ENGINE SELF-METAMODEL (pure-implemented compiler internals),SHAPE,executionPlan/tests,testRoutingContextBuilderFunctions,executionPlan/tests/executionPlanTest.pure,1522,assert form 'assertEquals/2' is not supported yet — plan wall: class meta::pure::metamodel::type::Any has no property 'type'
1. ENGINE SELF-METAMODEL (pure-implemented compiler internals),SHAPE,helperFunctions/tests,dropAndCreateTempTable,helperFunctions/tests/testDdlGeneration.pure,75,no execute(|...) call [calls meta::external::store::relational::tests] — wall: unknown class 'meta::relational::metamodel::datatype::Integer' in ^meta::relational::metamodel::datatype::Integer(…)
1. ENGINE SELF-METAMODEL (pure-implemented compiler internals),SHAPE,helperFunctions/tests,testCreateTempTableStatement,helperFunctions/tests/testDdlGeneration.pure,69,no execute(|...) call — wall: unknown class 'meta::relational::metamodel::datatype::Integer' in ^meta::relational::metamodel::datatype::Integer(…)
1. ENGINE SELF-METAMODEL (pure-implemented compiler internals),SHAPE,lineage/scanColumns,testNonDataTypeProperty,lineage/scanColumns/scanColumnsTests.pure,64,scanColumns query: class-typed property '$p.address' used as a whole value is graph output (Phase H4)
1. ENGINE SELF-METAMODEL (pure-implemented compiler internals),SHAPE,milestoning/tests,testMilestoningFilterApplicationOnSemiStructuredRelationalOperationElements,milestoning/tests/testApplyMilestoningFilters.pure,29,"no execute(|...) call [calls meta::relational::extension] — wall: Unknown type: 'Operation' is not a known primitive, class, or enum"
1. ENGINE SELF-METAMODEL (pure-implemented compiler internals),SHAPE,postprocessor/tests,testDb2ColumnRename,postprocessor/tests/testPostProcessor.pure,432,"no execute(|...) call [calls meta::relational::functions::sqlQueryToString] — wall: Unknown type: 'SQLQuery' is not a known primitive, class, or enum"
1. ENGINE SELF-METAMODEL (pure-implemented compiler internals),SHAPE,postprocessor/tests,testPostProcessTransformJoinOp,postprocessor/tests/testPostProcessor.pure,439,"no execute(|...) call [calls meta::external::store::relational::tests] — wall: Unknown type: 'SQLQuery' is not a known primitive, class, or enum"
1. ENGINE SELF-METAMODEL (pure-implemented compiler internals),SHAPE,postprocessor/tests,testPushFiltersDownToJoinsPostProcessorToSQL,postprocessor/tests/testPostProcessor.pure,398,"no execute(|...) call [calls meta::relational::functions::sqlQueryToString] — wall: Unknown type: 'SQLQuery' is not a known primitive, class, or enum"
1. ENGINE SELF-METAMODEL (pure-implemented compiler internals),SHAPE,pureToSQLQuery/tests,addDriverTablePkForProject,pureToSQLQuery/tests/testPureToSql.pure,271,"no execute(|...) call [calls meta::external::store::relational::tests] — wall: Unknown type: 'ValueSpecification' is not a known primitive, class, or enum"
1. ENGINE SELF-METAMODEL (pure-implemented compiler internals),SHAPE,pureToSQLQuery/tests,simpleFunctionExpressionTranslationAdjust,pureToSQLQuery/tests/testPureToSql.pure,257,"no execute(|...) call [calls meta::external::store::relational::tests] — wall: Unknown type: 'SQLQuery' is not a known primitive, class, or enum"
1. ENGINE SELF-METAMODEL (pure-implemented compiler internals),SHAPE,pureToSQLQuery/tests,simpleFunctionExpressionTranslationNow,pureToSQLQuery/tests/testPureToSql.pure,239,"no execute(|...) call [calls meta::external::store::relational::tests] — wall: Unknown type: 'SQLQuery' is not a known primitive, class, or enum"
1. ENGINE SELF-METAMODEL (pure-implemented compiler internals),SHAPE,pureToSQLQuery/tests,testFindAliasMappingBySchemaName,pureToSQLQuery/tests/testPureToSql.pure,204,"no execute(|...) call — wall: unknown function 'relation' — no function of this name in the native or user catalog (unported platform function, or a misspelling)"
1. ENGINE SELF-METAMODEL (pure-implemented compiler internals),SHAPE,pureToSQLQuery/tests,testFindFunctionSequenceMultiplicity,pureToSQLQuery/tests/testPureToSql.pure,29,"no execute(|...) call — wall: 'ZeroMany' is not a known class, mapping, runtime, connection, or database — user elements in a query need a fully qualified name"
1. ENGINE SELF-METAMODEL (pure-implemented compiler internals),SHAPE,pureToSQLQuery/tests,testImportDataFlow,pureToSQLQuery/tests/testPureToSql.pure,296,"no execute(|...) call [calls meta::external::store::relational::tests] — wall: Unknown type: 'SQLQuery' is not a known primitive, class, or enum"
1. ENGINE SELF-METAMODEL (pure-implemented compiler internals),SHAPE,pureToSQLQuery/tests,testMergeOldAliasToNewAlias,pureToSQLQuery/tests/testPureToSql.pure,149,no execute(|...) call — wall: in function 'meta::relational::functions::pureToSqlQuery::mergeOldAliasToNewAlias': cannot access 'name' on V
1. ENGINE SELF-METAMODEL (pure-implemented compiler internals),SHAPE,pureToSQLQuery/tests,testReAliasMergedJoinOperations,pureToSQLQuery/tests/testPureToSql.pure,156,no execute(|...) call — wall: in function 'meta::relational::tests::functions::pureToSqlQuery::buildJoinTreeNode': class 'meta::external::query::sql::metamodel::Join' has no property 'name'
1. ENGINE SELF-METAMODEL (pure-implemented compiler internals),ERROR,router/tests,testPlatformExpressionDependencyOnAFromExpression,router/tests/testRouting.pure,220,no overload of 'routeFunction' matches 4 argument(s) of these shapes (no candidates at all)
1. ENGINE SELF-METAMODEL (pure-implemented compiler internals),ERROR,router/tests,testPlatformExpressionDependencyOnAFromExpression2,router/tests/testRouting.pure,234,no overload of 'routeFunction' matches 4 argument(s) of these shapes (no candidates at all)
1. ENGINE SELF-METAMODEL (pure-implemented compiler internals),SHAPE,router/tests,testRoutingOfSimpleQualifiedProperty,router/tests/testRouting.pure,187,no execute(|...) call [calls meta::external::store::relational::tests] — wall: no overload of 'routeFunction' matches 6 argument(s) of these shapes (no candidates at all)
1. ENGINE SELF-METAMODEL (pure-implemented compiler internals),SHAPE,sqlQueryToString,testProcessIdentifierWithQuoteChar,sqlQueryToString/extensionDefaults.pure,564,"no execute(|...) call [calls meta::relational::functions::sqlQueryToString::h2::v2_1_214] — wall: Unknown type: 'CoreDataType' is not a known primitive, class, or enum"
1. ENGINE SELF-METAMODEL (pure-implemented compiler internals),SHAPE,sqlQueryToString/testSuite,testTempTableSqlStatementsForH2,sqlQueryToString/testSuite/testTempTableSqlStatements.pure,115,"no execute(|...) call [calls meta::relational::functions::sqlQueryToString::tests] — wall: Unknown type: 'SQLQuery' is not a known primitive, class, or enum"
1. ENGINE SELF-METAMODEL (pure-implemented compiler internals),SHAPE,tests,testTranslateDbType,tests/testRelationalExtension.pure,143,no execute(|...) call [calls meta::relational::metamodel::datatype] — wall: unknown class 'meta::relational::metamodel::datatype::Varchar' in ^meta::relational::metamodel::datatype::Varchar(…)
10. HARNESS SHAPE (assert/body form unrecognised),SHAPE,functions/tests,testComplexOrExistsToManyProperty,functions/tests/testExists.pure,81,statement 'map' failed through the pipeline: class query under TypedMap is not resolvable yet (H2 vocabulary)
10. HARNESS SHAPE (assert/body form unrecognised),SHAPE,functions/tests/projection,H2Test,functions/tests/projection/testIn.pure,184,"no execute(|...) call [calls meta::relational::metamodel::execute] — wall: Values of types ""BOOLEAN"" and ""CHARACTER VARYING(5)"" are not comparable; SQL statement: | SELECT case when false = 'false' then 'Ok' else 'Error' END as BooleanVarCharComparison [90110-214]"
10. HARNESS SHAPE (assert/body form unrecognised),SHAPE,lineage/scanRelations,testTableToTdsWithCrossJoin,lineage/scanRelations/scanRelationsTests.pure,995,scanRelations: scanRelations: tableToTDS join condition beyond a single equality pending
10. HARNESS SHAPE (assert/body form unrecognised),SHAPE,lineage/scanRelations,testTableToTdsWithJoinAndUnion,lineage/scanRelations/scanRelationsTests.pure,920,scanRelations: scanRelations: tableToTDS join side is not a single table source
10. HARNESS SHAPE (assert/body form unrecognised),SHAPE,lineage/scanRelations,testTdsJoinConcatenateAndJoin,lineage/scanRelations/scanRelationsTests.pure,1012,scanRelations: scanRelations: tableToTDS join side is not a single table source
10. HARNESS SHAPE (assert/body form unrecognised),SHAPE,modelToModelToRelational/milestoned,testFlatten_ViaNoArgMapping,modelToModelToRelational/milestoned/milestonedSourceToNonMilestonedTargetProperty.pure,139,"no execute(|...) call [calls meta::pure::graphFetch::tests::m2m2r::milestoning::milestonedSourceToNonMilestonedTargetProperty] — wall: from() argument 1 must be a mapping or runtime reference, got TypedUserCall"
10. HARNESS SHAPE (assert/body form unrecognised),SHAPE,modelToModelToRelational/milestoned,testFlatten_ViaNoArgMapping_ViaAssociation,modelToModelToRelational/milestoned/milestonedSourceToNonMilestonedTargetProperty.pure,170,"no execute(|...) call [calls meta::pure::graphFetch::tests::m2m2r::milestoning::milestonedSourceToNonMilestonedTargetProperty] — wall: from() argument 1 must be a mapping or runtime reference, got TypedUserCall"
10. HARNESS SHAPE (assert/body form unrecognised),SHAPE,tds/tests,resolveSchemaTest,tds/tests/testTdsSchema.pure,24,no execute(|...) call [calls meta::relational::functions::database] — wall: assert form 'meta::pure::tds::schema::tests::assertSchemaRoundTripEquality/2' is not supported yet
10. HARNESS SHAPE (assert/body form unrecognised),SHAPE,testDataGeneration/tests,testAlloyTestDatGenForNestedViews,testDataGeneration/tests/testDataGeneration.pure,3039,no verifying assertions
10. HARNESS SHAPE (assert/body form unrecognised),SHAPE,testDataGeneration/tests,testTableToTdsWithJoinAndUnion,lineage/scanRelations/scanRelationsTests.pure,920,scanRelations: tableToTDS join side is not a single table source
10. HARNESS SHAPE (assert/body form unrecognised),SHAPE,tests,testExecuteInDbToTDS,tests/testRelationalExtension.pure,132,no execute(|...) call [calls meta::relational::metamodel::execute] — wall: let-bound setup: NormalizeRequired function 'meta::relational::metamodel::execute::resultSetToTDS' has non-let intermediate statements — cannot inline
10. HARNESS SHAPE (assert/body form unrecognised),SHAPE,tests/mapping/enumeration,testEnumTheSame,tests/mapping/enumeration/testEnumerationMapping.pure,94,no execute(|...) call — wall: unknown enumeration 'meta::relational::tests::mapping::enumeration::model::mapping::employeeTestMapping'
10. HARNESS SHAPE (assert/body form unrecognised),SHAPE,tests/mapping/include,testStoreSubstitution,tests/mapping/include/testStoreSubstitution.pure,19,no execute(|...) call — wall: assert form 'assertIs/2' is not supported yet
10. HARNESS SHAPE (assert/body form unrecognised),SHAPE,tests/mapping/relation,testRelationStoreAccessorOnView,tests/mapping/relation/tests.pure,1340,no execute(|...) call [calls meta::external::store::relational::tests] — wall: unknown table 'personView' in database 'meta::relational::tests::mapping::relation::testDB'
10. HARNESS SHAPE (assert/body form unrecognised),SHAPE,tests/mapping/sqlFunction,testAdjustDateTranslationInMappingAndQuery,tests/mapping/sqlFunction/testSqlFunctionsInMapping.pure,627,statement 'map' failed through the pipeline: class query under TypedMap is not resolvable yet (H2 vocabulary)
11. UNCLASSIFIED,ERROR,functions/tests,testExistsWithEmbeddedWithPostProcessor,functions/tests/testExists.pure,166,in function 'meta::relational::postProcessor::transformNonCached': unknown type 'ViewSelectSQLQuery' in @ViewSelectSQLQuery
11. UNCLASSIFIED,ERROR,functions/tests,testQualifierConcatenateTwoSimilarJoinsEmbedded,functions/tests/testConcatenate.pure,166,class-typed property 'oe' of association target 'meta::relational::tests::projection::function::concatenate::model::SubAccount' (embedded) is not supported yet
11. UNCLASSIFIED,ERROR,functions/tests,testSelectChainOfAndOrOperators,functions/tests/testFilters.pure,103,runtime 'rcorpus::Rt' has 2 mappings binding class 'meta::relational::tests::model::simple::Person' (of 2 candidates); class-query dispatch needs exactly one
11. UNCLASSIFIED,ERROR,functions/tests/projection,testExistsAsNullWithSubType,functions/tests/projection/testExists.pure,115,in function 'meta::relational::tests::projection::exists::mappingForMultipleSubTypes$class$meta::relational::tests::projection::exists::ClassFunction': property 'fnScope' of 'meta::relational::tests::projection::exists::ClassFunction': expected meta::relational::tests::projection::exists::FunctionSc
11. UNCLASSIFIED,ERROR,graphFetch/tests/union,testSpecialUnion_m2m2r,graphFetch/tests/union/testUnionRootLevel_relational.pure,674,"from() argument 2 must be a mapping or runtime reference, got TypedNewInstance"
11. UNCLASSIFIED,ERROR,tds/tests,testRestrictWithPostProcessor,tds/tests/testTDSRestrict.pure,268,in function 'meta::relational::postProcessor::transformNonCached': unknown type 'ViewSelectSQLQuery' in @ViewSelectSQLQuery
11. UNCLASSIFIED,ERROR,tds/tests,testTableToTDSWithQuotes,tds/tests/testSort.pure,184,"in call to 'meta::pure::tds::desc', argument 1: expected ColSpec<T>, got String"
11. UNCLASSIFIED,ERROR,tests/mapping/enumeration,testMapping,tests/mapping/enumeration/testEnumerationMapping.pure,105,runtime 'rcorpus::Rt' has 2 mappings binding class 'meta::relational::tests::mapping::enumeration::model::domain::Employee' (of 2 candidates); class-query dispatch needs exactly one
11. UNCLASSIFIED,ERROR,tests/mapping/inheritance,testForcedSubTypeProjectDirect,tests/mapping/inheritance/testInheritanceRelationalMultiJoins.pure,46,"property 'stc_meta__relational__tests__model__inheritance__Bicycle___person' of class 'meta::relational::tests::model::inheritance::RoadVehicle' has no binding in mapping 'meta::relational::tests::mapping::inheritance::relational::multiJoins::inheritance' (unmapped, or routed to a non-root mapping s"
11. UNCLASSIFIED,ERROR,tests/mapping/union,testPartialUnionMappingOfSubTypePrimitiveProperties_EmbeddedMapping,tests/mapping/union/testUnionPartial.pure,120,"property 'stc_meta__relational__tests__mapping__union__partial__PersonExt1___ext1Address' of class 'meta::relational::tests::mapping::union::partial::PersonBase' has no binding in mapping 'meta::relational::tests::mapping::union::partial::partialUnionMappingOfSubTypePrimitiveProperties' (unmapped, o"
11. UNCLASSIFIED,ERROR,tests/query,testFilterTimesWithManyOperands,tests/query/testWithFunction.pure,434,aggregate 'meta::pure::functions::math::sum' over the navigation firm.employees.age whose to-many hop sits BEHIND a to-one head is not supported yet (study #12 — the silent-eaten-aggregate class)
2. EXECUTION-PLAN subsystem,SHAPE,executionPlan/tests,executeProjectWithNestedDerivedProperty,executionPlan/tests/m2m2rExecutionPlanTests.pure,120,no execute(|...) call — wall: no overload of 'meta::pure::executionPlan::m2m2r::tests::generateAndExecutePlan' matches 4 argument(s) of these shapes — candidates: [meta::pure::executionPlan::m2m2r::tests::generateAndExecutePlan/4]
2. EXECUTION-PLAN subsystem,SHAPE,executionPlan/tests,inheritance,executionPlan/tests/executionPlanTest.pure,1024,assert form 'assertEquals/2' is not supported yet — plan wall: plan: no class mapping for 'meta::relational::tests::model::inheritance::RoadVehicle' under 'meta::relational::tests::mapping::inheritance::relational::inheritanceMappingDB'
2. EXECUTION-PLAN subsystem,SHAPE,executionPlan/tests,planGraphFetchWithDerivedProperty,executionPlan/tests/m2m2rExecutionPlanTests.pure,37,assert form 'assertEquals/2' is not supported yet — plan wall: class query under TypedGraphFetch is not resolvable yet (H2 vocabulary)
2. EXECUTION-PLAN subsystem,SHAPE,executionPlan/tests,planGraphFetchWithNestedDerivedProperty,executionPlan/tests/m2m2rExecutionPlanTests.pure,167,assert form 'assertEquals/2' is not supported yet — plan wall: class query under TypedGraphFetch is not resolvable yet (H2 vocabulary)
2. EXECUTION-PLAN subsystem,SHAPE,executionPlan/tests,relationalTDSTypeForColumnsAndQuoting,executionPlan/tests/executionPlanTest.pure,2409,assert form 'assertEquals/2' is not supported yet — plan wall: planToString: no getAll root (multi-node plans pending)
2. EXECUTION-PLAN subsystem,FAIL,executionPlan/tests,tdsJoinTwoDBExtend,executionPlan/tests/executionPlanTest.pure,1867,"assertEquals: expected Sequence\n(\n type = TDS[(firstName, String, VARCHAR(200), """"), (eID, Integer, INT, """"), (fID, Integer, INT, """"), (legalName, String, VARCHAR(200), """")]\n (\n Allocation\n (\n type = TDS[(firstName, String, VARCHAR(200), """"), (eID, Integer, INT, """")]\n name = tdsVar\n value = \n (\n Relational\n (\n type = TDS[(firstName, String, VARCHAR(200), """"), (eID, Integer, INT, """")]\n"
2. EXECUTION-PLAN subsystem,FAIL,executionPlan/tests,tdsJoinTwoDBWithColumnMappedViaJoins,executionPlan/tests/executionPlanTest.pure,1807,"assertEquals: expected Sequence\n(\n type = TDS[(firstName, String, VARCHAR(200), """"), (eID, Integer, INT, """"), (managerID, Integer, INT, """"), (fID, Integer, INT, """"), (legalName, String, VARCHAR(200), """")]\n (\n Allocation\n (\n type = TDS[(firstName, String, VARCHAR(200), """"), (eID, Integer, INT, """"), (managerID, Integer, INT, """")]\n name = tdsVar\n value = \n (\n Relational\n (\n type = TDS[(fi"
2. EXECUTION-PLAN subsystem,ERROR,executionPlan/tests,tdsTwoJoinThreeDB,executionPlan/tests/executionPlanTest.pure,1905,No value present
2. EXECUTION-PLAN subsystem,FAIL,executionPlan/tests,testCrossDbPlanGenerationWithFromWithoutExternalMapping,executionPlan/tests/executionPlanTest.pure,1990,"assertEquals: expected Sequence\n(\n type = TDS[(firstName, String, VARCHAR(200), """"), (eID, Integer, INT, """"), (fID, Integer, INT, """"), (legalName, String, VARCHAR(200), """")]\n (\n Allocation\n (\n type = TDS[(firstName, String, VARCHAR(200), """"), (eID, Integer, INT, """")]\n name = tdsVar\n value = \n (\n Relational\n (\n type = TDS[(firstName, String, VARCHAR(200), """"), (eID, Integer, INT, """")]\n"
2. EXECUTION-PLAN subsystem,SHAPE,executionPlan/tests,testCrossDbPlanGenerationWithRelationFromWithOnlyRuntimes,executionPlan/tests/executionPlanTest.pure,2025,"no execute(|...) call [calls meta::relational::extension] — wall: assert form 'assertEquals/2' is not supported yet — plan wall: executionPlan mapping argument must be a reference (or the query must carry ->from), got TypedNativeCall"
2. EXECUTION-PLAN subsystem,ERROR,executionPlan/tests,testDatabaseConnectionSQLPopulation,executionPlan/tests/executionPlanTest.pure,1772,class meta::relational::mapping::SQLExecutionNode has no property 'connection'
2. EXECUTION-PLAN subsystem,ERROR,executionPlan/tests,testDatabaseConnectionSQLPopulationLegacy,executionPlan/tests/executionPlanTest.pure,1761,class meta::relational::mapping::SQLExecutionNode has no property 'connection'
2. EXECUTION-PLAN subsystem,SHAPE,executionPlan/tests,testEnumPushDownWithExternalFormat,executionPlan/tests/executionPlanTest.pure,2672,"assert form 'assertEquals/2' is not supported yet — plan wall: unknown function 'meta::external::format::shared::transformation::tests::exampleExternalFormatExtension' — no function of this name in the native or user catalog (unported platform function, or a misspelling)"
2. EXECUTION-PLAN subsystem,FAIL,executionPlan/tests,testExecutionPLanGenerationForFromInAllocation,executionPlan/tests/executionPlanTest.pure,2266,assertEquals: expected Allocation\n(\n type = Class[impls=(meta::pure::mapping::modelToModel::test::shared::src::_Firm | relationalMapping.meta_pure_mapping_modelToModel_test_shared_src__Firm)]\n as meta::pure::mapping::modelToModel::test::shared::src::_Firm\n resultSizeRange = *\n name = var\n value = \n (\n Relational\n (\n type = Class[impls=(meta::pure::mapping::modelToModel::test::shared::src
2. EXECUTION-PLAN subsystem,FAIL,executionPlan/tests,testExecutionPlanGenerationForInWithVarAndConstantInputs,executionPlan/tests/executionPlanTest.pure,2360,"assertEquals: expected RelationalBlockExecutionNode(type=TDS[(fullName,String,VARCHAR(1000),"""")](FunctionParametersValidationNode(functionParameters=[name:String[1]])Allocation(type=Stringname=tempVarForIn_4value=(Constant(type=Stringvalues=[John,Peter,1,2,3,4,5,6,7,8,9,10,11,12,13,14,15,16,17,18,19,20,21,22,23,24,25,26,27,28,29,30,31,32,33,34,35,36,37,38,39,40,41,42,43,44,45,46,47,48,49,50])))Cre"
2. EXECUTION-PLAN subsystem,FAIL,executionPlan/tests,testExecutionPlanGenerationForLambdaFromWithEnumMapping,executionPlan/tests/executionPlanTest.pure,2856,assert did not hold (false)
2. EXECUTION-PLAN subsystem,FAIL,executionPlan/tests,testExecutionPlanGenerationForMultipleInWithTwoCollectionInputs,executionPlan/tests/executionPlanTest.pure,2350,"assertEquals: expected RelationalBlockExecutionNode(type=TDS[(fullName,String,VARCHAR(1000),"""")](FunctionParametersValidationNode(functionParameters=[name:String[*],name1:String[*]])Allocation(type=Stringname=inFilterClause_namevalue=(FreeMarkerConditionalExecutionNode(type=Stringcondition=${(instanceOf(name,""Stream"")||((collectionSize(name![])?number)>32767))?c}trueBlock=(Sequence(type=String(Cre"
2. EXECUTION-PLAN subsystem,FAIL,executionPlan/tests,testFilterInWithResultSorcedFromAnExpression,executionPlan/tests/executionPlanTest.pure,108,"assertEquals: expected Sequence(type=TDS[(firm,String,VARCHAR(200),"""")](FunctionParametersValidationNode(functionParameters=[y:String[1]])Allocation(type=StringresultSizeRange=*name=zvalue=(PureExp(type=StringresultSizeRange=*requires=[y(String[1])]expression=$y->split(','))))RelationalBlockExecutionNode(type=TDS[(firm,String,VARCHAR(200),"""")](Allocation(type=Stringname=inFilterClause_zvalue=(Free"
2. EXECUTION-PLAN subsystem,SHAPE,executionPlan/tests,testGraphFetchH2TempTableStrategy,executionPlan/tests/executionPlanTest.pure,2796,assert form 'assertEquals/2' is not supported yet — plan wall: class meta::pure::graphFetch::executionPlan::StoreMappingGlobalGraphFetchExecutionNode has no property 'localGraphFetchExecutionNode'
2. EXECUTION-PLAN subsystem,SHAPE,executionPlan/tests,testGraphFetchH2TempTableStrategyWithQuoteIdentifiers,executionPlan/tests/executionPlanTest.pure,2818,assert form 'assertEquals/2' is not supported yet — plan wall: class meta::pure::graphFetch::executionPlan::StoreMappingGlobalGraphFetchExecutionNode has no property 'localGraphFetchExecutionNode'
2. EXECUTION-PLAN subsystem,FAIL,executionPlan/tests,testGroupByWithOpenVariableInAgg,executionPlan/tests/executionPlanTest.pure,1171,"assertEquals: expected Sequence\n(\n type = TDS[(Sales Division, String, VARCHAR(30), """"), (Income Function, Number, FLOAT, """")]\n (\n Allocation\n (\n type = Class[impls=(meta::relational::tests::groupBy::datePeriods::domain::FiscalCalendarDate | myMapping.meta_relational_tests_groupBy_datePeriods_domain_FiscalCalendarDate)]\n as meta::relational::tests::groupBy::datePeriods::domain::FiscalCalend"
2. EXECUTION-PLAN subsystem,FAIL,executionPlan/tests,testGroupByWithTwoOpenVariablesInAggAndFilter,executionPlan/tests/executionPlanTest.pure,1254,"assertEquals: expected Sequence\n(\n type = TDS[(Sales Division, String, VARCHAR(30), """"), (Income Function, Number, FLOAT, """")]\n (\n Allocation\n (\n type = StrictDate\n resultSizeRange = 1\n name = startDate\n value = \n (\n Constant\n (\n type = StrictDate\n resultSizeRange = 1\n values=[2015-02-25]\n )\n )\n )\n Allocation\n (\n type = Class[impls=(meta::relational::tests::groupBy::datePeriod"
2. EXECUTION-PLAN subsystem,FAIL,executionPlan/tests,testMapWithOpenVariable,executionPlan/tests/executionPlanTest.pure,1369,"assertEquals: expected Sequence\n(\n type = Integer\n resultSizeRange = *\n (\n Allocation\n (\n type = Integer\n resultSizeRange = 1\n name = a\n value = \n (\n Constant\n (\n type = Integer\n resultSizeRange = 1\n values=[10]\n )\n )\n )\n Relational\n (\n type = Integer\n resultSizeRange = *\n resultColumns = [(""firmtable_1"".aggCol + ${a}, """")]\n sql = select ""firmtable_1"".aggCol + ${a} from fi"
2. EXECUTION-PLAN subsystem,FAIL,executionPlan/tests,testMapWithOpenVariableOutsideBlock,executionPlan/tests/executionPlanTest.pure,1551,"assertEquals: expected Relational\n(\n type = Integer\n resultSizeRange = *\n resultColumns = [(""firmtable_1"".aggCol + 10, """")]\n sql = select ""firmtable_1"".aggCol + 10 from firmTable as ""root"" left outer join (select ""firmtable_1"".ID as ID, count(*) as aggCol from firmTable as ""firmtable_1"" left outer join personTable as ""persontable_0"" on (""firmtable_1"".ID = ""persontable_0"".FIRMID) group by ""fir"
2. EXECUTION-PLAN subsystem,SHAPE,executionPlan/tests,testModelConnectionAgg,executionPlan/tests/executionPlanTest.pure,2198,assert form 'assertEquals/2' is not supported yet — plan wall: model-to-model binding of 'meta::pure::mapping::modelToModel::test::shared::dest::Person' in 'meta::pure::mapping::modelToModel::test::simple::simpleModelMapping' navigates '$src._type' — an unmapped non-association property of source cl
2. EXECUTION-PLAN subsystem,SHAPE,executionPlan/tests,testModelConnectionDeepFunction,executionPlan/tests/executionPlanTest.pure,2153,assert form 'assertEquals/2' is not supported yet — plan wall: model-to-model binding of 'meta::pure::mapping::modelToModel::test::shared::dest::Person' in 'meta::pure::mapping::modelToModel::test::simple::simpleModelMapping' navigates '$src._type' — an unmapped non-association property of source cl
2. EXECUTION-PLAN subsystem,SHAPE,executionPlan/tests,testModelConnectionJoin,executionPlan/tests/executionPlanTest.pure,2178,assert form 'assertEquals/2' is not supported yet — plan wall: class 'meta::pure::mapping::modelToModel::test::shared::src::_Person' is not mapped in mapping 'meta::pure::mapping::modelToModel::test::simple::simpleModelMappingWithAssociation'
2. EXECUTION-PLAN subsystem,SHAPE,executionPlan/tests,testModelConnectionMultipleAgg,executionPlan/tests/executionPlanTest.pure,2221,assert form 'assertEquals/2' is not supported yet — plan wall: model-to-model binding of 'meta::pure::mapping::modelToModel::test::shared::dest::Person' in 'meta::pure::mapping::modelToModel::test::simple::simpleModelMapping' navigates '$src._type' — an unmapped non-association property of source cl
2. EXECUTION-PLAN subsystem,FAIL,executionPlan/tests,testMultiExpressionWithPlatformAndFromFunction,executionPlan/tests/executionPlanTest.pure,2696,assertEquals: expected Sequence\n(\n type = Class[impls=(meta::relational::tests::model::simple::Person | simpleRelationalMappingInc.meta_relational_tests_model_simple_Person)]\n as meta::relational::tests::model::simple::Person\n resultSizeRange = *\n (\n FunctionParametersValidationNode\n (\n functionParameters = [names:String[*]]\n )\n Allocation\n (\n type = String\n resultSizeRange = *\n name
2. EXECUTION-PLAN subsystem,ERROR,executionPlan/tests,testPlanForExecutionOption,executionPlan/tests/executionPlanTest.pure,1458,"Unknown type: 'PlanVarPlaceHolder' is not a known primitive, class, or enum"
2. EXECUTION-PLAN subsystem,SHAPE,executionPlan/tests,testPlanGenerationForMultipleExpressionsWithPropertyPath,executionPlan/tests/executionPlanTest.pure,677,assert form 'assertEquals/2' is not supported yet — plan wall: plan: struct extraction has no engine-H2 spelling
2. EXECUTION-PLAN subsystem,SHAPE,executionPlan/tests,testPlanWithLocalH2ConnectionWithSQL,executionPlan/tests/executionPlanTest.pure,2630,assert form 'assertEquals/2' is not supported yet — plan wall: class meta::relational::mapping::SQLExecutionNode has no property 'connection'
2. EXECUTION-PLAN subsystem,SHAPE,executionPlan/tests,testPreprocessFunctionOnRuntime,executionPlan/tests/executionPlanTest.pure,1720,no execute(|...) call [calls meta::pure::executionPlan] — wall: assert form 'assertEquals/2' is not supported yet — plan wall: class 'meta::pure::metamodel::function::FunctionDefinition' has no property 'expressionSequence'
2. EXECUTION-PLAN subsystem,SHAPE,executionPlan/tests,testPureExecutionStrategyForCreateAndPopulateTempTableExecutionNode,executionPlan/tests/executionPlanExecutionTest.pure,69,no execute(|...) call [calls meta::external::store::relational::tests] — wall: assert form 'assertEquals/2' is not supported yet — plan wall: unknown class 'Service' in ^Service(…)
2. EXECUTION-PLAN subsystem,SHAPE,executionPlan/tests,testPureExecutionStrategyForRelationalInstantiationExecutionNode,executionPlan/tests/executionPlanExecutionTest.pure,28,no execute(|...) call [calls meta::external::store::relational::tests] — wall: assert form 'assertEquals/2' is not supported yet — plan wall: unknown class 'Service' in ^Service(…)
2. EXECUTION-PLAN subsystem,FAIL,executionPlan/tests,testQuoteIdentifiersFlagWithGraphFetch,executionPlan/tests/executionPlanTest.pure,2619,"assertEquals: expected PureExp(type=Stringexpression=->serialize(#{meta::relational::tests::model::simple::Product{name}}#)(StoreMappingGlobalGraphFetch(type=PartialClass[impls=[(meta::relational::tests::model::simple::Product|simpleRelationalMapping.meta_relational_tests_model_simple_Product)],propertiesWithParameters=[name]]resultSizeRange=*store=meta::relational::tests::dblocalGraphFetchExecuti"
2. EXECUTION-PLAN subsystem,SHAPE,executionPlan/tests,testRelationalProjectionWithExternalFormat,executionPlan/tests/executionPlanTest.pure,2647,"assert form 'assertEquals/2' is not supported yet — plan wall: unknown function 'meta::external::format::shared::transformation::tests::exampleExternalFormatExtension' — no function of this name in the native or user catalog (unported platform function, or a misspelling)"
2. EXECUTION-PLAN subsystem,SHAPE,executionPlan/tests,testSQLCommentsInPlan,executionPlan/tests/executionPlanTest.pure,2518,assert form 'assertEquals/2' is not supported yet — plan wall: class meta::relational::mapping::SQLExecutionNode has no property 'sqlComment'
2. EXECUTION-PLAN subsystem,ERROR,executionPlan/tests,testSupportStreamFlagFromSimple,executionPlan/tests/executionPlanTest.pure,2509,plan walk: executionPlan argument shapes pending
2. EXECUTION-PLAN subsystem,ERROR,executionPlan/tests,testSupportStreamFlagWithGraphFetchAndFrom,executionPlan/tests/executionPlanTest.pure,2546,"graphFetch expects (classCollection, #{Class{…}}#)"
2. EXECUTION-PLAN subsystem,FAIL,executionPlan/tests,testTemporalDateVariableInFunctionExpression,executionPlan/tests/executionPlanTest.pure,2106,"assertEquals: expected select ""productclassificationtable_0"".type as ""classificationType"" from ProductTable as ""root"" left outer join ProductClassificationTable as ""productclassificationtable_0"" on (""root"".type = ""productclassificationtable_0"".type and ""productclassificationtable_0"".from_z <= dateadd(DAY, 1, '${bd}') and ""productclassificationtable_0"".thru_z > dateadd(DAY, 1, '${bd}')) where ""root"
2. EXECUTION-PLAN subsystem,FAIL,executionPlan/tests,testTemporalDateVariableInFunctionExpressionWithPropagation,executionPlan/tests/executionPlanTest.pure,2119,"assertEquals: expected select ""productexchangetable_0"".name as ""exchangeName"" from ProductTable as ""root"" left outer join ProductClassificationTable as ""productclassificationtable_0"" on (""root"".type = ""productclassificationtable_0"".type and ""productclassificationtable_0"".from_z <= dateadd(DAY, 1, '${bd}') and ""productclassificationtable_0"".thru_z > dateadd(DAY, 1, '${bd}')) left outer join (select"
2. EXECUTION-PLAN subsystem,FAIL,executionPlan/tests,testTwoMappingsOneRuntime,executionPlan/tests/executionPlanTest.pure,1961,"assertEquals: expected Relational\n(\n type = TDS[(legalName, String, VARCHAR(200), """"), (legalNameSimple, String, VARCHAR(200), """"), (legalNameALT, String, VARCHAR(200), """")]\n resultColumns = [(""legalName"", VARCHAR(200)), (""legalNameSimple"", VARCHAR(200)), (""legalNameALT"", VARCHAR(200))]\n sql = select ""persontable_0"".""legalName"" as ""legalName"", ""persontable_0"".""legalNameSimple"" as ""legalNameSim"
2. EXECUTION-PLAN subsystem,FAIL,executionPlan/tests,testTwoMappingsOneRuntimeWithoutExternalMapping,executionPlan/tests/executionPlanTest.pure,1976,"assertEquals: expected Relational\n(\n type = TDS[(legalName, String, VARCHAR(200), """"), (legalNameSimple, String, VARCHAR(200), """"), (legalNameALT, String, VARCHAR(200), """")]\n resultColumns = [(""legalName"", VARCHAR(200)), (""legalNameSimple"", VARCHAR(200)), (""legalNameALT"", VARCHAR(200))]\n sql = select ""persontable_0"".""legalName"" as ""legalName"", ""persontable_0"".""legalNameSimple"" as ""legalNameSim"
2. EXECUTION-PLAN subsystem,SHAPE,executionPlan/tests,testViewToTDS,executionPlan/tests/executionPlanTest.pure,2450,assert form 'assertEquals/2' is not supported yet — plan wall: in function 'meta::pure::tds::viewToTDS': class 'meta::relational::mapping::TableTDS' has no property 'store'
2. EXECUTION-PLAN subsystem,ERROR,executionPlan/tests,withPlatform,executionPlan/tests/executionPlanTest.pure,1673,collection reduction 'STRING_AGG' reached a dialect without a list encoding
2. EXECUTION-PLAN subsystem,SHAPE,functions/tests,testFilterLimitInSequenceForTableAccessor,functions/tests/testSliceTakeLimitDrop.pure,119,assert form 'assertEquals/2' is not supported yet — plan wall: planToString: no getAll root (multi-node plans pending)
2. EXECUTION-PLAN subsystem,FAIL,functions/tests,testIsEmptyOnCollection,functions/tests/testIsEmpty1.pure,87,"assertEquals: expected Sequence(type=TDS[(name,String,VARCHAR(200),"""")](FunctionParametersValidationNode(functionParameters=[input:String[*]])Relational(type=TDS[(name,String,VARCHAR(200),"""")]resultColumns=[(""name"",VARCHAR(200))]sql=select""root"".LEGALNAMEas""name""fromfirmTableas""root""where(${collectionSize(input![])})=0connection=TestDatabaseConnection(type=""H2"")))), got Sequence(type=TDS[(name,Str"
2. EXECUTION-PLAN subsystem,SHAPE,functions/tests,testLimitFilterInSequenceForTableAccessor,functions/tests/testSliceTakeLimitDrop.pure,111,assert form 'assertEquals/2' is not supported yet — plan wall: planToString: no getAll root (multi-node plans pending)
2. EXECUTION-PLAN subsystem,FAIL,functions/tests,testSortByLambdaAndGraphFetchDeep,functions/tests/testSort.pure,89,"assertJsonStringsEqual: FIRST DIFF at $[0].address expected null, got {name=Hoboken} | expected [{address=null}, {address={name=Hoboken}}, {address={name=Hong Kong}}, {address={name=New York}}, {address={name=New York}}, {address={name=New York}}, {addr..., got [{address={name=Hoboken}}, {address={name=Hong Kong}}, {address={name=New York}}, {address={name=New York}}, {address={name=New York}}, {a"
2. EXECUTION-PLAN subsystem,FAIL,functions/tests/projection,testFilterAfterJoinInRelationWithExtendedPrimitives,functions/tests/projection/testFilter.pure,155,"assertEquals: expected Relational(type=TDS[(name,meta::relational::tests::model::simple::ExtendedString,VARCHAR(200),""""),(employeeName,meta::relational::tests::model::simple::ExtendedString,VARCHAR(200),"""")]resultColumns=[(""name"",VARCHAR(200)),(""employeeName"",VARCHAR(200))]sql=select""root"".LEGALNAMEas""name"",""persontable_0"".FIRSTNAMEas""employeeName""fromfirmTableas""root""leftouterjoinpersonTableas""pe"
2. EXECUTION-PLAN subsystem,SHAPE,graphFetch/domain,testGraphFetch,graphFetch/domain/domainManagementTests.pure,53,assert form 'assertEquals/2' is not supported yet — plan wall: in function 'meta::pure::graphFetch::domain::extractDomainTypeClassFromFunction': class meta::pure::metamodel::function::FunctionDefinition has no property 'expressionSequence'
2. EXECUTION-PLAN subsystem,FAIL,graphFetch/tests,testCheckedWithCircularConstraints,graphFetch/tests/testSimpleRelationalGraphFetch.pure,1319,"assertJsonStringsEqual: FIRST DIFF at $[2].defects expected 1 element(s), got 0 | expected [{defects=[], value={firstName=Peter, firm={legalName=Firm Y}}}, {defects=[], value={firstName=John, firm={legalName=Firm Y}}}, {defects=[{path=[{propertyNam..., got [{defects=[], value={firstName=Peter, firm={legalName=Firm Y}}}, {defects=[], value={firstName=John, firm={legalName=Firm Y}}}, {defects=[], va"
2. EXECUTION-PLAN subsystem,SHAPE,graphFetch/tests,testCrossStoreGraphFetchWithRelationalDatePropagationForMilestonedPropertyConstraint,graphFetch/tests/testCrossStoreGraphFetchMilestoning.pure,263,no execute(|...) call [calls meta::legend] — wall: unbound variable '$collection'
2. EXECUTION-PLAN subsystem,SHAPE,graphFetch/tests,testCrossStoreGraphFetchWithRelationalDatePropagationForMilestonedPropertyZeroToOne,graphFetch/tests/testCrossStoreGraphFetchMilestoning.pure,495,no execute(|...) call [calls meta::legend] — wall: unbound variable '$collection'
2. EXECUTION-PLAN subsystem,SHAPE,graphFetch/tests,testCrossStoreWithCSVDataSource,graphFetch/tests/testCrossStoreGraphFetch.pure,986,"assert form 'assertEquals/2' is not supported yet — plan wall: from() argument 2 must be a mapping or runtime reference, got TypedCopyInstance"
2. EXECUTION-PLAN subsystem,FAIL,graphFetch/tests,testMilestonedProperty,graphFetch/tests/testGraphFetchMilestoning.pure,70,"assertEquals: expected PureExp\n(\n type = String\n expression = -> serialize(#{meta::relational::tests::milestoning::Order {id, product(2015-10-16) {name, type, classificationTypeStr()}}}#)\n (\n StoreMappingGlobalGraphFetch\n (\n type = PartialClass[impls=[(meta::relational::tests::milestoning::Order | milestoningmap.meta_relational_tests_milestoning_Order)], propertiesWithParameters = [id, prod"
2. EXECUTION-PLAN subsystem,SHAPE,milestoning/tests,testBusinessDatePropagationInColFunction_asQueryParam,milestoning/tests/testBusinessDateMilestoning.pure,618,assert form 'assertEqualsH2Compatible/3' is not supported yet — plan wall: no overload of 'cast' matches 2 argument(s) of these shapes — candidates: [meta::pure::functions::lang::cast/2]
2. EXECUTION-PLAN subsystem,FAIL,milestoning/tests,testExecutionPlanForQueryWithVariableRundateWithinLambda,milestoning/tests/testBusinessDateMilestoning.pure,716,assertEquals: expected Sequence\n(\n type = Class[impls=(meta::relational::tests::milestoning::Product | milestoningmap.meta_relational_tests_milestoning_Product)]\n as meta::relational::tests::milestoning::Product\n resultSizeRange = *\n (\n Allocation\n (\n type = StrictDate\n resultSizeRange = 1\n name = date\n value = \n (\n Constant\n (\n type = StrictDate\n resultSizeRange = 1\n values=[2015
2. EXECUTION-PLAN subsystem,SHAPE,modelJoins,testModelJoinForNonRelationalConcepts,modelJoins/testModelJoinsToRelationalJoins.pure,119,assert form 'assertEquals/2' is not supported yet — plan wall: in function 'meta::external::store::relational::modelJoins::test::getNoStoreRuntime': class 'meta::core::runtime::EngineRuntime' has no property 'preprocessFunction'
2. EXECUTION-PLAN subsystem,SHAPE,modelJoins,testPersonToFirmUsingFromProject,modelJoins/testModelJoinsToRelationalJoins.pure,127,assert form 'assertEquals/2' is not supported yet — plan wall: plan walk: executionPlan argument shapes pending
2. EXECUTION-PLAN subsystem,SHAPE,modelJoins,testPersonToFirmUsingProject,modelJoins/testModelJoinsToRelationalJoins.pure,74,no verifying assertions
2. EXECUTION-PLAN subsystem,SHAPE,tds/tests,testExecutionPlanGeneration,tds/tests/testCanRouteWrappedFunctions.pure,28,"assert form 'assertEquals/2' is not supported yet — plan wall: no overload of 'meta::pure::functions::relation::over' structurally matches the argument types (ExprType[type=GenericType[rawFqn=meta::pure::metamodel::relation::ColSpec, arguments=[RelationType[columns=[Column[name=firstName, type=TypeV"
2. EXECUTION-PLAN subsystem,SHAPE,testDataGeneration/tests,testAlloyTestDatGenWithQuotedColumnsForViews,testDataGeneration/tests/testDataGeneration.pure,3113,assert form 'assertEquals/2' is not supported yet — testDataGen: view-backed relation 'AltID_View' — view slice pending
2. EXECUTION-PLAN subsystem,SHAPE,testDataGeneration/tests,testErrorDueToNoSeedForRoot,testDataGeneration/tests/testDataGeneration.pure,2338,assert form 'assertEquals/2' is not supported yet — testDataGen plan: no row identifiers for root 'Person'
2. EXECUTION-PLAN subsystem,SHAPE,tests,testResultToJsonStream,tests/relationalSetUp.pure,1557,no execute(|...) call — wall: class 'meta::pure::tds::TDSColumn' has no property 'type'
2. EXECUTION-PLAN subsystem,ERROR,tests/advanced,relationalResultSourcingOfListExecutionPlan,tests/advanced/testRelationalResultSourcing.pure,56,UNNEST reached a dialect without an unnest placement
2. EXECUTION-PLAN subsystem,SHAPE,tests/mapping/union,testEnumFilterWithUnionMappingPlanGeneration,tests/mapping/union/testUnion.pure,392,assert form 'assertEquals/2' is not supported yet — plan wall: plan: alias 't2' not resolvable to a table (Subselect)
2. EXECUTION-PLAN subsystem,FAIL,tests/query,testDefaultProjectionIsNullSafe,tests/query/testLegacyNullUnsafeEquals.pure,38,assert did not hold (false)
2. EXECUTION-PLAN subsystem,FAIL,tests/query,testLegacyFlagRestoresOptionalParamFreeMarkerSelector,tests/query/testLegacyNullUnsafeEquals.pure,55,assert did not hold (false)
2. EXECUTION-PLAN subsystem,ERROR,tests/query,testPushDownProjectWithParameter,tests/query/testWithEnumPushDown.pure,41,"unknown function 'meta::json::parseJSON' — no function of this name in the native or user catalog (unported platform function, or a misspelling)"
3. ENGINE METAMODEL SURFACE (missing class/property),SHAPE,lineage/scanRelations,testUnionWithJoinToOneTable,lineage/scanRelations/scanRelationsTests.pure,290,scanRelations: scanRelations: property 'employees' has no property mapping in set 'meta::relational::tests::model::simple::Firm'
3. ENGINE METAMODEL SURFACE (missing class/property),SHAPE,tests,testExtractDBsWithSubstituition,tests/testRelationalExtension.pure,383,no execute(|...) call [calls meta::relational::runtime] — wall: in function 'meta::relational::runtime::extractDBs': class meta::pure::mapping::Mapping has no property 'includes'
3. ENGINE METAMODEL SURFACE (missing class/property),ERROR,tests/mapping/enumeration,testEnumInRelation,tests/mapping/enumeration/testEnumerationMapping.pure,133,class meta::pure::metamodel::relation::TDS has no property 'csv'
4. SQL-TEXT GOLDEN ONLY (advisory),SHAPE,functions/tests,testBuildFilterWithValueThatCanBeNullPlanSql,functions/tests/testFilters.pure,217,"sql-only: 1 advisory golden-SQL assert(s), no row verification"
4. SQL-TEXT GOLDEN ONLY (advisory),FAIL,functions/tests,testGroupByWithJoinDB2,functions/tests/testModelGroupBy.pure,1014,"assertEquals: expected select ""root"".LEGALNAME as ""legalName"", ""personTable_d#4_d_m1"".FIRSTNAME as ""employeesFirstName"", sum(1) as ""sum"" from firmTable as ""root"" left outer join personTable as ""personTable_d#4_d_m1"" on (""root"".ID = ""personTable_d#4_d_m1"".FIRMID) group by ""root"".LEGALNAME,""personTable_d#4_d_m1"".FIRSTNAME, got select ""root"".LEGALNAME as ""legalName"", ""persontable_0"".FIRSTNAME as ""emp"
4. SQL-TEXT GOLDEN ONLY (advisory),FAIL,functions/tests/projection,testMostRecentDayOfWeek,functions/tests/projection/testDateFilters.pure,123,"assertEquals: expected select ""root"".tradeDate as ""date"" from tradeTable as ""root"" where ""root"".tradeDate = dateadd(day, case when (2 - extract(dow from cast(now() as date))) > 0 then (2 - extract(dow from cast(now() as date))) - 7 else 2 - extract(dow from cast(now() as date)) end, cast(now() as date)), got select ""root"".tradeDate as ""date"" from tradeTable as ""root"" where ""root"".tradeDate = datea"
4. SQL-TEXT GOLDEN ONLY (advisory),FAIL,functions/tests/projection,testVariableReferenceWithNestedFilterMultiple,functions/tests/projection/testFunctionVariables.pure,138,"h2-advisory divergence: golden SQL on H2 gave 7 row(s) [Allen|<null>, Harris|<null>, Hill|<null>, Hill|<null>, Johnson|<null>], our pipeline gave 15 row(s) [Allen|New York, Allen|New York, Allen|New York, Harris|<null>, Hill|<null>]"
4. SQL-TEXT GOLDEN ONLY (advisory),FAIL,milestoning/tests,testDateFunctionInMilestonedProperty,milestoning/tests/testBusinessDateMilestoning.pure,927,"sql-text: expected select ""root"".id as ""orderId"", ""ProductTable_d#7_l_d_m2_r"".name as ""stockProductName"" from OrderTable as ""root"" left outer join StockProductTable as ""StockProductTable_d#7_d_m2"" on (""root"".prodFk = ""StockProductTable_d#7_d_m2"".id and ""StockProductTable_d#7_d_m2"".from_z <= DATE'2015-01-01' and ""StockProductTable_d#7_d_m2"".thru_z > DATE'2015-01-01') left outer join (select ""Produc"
4. SQL-TEXT GOLDEN ONLY (advisory),FAIL,milestoning/tests,testDateFunctionInMilestonedPropertyWithMilestonedEntity,milestoning/tests/testBusinessDateMilestoning.pure,939,"sql-text: expected select ""root"".name as ""name"" from ProductTable as ""root"" left outer join ProductClassificationSystemTable as ""ProductClassificationSystemTable_d#5_d#2_m1"" on (""root"".classificationSystemId = ""ProductClassificationSystemTable_d#5_d#2_m1"".id and ""ProductClassificationSystemTable_d#5_d#2_m1"".from_z <= DATE'2015-01-01' and ""ProductClassificationSystemTable_d#5_d#2_m1"".thru_z > DATE'"
4. SQL-TEXT GOLDEN ONLY (advisory),FAIL,milestoning/tests,testIsolationOfMilestoningFiltersUsedOnIntermediateJoinInOR,milestoning/tests/testMilestoningContextPropagation.pure,175,"sql-text: expected select ""root"".id as ""pk_0"", ""root"".name as ""pk_1"", ""root"".id as ""id"", ""cancelactivitiestable_0"".created_by as ""cancelProductActivityCreatedBy"", '2015-10-16' as ""k_businessDate"" from ProductTable as ""root"" left outer join (select ""cancelactivitiestable_0"".productId as productId, ""cancelactivitiestable_0"".from_z as from_z, ""cancelactivitiestable_0"".thru_z as thru_z, ""newactivityin"
4. SQL-TEXT GOLDEN ONLY (advisory),FAIL,milestoning/tests,testLatestIgnoredForNonMilestonedMappedBiTemporalClassesAllQuery,milestoning/tests/testLatestDateMilestoning.pure,33,"sql-text: expected select ""root"".id as ""pk_0"", ""root"".name as ""pk_1"", ""root"".id as ""id"", ""root"".name as ""name"", ""root"".type as ""type"" from ProductTableNoMilestoning as ""root"", got select ""root"".id as ""pk_0"", ""root"".name as ""pk_1"", ""root"".id as ""id"", ""root"".name as ""name"", ""root"".type as ""type"", TIMESTAMP'9999-12-31 00:00:00.0000' as ""k_businessDate"", TIMESTAMP'9999-12-31 00:00:00.0000' as ""k_proce"
4. SQL-TEXT GOLDEN ONLY (advisory),FAIL,milestoning/tests,testLatestIgnoredForNonMilestonedMappedClassesAllQuery,milestoning/tests/testLatestDateMilestoning.pure,26,"sql-text: expected select ""root"".id as ""pk_0"", ""root"".name as ""pk_1"", ""root"".id as ""id"", ""root"".type as ""type"" from ProductTableNoMilestoning as ""root"", got select ""root"".id as ""pk_0"", ""root"".name as ""pk_1"", ""root"".id as ""id"", ""root"".type as ""type"", TIMESTAMP'9999-12-31 00:00:00.0000' as ""k_businessDate"" from ProductTableNoMilestoning as ""root"""
4. SQL-TEXT GOLDEN ONLY (advisory),FAIL,milestoning/tests,testLatestMilestoneDateMappedTableDateDoesNotOverrideLatestDateFromChildPropertyInPropogation,milestoning/tests/testMilestoningContextPropagation.pure,306,"sql-text: expected select ""root"".id as ""pk_0"", ""root"".name as ""pk_1"", ""root"".id as ""id"", ""root"".name as ""name"", ""root"".type as ""type"", ""productdescriptiontable_0"".description as ""stockProductName"", ""productclassificationtable_0"".type as ""classificationType"", '9999-12-31T00:00:00.0000+0000' as ""k_businessDate"" from ProductTable as ""root"" left outer join StockProductTable as ""stockproducttable_0"" on"
4. SQL-TEXT GOLDEN ONLY (advisory),FAIL,milestoning/tests,testLatestMilestoneDatePropogationFromTypeQueryDoesNotOverrideThatSpecifiedAsArgToMilestonedQpInFilter,milestoning/tests/testMilestoningContextPropagation.pure,296,"sql-text: expected select ""root"".id as ""pk_0"", ""root"".name as ""pk_1"", ""root"".id as ""id"", ""root"".name as ""name"", ""root"".type as ""type"", ""productdescriptiontable_0"".description as ""stockProductName"", ""productclassificationtable_0"".type as ""classificationType"", '9999-12-31T00:00:00.0000+0000' as ""k_businessDate"" from ProductTable as ""root"" left outer join StockProductTable as ""stockproducttable_0"" on"
4. SQL-TEXT GOLDEN ONLY (advisory),FAIL,milestoning/tests,testMilestoningQueryWithMilestoneFilterAndDifferentDatesOnTypeWithLatestDateOnProperty,milestoning/tests/testBusinessDateMilestoning.pure,373,"sql-text: expected select ""root"".id as ""pk_0"", ""root"".name as ""pk_1"", ""root"".id as ""id"", ""root"".name as ""name"", ""root"".type as ""type"", ""productdescriptiontable_0"".description as ""stockProductName"", ""productclassificationtable_0"".type as ""classificationType"", '2015-10-15' as ""k_businessDate"" from ProductTable as ""root"" left outer join StockProductTable as ""stockproducttable_0"" on (""root"".id = ""stoc"
4. SQL-TEXT GOLDEN ONLY (advisory),FAIL,milestoning/tests,testQueryOfMilestonedTypeUsingLatestWithFilterInMapping,milestoning/tests/testBusinessDateMilestoning.pure,349,"sql-text: expected select ""root"".id as ""pk_0"", ""root"".name as ""pk_1"", ""root"".id as ""id"", ""root"".name as ""name"", ""root"".type as ""type"", '9999-12-31T00:00:00.0000+0000' as ""k_businessDate"" from ProductTable as ""root"" where ""root"".type = 'STOCK' and ""root"".thru_z = TIMESTAMP'9999-12-31 00:00:00.0000', got select ""root"".id as ""pk_0"", ""root"".name as ""pk_1"", ""root"".id as ""id"", ""root"".name as ""name"", ""ro"
4. SQL-TEXT GOLDEN ONLY (advisory),SHAPE,milestoning/tests,testViewChainsWithBusinessDate,milestoning/tests/testBusinessDateMilestoning.pure,241,"no execute(|...) call [calls meta::external::store::relational::tests] — wall: sql-only: 1 advisory golden-SQL assert(s), no row verification"
4. SQL-TEXT GOLDEN ONLY (advisory),FAIL,postprocessor/tests,testReplaceTablePostProcessorWithExists,postprocessor/tests/testPostProcessor.pure,86,"sql-text: expected select ""root"".ID as ""pk_0"", ""root"".LEGALNAME as ""legalName"" from firmTable as ""root"" left outer join (select distinct ""persontable_1"".FIRMID from differentPersonTable as ""persontable_1"" where ""persontable_1"".FIRSTNAME = 'John') as ""persontable_0"" on (""root"".ID = ""persontable_0"".FIRMID) where ""persontable_0"".FIRMID is not null, got select ""root"".ID as ""pk_0"", ""root"".LEGALNAME as "
4. SQL-TEXT GOLDEN ONLY (advisory),FAIL,postprocessor/tests,testReplaceTablePostProcessorWithView,postprocessor/tests/testPostProcessor.pure,95,"sql-text: expected select ""root"".ID as ""pk_0"", ""root"".ID as ""id"", ""root"".quantity as ""quantity"", ""root"".orderDate as ""date"", ""root"".settlementDateTime as ""settlementDateTime"" from orderTable as ""root"" left outer join (select distinct ""salespersontable_1"".ACCOUNT_ID from (select ""salespersontable_1"".ACCOUNT_ID as ACCOUNT_ID, ""personfirmview_0"".firm_name as firm_name from salesPersonTable as ""salesp"
4. SQL-TEXT GOLDEN ONLY (advisory),FAIL,postprocessor/tests,testReplaceTablesPostProcessor,postprocessor/tests/testPostProcessor.pure,68,"h2-advisory divergence: golden SQL on H2 gave 0 row(s) [], our pipeline gave 7 row(s) [Firm A|Fabrice, Firm B|Oliver, Firm C|David, Firm X|Anthony, Firm X|John]"
4. SQL-TEXT GOLDEN ONLY (advisory),SHAPE,postprocessor/tests,testToSqlStringReplaceTablesPostProcessor,postprocessor/tests/testPostProcessor.pure,77,"no execute(|...) call [calls meta::relational::functions::sqlstring] — wall: sql-only: 1 advisory golden-SQL assert(s), no row verification"
4. SQL-TEXT GOLDEN ONLY (advisory),SHAPE,tds/tests,testParseDate,tds/tests/testTDSExtend.pure,263,no execute(|...) call [calls meta::relational::functions::sqlstring] — wall: store resolution left getAll(meta::relational::tests::model::simple::Person) unresolved — the query shape around it is not supported by the resolver yet [at root > TypedNativeCall > TypedNativeCall > TypedLambda > TypedExte
4. SQL-TEXT GOLDEN ONLY (advisory),FAIL,tds/tests,testRestrictDistinct_NoOptimization_WindowColumns,tds/tests/testTDSRestrictDistinct.pure,188,"assertEquals: expected select distinct ""root"".LASTNAME as ""lastName"", ""root"".FIRSTNAME as ""firstName"", sum(""root"".AGE) over (partition by ""root"".FIRSTNAME) as ""sumAge"", max(""root"".AGE) over (partition by ""root"".FIRSTNAME) as ""maxAge"" from personTable as ""root"" left outer join firmTable as ""firmTable_d#6_d#3_m3"" on (""firmTable_d#6_d#3_m3"".ID = ""root"".FIRMID), got select distinct ""root"".LASTNAME as "
4. SQL-TEXT GOLDEN ONLY (advisory),ERROR,tds/tests,testSortQuotes,tds/tests/testSort.pure,173,"unknown function 'enumValues' — no function of this name in the native or user catalog (unported platform function, or a misspelling)"
4. SQL-TEXT GOLDEN ONLY (advisory),FAIL,tests/advanced,testForcedIsolationFilterOnTop,tests/advanced/testQueryStructure.pure,402,"sql-text: expected select ""root"".ID as ""pk_0"", ""root"".LEGALNAME as ""legalName"" from firmTable as ""root"" left outer join personTable as ""persontable_0"" on (""root"".ID = ""persontable_0"".FIRMID) left outer join locationTable as ""locationtable_0"" on (""persontable_0"".ID = ""locationtable_0"".PERSONID) where ""locationtable_0"".PLACE = 'lala', got select ""root"".ID as ""pk_0"", ""root"".LEGALNAME as ""legalName"" f"
4. SQL-TEXT GOLDEN ONLY (advisory),FAIL,tests/query,testViewSimpleExists,tests/query/testView.pure,79,"sql-text: expected select ""root"".ID as ""pk_0"", ""root"".ID as ""id"", ""root"".quantity as ""quantity"", ""root"".orderDate as ""date"", ""root"".settlementDateTime as ""settlementDateTime"" from orderTable as ""root"" left outer join (select distinct ""salespersontable_1"".ACCOUNT_ID from (select ""salespersontable_1"".ACCOUNT_ID as ACCOUNT_ID, ""personfirmview_0"".firm_name as firm_name from salesPersonTable as ""salesp"
4. SQL-TEXT GOLDEN ONLY (advisory),FAIL,transform/fromPure/tests,testEqualityInFilterOnOptionalProperties,transform/fromPure/tests/testToSQLString.pure,785,"assertEquals: expected select ""root"".FIRSTNAME as ""name"" from personTable as ""root"" left outer join personTable as ""personTable_d#6_d#3_m1_d#2_m1"" on (""root"".MANAGERID = ""personTable_d#6_d#3_m1_d#2_m1"".ID) where ""root"".AGE is not distinct from ""personTable_d#6_d#3_m1_d#2_m1"".AGE, got select ""root"".FIRSTNAME as ""name"" from personTable as ""root"" left outer join personTable as ""persontable_1"" on (""ro"
4. SQL-TEXT GOLDEN ONLY (advisory),FAIL,transform/fromPure/tests,testEqualityInFilterOnOptionalPropertiesLegacy,transform/fromPure/tests/testToSQLString.pure,794,"assertEquals: expected select ""root"".FIRSTNAME as ""name"" from personTable as ""root"" left outer join personTable as ""personTable_d#6_d#3_m1_d#2_m1"" on (""root"".MANAGERID = ""personTable_d#6_d#3_m1_d#2_m1"".ID) where (""root"".AGE = ""personTable_d#6_d#3_m1_d#2_m1"".AGE or (""root"".AGE is null and ""personTable_d#6_d#3_m1_d#2_m1"".AGE is null)), got select ""root"".FIRSTNAME as ""name"" from personTable as ""root"""
4. SQL-TEXT GOLDEN ONLY (advisory),FAIL,transform/fromPure/tests,testIsDistinctSQLGeneration,transform/fromPure/tests/testToSQLString.pure,684,"sql-text: expected select ""root"".LEGALNAME as ""LegalName"", count(distinct(""personTable_d#4_d_m1"".FIRSTNAME)) = count(""personTable_d#4_d_m1"".FIRSTNAME) as ""IsDistinctFirstName"" from firmTable as ""root"" left outer join personTable as ""personTable_d#4_d_m1"" on (""root"".ID = ""personTable_d#4_d_m1"".FIRMID) group by ""LegalName"", got select ""root"".LEGALNAME as ""LegalName"", count(DISTINCT ""persontable_0"".F"
4. SQL-TEXT GOLDEN ONLY (advisory),SHAPE,transform/fromPure/tests,testNonExecutableSQLString,transform/fromPure/tests/testToSQLString.pure,181,"no execute(|...) call [calls meta::relational::extension] — wall: sql-only: 1 advisory golden-SQL assert(s), no row verification"
4. SQL-TEXT GOLDEN ONLY (advisory),FAIL,transform/fromPure/tests,testNotEqualityForOptionalProperties,transform/fromPure/tests/testToSQLString.pure,803,"assertEquals: expected select ""root"".FIRSTNAME as ""name"", ""root"".AGE is distinct from ""personTable_d#6_d#3_m1_d_m2"".AGE as ""notmatch"" from personTable as ""root"" left outer join personTable as ""personTable_d#6_d#3_m1_d_m2"" on (""root"".MANAGERID = ""personTable_d#6_d#3_m1_d_m2"".ID), got select ""root"".FIRSTNAME as ""name"", ""root"".AGE is distinct from ""persontable_1"".AGE as ""notmatch"" from personTable as"
4. SQL-TEXT GOLDEN ONLY (advisory),FAIL,transform/fromPure/tests,testNotEqualityInFilterOnOptionalProperties,transform/fromPure/tests/testToSQLString.pure,815,"assertEquals: expected select ""root"".FIRSTNAME as ""name"" from personTable as ""root"" left outer join personTable as ""personTable_d#7_d#4_m1_d#2_m1"" on (""root"".MANAGERID = ""personTable_d#7_d#4_m1_d#2_m1"".ID) where ""root"".AGE is distinct from ""personTable_d#7_d#4_m1_d#2_m1"".AGE, got select ""root"".FIRSTNAME as ""name"" from personTable as ""root"" left outer join personTable as ""persontable_1"" on (""root""."
4. SQL-TEXT GOLDEN ONLY (advisory),FAIL,transform/fromPure/tests,testNotEqualityInFilterOnOptionalPropertiesLegacy,transform/fromPure/tests/testToSQLString.pure,824,"assertEquals: expected select ""root"".FIRSTNAME as ""name"" from personTable as ""root"" left outer join personTable as ""personTable_d#7_d#4_m1_d#2_m1"" on (""root"".MANAGERID = ""personTable_d#7_d#4_m1_d#2_m1"".ID) where (not (""root"".AGE = ""personTable_d#7_d#4_m1_d#2_m1"".AGE) or (""root"".AGE is null and ""personTable_d#7_d#4_m1_d#2_m1"".AGE is not null) or (""root"".AGE is not null and ""personTable_d#7_d#4_m1_d"
4. SQL-TEXT GOLDEN ONLY (advisory),FAIL,transform/fromPure/tests,testNullSafeEqualityForOptionalProperties,transform/fromPure/tests/testToSQLString.pure,771,"assertEquals: expected select ""root"".FIRSTNAME as ""name"", ""root"".AGE is not distinct from ""personTable_d#5_d#2_m1_d_m2"".AGE as ""match"" from personTable as ""root"" left outer join personTable as ""personTable_d#5_d#2_m1_d_m2"" on (""root"".MANAGERID = ""personTable_d#5_d#2_m1_d_m2"".ID), got select ""root"".FIRSTNAME as ""name"", ""root"".AGE = ""persontable_1"".AGE as ""match"" from personTable as ""root"" left oute"
4. SQL-TEXT GOLDEN ONLY (advisory),FAIL,transform/fromPure/tests,testSqlGenerationDivide_AllDBs,transform/fromPure/tests/testToSQLString.pure,673,"sql-text: expected select ((1.0 * ""root"".quantity) / 1000000) from tradeTable as ""root"" left outer join (select ""root"".trade_id as trade_id, max(""root"".eventDate) as maxTradeEventDate from tradeEventTable as ""root"" group by ""root"".trade_id) as ""tradeEventViewMaxTradeEventDate_d#4_d#4_m5"" on (""root"".ID = ""tradeEventViewMaxTradeEventDate_d#4_d#4_m5"".trade_id) where ""root"".ID = 2, got select ((1.0 * "
4. SQL-TEXT GOLDEN ONLY (advisory),FAIL,transform/fromPure/tests,testToSQLStringJoinStrings,transform/fromPure/tests/testToSQLString.pure,137,"assertEquals: expected select ""root"".LEGALNAME as ""legalName"", listagg(""personTable_d#4_d_m1"".FIRSTNAME, '*') as ""employeesFirstName"" from firmTable as ""root"" left outer join personTable as ""personTable_d#4_d_m1"" on (""root"".ID = ""personTable_d#4_d_m1"".FIRMID) group by ""legalName"", got select ""root"".LEGALNAME as ""legalName"", string_agg(""persontable_0"".FIRSTNAME, '*' ORDER BY ""persontable_0"".rowid A"
4. SQL-TEXT GOLDEN ONLY (advisory),ERROR,transform/fromPure/tests,testToSQLStringWithAbs,transform/fromPure/tests/testToSQLString.pure,129,"'meta::pure::tds::groupBy_TabularDataSet_1__String_MANY__AggregateValue_MANY__TabularDataSet_1_' is not a known class, mapping, runtime, connection, or database"
4. SQL-TEXT GOLDEN ONLY (advisory),SHAPE,transform/fromPure/tests,testToSQLStringWithCodeBlock,transform/fromPure/tests/testToSQLString.pure,160,"sql-only: 1 advisory golden-SQL assert(s), no row verification"
5. INVALID/UNSUPPORTED SQL WE EMITTED (DuckDB rejects),ERROR,functions/tests,testAll,functions/tests/testConcatenate.pure,39,"Binder Error: No function matches the given name and argument types 'list_concat(JSON, JSON)'. You might need to add explicit type casts. | Candidate functions: | list_concat([ANY[]...]) -> ANY[] | | | LINE 1: SELECT UNNEST(list_concat((SELECT CASE WHEN COUNT(*) = 1 THEN MIN(json_ob... | "
5. INVALID/UNSUPPORTED SQL WE EMITTED (DuckDB rejects),ERROR,functions/tests,testAssociationWithProjectionHandlingDups,functions/tests/testExists.pure,368,Binder Error: subqueries in lambda expressions are not supported
5. INVALID/UNSUPPORTED SQL WE EMITTED (DuckDB rejects),ERROR,functions/tests/projection,testInWithDynaFunction,functions/tests/projection/testIn.pure,194,"Conversion Error: Could not convert string 'something' to BOOL | | LINE 3: ... = 'Y' THEN 'true' ELSE 'false' END AS BOOLEAN) IN ('false', 'something'), FALSE) AND CAST(t0.ID AS VARCHAR) = 4 | ^"
5. INVALID/UNSUPPORTED SQL WE EMITTED (DuckDB rejects),ERROR,functions/tests/projection,testIsolationOfFiltersWithoutAlias,functions/tests/projection/testFilters.pure,95,"Invalid Input Error: More than one row returned by a subquery used as an expression - scalar subqueries can only return a single row. | | Use ""SET scalar_subquery_error_on_multiple_rows=false"" to revert to previous behavior of returning a random row."
5. INVALID/UNSUPPORTED SQL WE EMITTED (DuckDB rejects),ERROR,tests/mapping,testGet,tests/mapping/dynaJoin/testDynaJoin.pure,25,Binder Error: Cannot compare values of type TIMESTAMP_NS and type TIMESTAMP WITH TIME ZONE - an explicit cast is required | | LINE 3: WHERE t0.settlementDateTime <= now() | ^
5. INVALID/UNSUPPORTED SQL WE EMITTED (DuckDB rejects),ERROR,tests/mapping,testQuery,tests/mapping/inheritance/testInheritanceRelationalUnion.pure,47,Binder Error: Cannot compare values of type TIMESTAMP_NS and type TIMESTAMP WITH TIME ZONE - an explicit cast is required | | LINE 8: ... (t0.settlementDateTime IS NOT NULL AND t0.settlementDateTime <= now()) | ^
5. INVALID/UNSUPPORTED SQL WE EMITTED (DuckDB rejects),ERROR,tests/mapping/classMappingFilterWithInnerJoin,testChainedJoinsWithUnionsAndIsolationWithProjectionQueryTableFilter,tests/mapping/classMappingFilterWithInnerJoin/testClassMappingFilterWithInnerJoin.pure,80,"Binder Error: Referenced table ""t5"" not found! | Candidate tables: ""t4"" | | LINE 16: SELECT t5.name AS legalName, t5.ID AS ID_0, NULL AS ID_1 | ^"
5. INVALID/UNSUPPORTED SQL WE EMITTED (DuckDB rejects),ERROR,tests/mapping/sqlFunction,testProject,tests/injection/testInjection.pure,50,"Binder Error: No function matches the given name and argument types 'len(DOUBLE)'. You might need to add explicit type casts. | Candidate functions: | len(VARCHAR) -> BIGINT | len(BIT) -> BIGINT | len(ANY[]) -> BIGINT | | | LINE 1: ...(123.456 AS DOUBLE), CAST(100.001 AS DOUBLE)]), 0), coalesc"
5. INVALID/UNSUPPORTED SQL WE EMITTED (DuckDB rejects),ERROR,tests/mapping/union,testProjectAndFilterSamePropertySameJoinInUnion,tests/mapping/union/testUnion.pure,337,"Binder Error: Table ""t0"" does not have a column named ""firstName"" | | Candidate bindings: : ""lastName"" | | LINE 3: SELECT t0.firstName AS firstName, t0.lastName AS lastName, t1.extr... | ^"
5. INVALID/UNSUPPORTED SQL WE EMITTED (DuckDB rejects),ERROR,tests/query,testCollectionDistinctFunction,tests/query/testWithFunction.pure,455,Binder Error: subqueries in lambda expressions are not supported
5. INVALID/UNSUPPORTED SQL WE EMITTED (DuckDB rejects),ERROR,tests/query,testFilterUsingArcCosFunction,tests/query/testWithFunction.pure,377,Invalid Input Error: Unable to compute acos of 1.1
5. INVALID/UNSUPPORTED SQL WE EMITTED (DuckDB rejects),ERROR,tests/query,testFilterUsingArcSinFunction,tests/query/testWithFunction.pure,366,Invalid Input Error: Unable to compute asin of 1.1
6. WRONG ROWS / WRONG VALUE (real semantic defect),FAIL,functions/tests,testConcatenateFlatWithOtherProperty,functions/tests/testConcatenate.pure,190,"assertEquals: expected [1, 1, 2, 2], got [1, 2]"
6. WRONG ROWS / WRONG VALUE (real semantic defect),FAIL,functions/tests,testDupsFilterProject,functions/tests/testExists.pure,134,"assertEquals: expected Firm X, got [Firm X, Yes]"
6. WRONG ROWS / WRONG VALUE (real semantic defect),FAIL,functions/tests,testInExecutionWithTempTableForDateTimesWithTz,functions/tests/testIn.pure,294,"assertSize: expected 5, got 0"
6. WRONG ROWS / WRONG VALUE (real semantic defect),FAIL,functions/tests,testSequenceMapWithConfusingSetImplementation,functions/tests/testMap.pure,319,"assertEquals: expected [ROOT, ok, TDSNull], got [Firm X, ok, ROOT]"
6. WRONG ROWS / WRONG VALUE (real semantic defect),FAIL,functions/tests,testSubAggregationMultiLevel,functions/tests/testMap.pure,225,"assertSameElements: expected [12.0, 22.0, 22.0, 23.0, 32.0, 34.0, 35.0], got [23, 22, 12, 22, 34, 32, 35]"
6. WRONG ROWS / WRONG VALUE (real semantic defect),FAIL,functions/tests/projection,testIsolatioWhereNoConstaintsAndInnerJoin,functions/tests/projection/testFilters.pure,86,"assertEquals: expected [Firm X, UK, Firm X, Europe, Firm X, Europe, Firm X, Europe, Firm A, Europe, Firm B, Europe, Firm C, Europe], got [Firm X, Europe, Firm A, Europe, Firm B, Europe, Firm C, Europe]"
6. WRONG ROWS / WRONG VALUE (real semantic defect),FAIL,functions/tests/projection,testSimpleBoolean,functions/tests/projection/testQualifier.pure,31,"assertEquals: expected false, got []"
6. WRONG ROWS / WRONG VALUE (real semantic defect),FAIL,functions/tests/projection,testTwoQualifiersUsingSameJoinWithNoUserParams,functions/tests/projection/testQualifier.pure,88,"assertSize: expected 1, got 4"
6. WRONG ROWS / WRONG VALUE (real semantic defect),FAIL,graphFetch/tests,testGraphFetchWithTableMapperPostProcessor,graphFetch/tests/testSimpleRelationalGraphFetch.pure,568,"assertJsonStringsEqual: FIRST DIFF at $[0].employees expected 0 element(s), got 4 | expected [{legalName=Firm X, employees=[]}, {legalName=Firm A, employees=[]}, {legalName=Firm B, employees=[]}, {legalName=Firm C, employees=[]}], got [{legalName=Firm X, employees=[{firstName=Peter}, {firstName=John}, {firstName=John}, {firstName=Anthony}]}, {legalName=Firm A, employees=[{firstName=Fabrice..."
6. WRONG ROWS / WRONG VALUE (real semantic defect),FAIL,graphFetch/tests/union,test6,graphFetch/tests/union/testUnionPropertyLevel_Relational.pure,212,"assertJsonStringsEqual: FIRST DIFF at $[0].legalName expected Firm B, got Firm X | expected [{legalName=Firm B, employees=[{lastName=Bala, address={name=New York}}, {lastName=Raman, address={name=Hoboken}}, {lastName=Bark, address={name=New York}}, ..., got [{legalName=Firm X, employees=[{lastName=Scott, address={name=New York}}, {lastName=Anand, address={name=Hoboken}}, {lastName=Taylor, address="
6. WRONG ROWS / WRONG VALUE (real semantic defect),SHAPE,router/tests,testPrerouting42,router/tests/testPreeval.pure,63,assert form 'assertRoundTrip/3' is not supported yet
6. WRONG ROWS / WRONG VALUE (real semantic defect),FAIL,tds/tests,testFilterOnEnum,tds/tests/testTDSFilter.pure,42,"assertEquals: expected CITY, got [New York, CITY]"
6. WRONG ROWS / WRONG VALUE (real semantic defect),FAIL,tests,testDynaComplexInference2,tests/testRelationalExtension.pure,294,"assertEquals: expected VARCHAR(400), got VARCHAR(200)"
6. WRONG ROWS / WRONG VALUE (real semantic defect),FAIL,tests,testRelationalMapperTwoDBs,tests/testRelationalMapper.pure,140,"assertEquals: expected select ""root"".NAME as ""name"", ""synonymtable_0"".NAME as ""cusip"" from snDB.productSchemaNewDBINC.productTableNewINC as ""root"" left outer join snDB.productSchemaNewDB.synonymTableNew as ""synonymtable_0"" on (""synonymtable_0"".PRODID = ""root"".ID and ""synonymtable_0"".TYPE = 'CUSIP' and ""synonymtable_0"".ID <> 1) where ""synonymtable_0"".NAME = 'CUSIP1', got select ""root"".NAME as ""name"
6. WRONG ROWS / WRONG VALUE (real semantic defect),FAIL,tests,testRelationalMapperWithJoin,tests/testRelationalMapper.pure,134,"assertEquals: expected select ""addresstable_0"".NAME as ""address"" from snDBDefault.default.firmTableNew as ""root"" left outer join snDBDefault.default.personTable as ""persontable_0"" on (""root"".ID = ""persontable_0"".FIRMID and ""persontable_0"".LASTNAME = 'Smith') left outer join snDBDefault.default.addressTable as ""addresstable_0"" on (""addresstable_0"".ID = ""persontable_0"".ADDRESSID), got select (select"
6. WRONG ROWS / WRONG VALUE (real semantic defect),FAIL,tests/advanced,testFilterMappingWithProjectionOverlappForcedCorrelated,tests/advanced/testForced.pure,36,"assertEquals: expected [ROOT, TDSNull, TDSNull], got [Federation, Firm X, ROOT]"
6. WRONG ROWS / WRONG VALUE (real semantic defect),FAIL,tests/advanced,testFilterMappingWithProjectionOverlappForcedOnClause,tests/advanced/testForced.pure,42,"assertEquals: expected [ROOT, TDSNull, TDSNull], got [Federation, Firm X, ROOT]"
6. WRONG ROWS / WRONG VALUE (real semantic defect),FAIL,tests/datatype,testSimpleTypeMappingNulls,tests/datatype/testDataTypeMapping.pure,117,"assertEquals: expected [], got null"
6. WRONG ROWS / WRONG VALUE (real semantic defect),FAIL,tests/mapping/embedded,testIsEmpty,functions/tests/testExists.pure,303,"assertEquals: expected name,firm\n\n, got []"
6. WRONG ROWS / WRONG VALUE (real semantic defect),FAIL,tests/mapping/enumeration,testProjectWithIfWhereBothSidesUseTheSameEnumMapping,tests/mapping/enumeration/testEnumerationMapping.pure,330,"assertEquals: expected [My Product, GS_NUMBER], got [My Product 2, CUSIP]"
6. WRONG ROWS / WRONG VALUE (real semantic defect),FAIL,tests/mapping/enumeration,testProjectWithIfWhereOneSideIsEnumLiteral,tests/mapping/enumeration/testEnumerationMapping.pure,305,"assertEquals: expected [My Product, GS_NUMBER], got [My Product 2, GS_NUMBER]"
6. WRONG ROWS / WRONG VALUE (real semantic defect),FAIL,tests/mapping/enumeration,testProjectionWithEnumThroughAssociation,tests/mapping/enumeration/testEnumerationMapping.pure,265,"assertEquals: expected [GS_NUMBER, GS_NUMBER, false], got [CUSIP, CUSIP, true]"
6. WRONG ROWS / WRONG VALUE (real semantic defect),FAIL,tests/mapping/filter,testFilterMappingWithProjectionOverlapp,tests/mapping/filter/testFilterMappingTree.pure,49,"assertEquals: expected [ROOT, TDSNull, TDSNull], got [Federation, Firm X, ROOT]"
6. WRONG ROWS / WRONG VALUE (real semantic defect),FAIL,tests/mapping/join,testMultipleJoinsInPropertyMappingWithDatesInClass,tests/mapping/join/testMappingAssociationToAdvancedJoin.pure,123,"assertSameElements: expected [Row1, Row2, Row3, Row1, Row2, Row3], got [Row1, Row2, Row3]"
6. WRONG ROWS / WRONG VALUE (real semantic defect),FAIL,tests/mapping/join,testSameTableNameDifferentSchema1,tests/mapping/join/testMappingAssociationToAdvancedJoin.pure,276,"assertEquals: expected [Peter B, John B, John B, Anthony B, Oliver B, null, null], got [Peter B, John B, John B, Anthony B, Oliver B]"
6. WRONG ROWS / WRONG VALUE (real semantic defect),FAIL,tests/mapping/modelJoin,testChainedTwoHops,tests/mapping/modelJoin/testModelJoinAdvanced.pure,189,"assertEquals: expected [Apple, null, Apple, ProjectY, Apple, ProjectX, Google, ProjectZ], got [Apple, ProjectY, Apple, ProjectX, Apple, null, Google, ProjectZ]"
6. WRONG ROWS / WRONG VALUE (real semantic defect),FAIL,tests/mapping/relation,testDateTimeInclusiveRangeQuery,tests/mapping/relation/tests.pure,1220,"assertTdsEquivalent: expected 2 cells, got 1"
6. WRONG ROWS / WRONG VALUE (real semantic defect),FAIL,tests/mapping/relation,testDateTimeRetrieveWithTimeZone,tests/mapping/relation/tests.pure,1240,"assertTdsEquivalent: cell 1 expected 2016-02-05, got 2016-02-05 21:00:00.123456789"
6. WRONG ROWS / WRONG VALUE (real semantic defect),FAIL,tests/mapping/relation,testMappingWithWindowColumn,tests/mapping/relation/tests.pure,200,"assertEquals: expected [David, Group D, 1, Fabrice, Group C, 1, John, Group A, 2, Oliver, Group C, 2], got [David, Group D, 1, Fabrice, Group C, 1, John, Group A, 1, Oliver, Group C, 2]"
6. WRONG ROWS / WRONG VALUE (real semantic defect),FAIL,tests/mapping/relation,testMixedMappingWithFilterInProject,tests/mapping/relation/tests.pure,179,"assertEquals: expected [David, null, Fabrice, null, John, John, Oliver, Fabrice, Oliver, Oliver], got [David, null, Fabrice, Oliver, John, John, Oliver, Oliver]"
6. WRONG ROWS / WRONG VALUE (real semantic defect),FAIL,tests/mapping/relation,testSimpleMappingQueryWithFilterInProject,tests/mapping/relation/tests.pure,91,"assertEquals: expected [David, null, Fabrice, null, John, John, Oliver, Fabrice, Oliver, Oliver], got [David, null, Fabrice, Oliver, John, John, Oliver, Oliver]"
6. WRONG ROWS / WRONG VALUE (real semantic defect),FAIL,tests/mapping/selfJoin,testSelfJoinPropertyMappingOverlap,tests/mapping/selfJoin/selfJoin.pure,46,"assertEquals: expected [ROOT, TDSNull, TDSNull], got [Federation, Firm X, ROOT]"
6. WRONG ROWS / WRONG VALUE (real semantic defect),FAIL,tests/mapping/selfJoin,testSelfJoinPropertyMappingWithDynaFunction,tests/mapping/selfJoin/selfJoin.pure,64,"assertEquals: expected [ROOT, TDSNull, TDSNull, true], got [Banking_c1_c1, Firm X, ROOT, false]"
6. WRONG ROWS / WRONG VALUE (real semantic defect),FAIL,tests/mapping/tree,testJoinIsolationDeeperTwoIsolations_LeftOuterLeftOuterThenInner,tests/mapping/tree/tree.pure,210,"assertEquals: expected [11, Alex, OrgName3, OrgName2], got [11, Alex, OrgName3, null]"
6. WRONG ROWS / WRONG VALUE (real semantic defect),FAIL,tests/mapping/tree,testJoinIsolationDeeper_LeftOuterLeftOuterThenInner,tests/mapping/tree/tree.pure,192,"assertEquals: expected [11, OrgName3], got [11, OrgName3]"
6. WRONG ROWS / WRONG VALUE (real semantic defect),FAIL,tests/mapping/union/relation,testUnionTwoRelationMappings_ManyColumnProject,tests/mapping/union/relation/testRelationUnion.pure,359,"assertEquals: expected [Anand, null, Anand, null, Anand, null, Anand, null, Anand, null, Anand, null, Roberts, null, Roberts, null, Roberts, null, Roberts, null, Roberts, null, Roberts, null, Scott, null, Scott, null, Scott, null, Scott, null, Scott, null, Scott, null, Taylor, null, Taylor, null, Taylor, null, Taylor, null, Taylor, null, Taylor, null, Wright, null, Wright, null, Wright, null, Wrig"
6. WRONG ROWS / WRONG VALUE (real semantic defect),FAIL,tests/mapping/union/relation,testUnionTwoRelationMappings_ManyColumnProjectGeneratesSingleUnion,tests/mapping/union/relation/testRelationUnion.pure,395,"assertEquals: expected [Anand, null, Anand, null, Anand, null, Anand, null, Anand, null, Anand, null, Roberts, null, Roberts, null, Roberts, null, Roberts, null, Roberts, null, Roberts, null, Scott, null, Scott, null, Scott, null, Scott, null, Scott, null, Scott, null, Taylor, null, Taylor, null, Taylor, null, Taylor, null, Taylor, null, Taylor, null, Wright, null, Wright, null, Wright, null, Wrig"
7. RESOLVER GAP (H-phase: substitution/navigation/mapping dispatch),ERROR,functions/tests,testConcatenateInQualifierWithComplexReturnType,functions/tests/testConcatenate.pure,148,class-typed property '$p.address' used as a whole value is graph output (Phase H4)
7. RESOLVER GAP (H-phase: substitution/navigation/mapping dispatch),ERROR,functions/tests,testInputNotIsolatedWhenPropertyPathIsToOne,functions/tests/testIsEmpty1.pure,47,emptiness check over a toOne()-pierced navigation through the ~filter-mapped set of 'firm' needs the strict-read filter hoist — not supported yet
7. RESOLVER GAP (H-phase: substitution/navigation/mapping dispatch),ERROR,functions/tests,testNestedExistsWithExistsInAbstractProperty,functions/tests/testExists.pure,391,"exists/forAll predicate references column 'firm_employees', unresolvable even after isolation [param=t_n; pred=TypedNativeCall[callee=TypedFunction[qualifiedName=meta::pure::functions::collection::exists, typeParameters=[T], multiplicityParameters=[], parameters=[TypedParameter[name=value, type=Type"
7. RESOLVER GAP (H-phase: substitution/navigation/mapping dispatch),ERROR,functions/tests,testQualifierConcatenateTwoSimilarJoins,functions/tests/testConcatenate.pure,157,"extend/project columns [Trade ID, OE] reference names unresolvable even after isolation [col='OE' ref='subAccount_oe']"
7. RESOLVER GAP (H-phase: substitution/navigation/mapping dispatch),ERROR,functions/tests/projection,testChainedFiltersQuery,functions/tests/projection/testFilter.pure,47,property 'locations' of class 'meta::relational::tests::model::simple::Person' is not mapped in mapping 'meta::relational::tests::simpleRelationalMapping'
7. RESOLVER GAP (H-phase: substitution/navigation/mapping dispatch),ERROR,functions/tests/projection,testQualifierWithInThroughJoin,functions/tests/projection/testIn.pure,209,derived property 'accountCategory' over a [0..1] receiver has a body outside the null-strict whitelist — empty-receiver semantics needs the presence-guarded emission (roadmap)
7. RESOLVER GAP (H-phase: substitution/navigation/mapping dispatch),ERROR,functions/tests/projection,testVariableReferenceInFilterWithSameNameAsThatInParentProject,functions/tests/projection/testFunctionVariables.pure,68,store resolution left getAll(meta::relational::tests::model::simple::Person) unresolved — the query shape around it is not supported by the resolver yet [at root > TypedNativeCall > TypedLambda > TypedNativeCall > TypedMap > TypedFrom > TypedProject]
7. RESOLVER GAP (H-phase: substitution/navigation/mapping dispatch),ERROR,functions/tests/projection,testVariableReferenceInMapWithNestedFilter,functions/tests/projection/testFunctionVariables.pure,89,"object-space expression node TypedFilter is not substitutable yet (H2 vocabulary): TypedFilter[source=TypedPropertyAccess[source=TypedPropertyAccess[source=TypedVariable[name=p, info=ExprType[type=ClassType[fqn=meta::relational::tests::model::simple::Person], multiplicity=Bounded[lower=1, upper=1]]]"
7. RESOLVER GAP (H-phase: substitution/navigation/mapping dispatch),ERROR,functions/tests/projection,testVariableReferenceInMapWithSameNameAsThatInParentProject,functions/tests/projection/testFunctionVariables.pure,78,store resolution left getAll(meta::relational::tests::model::simple::Person) unresolved — the query shape around it is not supported by the resolver yet [at root > TypedNativeCall > TypedLambda > TypedNativeCall > TypedMap > TypedFrom > TypedProject]
7. RESOLVER GAP (H-phase: substitution/navigation/mapping dispatch),ERROR,graphFetch/tests,testCrossMappingJsonToDBWithExplosion,graphFetch/tests/testCrossStoreGraphFetch.pure,928,class 'meta::pure::graphFetch::tests::XStore::inMemoryAndRelational::T_Trade' is not mapped in mapping 'meta::pure::graphFetch::tests::XStore::inMemoryAndRelational::crossMapping5' (M2M explosion 'tradeId*' is a roadmap feature (index-aligned zip fan-out — one target instance per source element); ma
7. RESOLVER GAP (H-phase: substitution/navigation/mapping dispatch),ERROR,graphFetch/tests,testCrossMappingWithRelOpWithJoinKeys,graphFetch/tests/testCrossDatabaseGraphFetch.pure,133,association 'meta::relational::graphFetch::tests::crossDatabase::EmploymentAssociation' is not mapped in mapping 'meta::relational::graphFetch::tests::crossDatabase::CrossMappingWithRelOpWithJoinKeys' (association 'meta::relational::graphFetch::tests::crossDatabase::EmploymentAssociation': $that.ceo
7. RESOLVER GAP (H-phase: substitution/navigation/mapping dispatch),ERROR,milestoning/tests,testBusinessDateInjectionFromVarReferenceInProjectUsingExternalFunction,milestoning/tests/testBusinessDateMilestoning.pure,588,milestoned property access 'product' on a NESTED navigation is not supported yet
7. RESOLVER GAP (H-phase: substitution/navigation/mapping dispatch),ERROR,router/tests,testRoutingWithSubtypePropagation,router/tests/testRouting.pure,206,multi-hop navigation employees.stc_meta__relational__tests__model__simple__PersonExtension___manager.stc_meta__relational__tests__model__simple__PersonExtension___firstName through an embedded/slot head is not supported yet [assocs=[employees]; head subNavs=[]; head binding=TypedPropertyAccess]
7. RESOLVER GAP (H-phase: substitution/navigation/mapping dispatch),ERROR,tds/tests,columnValueDifferenceTest,tds/tests/testTdsExtension.pure,64,store resolution left getAll(meta::relational::tests::model::simple::Trade) unresolved — the query shape around it is not supported by the resolver yet [at root > TypedNativeCall > TypedMap > TypedLambda > TypedNativeCall > TypedCollection > TypedPropertyAccess > TypedFrom > TypedSort > TypedConcate
7. RESOLVER GAP (H-phase: substitution/navigation/mapping dispatch),ERROR,tds/tests,columnValueDifferenceWithoutPrevalTest,tds/tests/testTdsExtension.pure,156,store resolution left getAll(meta::relational::tests::model::simple::Trade) unresolved — the query shape around it is not supported by the resolver yet [at root > TypedNativeCall > TypedMap > TypedLambda > TypedNativeCall > TypedCollection > TypedPropertyAccess > TypedFrom > TypedSort > TypedConcate
7. RESOLVER GAP (H-phase: substitution/navigation/mapping dispatch),ERROR,testDataGeneration/tests,testInheritanceMultipleLevel,testDataGeneration/tests/testDataGeneration.pure,216,"multi-hop navigation vehicles#f1.stc_meta__relational__tests__model__inheritance__Bicycle___person.name through an embedded/slot head is not supported yet [assocs=[vehicles#f0, vehicles#f1]; head subNavs=[]; head binding=ABSENT]"
7. RESOLVER GAP (H-phase: substitution/navigation/mapping dispatch),ERROR,testDataGeneration/tests,testUnionToUnion,lineage/scanRelations/scanRelationsTests.pure,303,class 'meta::relational::tests::model::simple::Firm' is not mapped in mapping 'meta::relational::tests::mapping::union::unionMappingWithEmbeddedProperty2' (Embedded sub-PM 'employees' collides with an existing pipeline slot of the same name; distinct same-named class-typed joins across embedded leve
7. RESOLVER GAP (H-phase: substitution/navigation/mapping dispatch),ERROR,tests/advanced,isolationTest,tests/advanced/testForcedSelfJoin.pure,121,"multi-hop navigation employees.group.children#f0.name through an embedded/slot head is not supported yet [assocs=[employees]; head subNavs=[product, group]; head binding=TypedPropertyAccess]"
7. RESOLVER GAP (H-phase: substitution/navigation/mapping dispatch),ERROR,tests/advanced,relationalResultSourcingOfDateList,tests/advanced/testRelationalResultSourcing.pure,44,"object-space expression node TypedLimit is not substitutable yet (H2 vocabulary): TypedLimit[source=TypedNativeCall[callee=TypedFunction[qualifiedName=meta::pure::functions::collection::distinct, typeParameters=[T], multiplicityParameters=[], parameters=[TypedParameter[name=s, type=TypeVar[name=T], "
7. RESOLVER GAP (H-phase: substitution/navigation/mapping dispatch),ERROR,tests/advanced,testQualifierWithIsolation,tests/advanced/testQueryStructure.pure,224,extend/project columns [firm] reference names unresolvable even after isolation [col='firm' ref='firm']
7. RESOLVER GAP (H-phase: substitution/navigation/mapping dispatch),ERROR,tests/advanced,testQualifierWithIsolationXX,tests/advanced/testQueryStructure.pure,240,extend/project columns [firm] reference names unresolvable even after isolation [col='firm' ref='firm']
7. RESOLVER GAP (H-phase: substitution/navigation/mapping dispatch),ERROR,tests/injection,testProjectThroughAssociation,tests/injection/testInjection.pure,57,"object-space expression node TypedFilter is not substitutable yet (H2 vocabulary): TypedFilter[source=TypedPropertyAccess[source=TypedPropertyAccess[source=TypedVariable[name=b, info=ExprType[type=ClassType[fqn=meta::relational::tests::injection::model::Book], multiplicity=Bounded[lower=1, upper=1]]"
7. RESOLVER GAP (H-phase: substitution/navigation/mapping dispatch),ERROR,tests/injection,testProjectThroughAssociationAutoMap,tests/injection/testInjection.pure,64,"object-space expression node TypedFilter is not substitutable yet (H2 vocabulary): TypedFilter[source=TypedPropertyAccess[source=TypedPropertyAccess[source=TypedVariable[name=b, info=ExprType[type=ClassType[fqn=meta::relational::tests::injection::model::Book], multiplicity=Bounded[lower=1, upper=1]]"
7. RESOLVER GAP (H-phase: substitution/navigation/mapping dispatch),ERROR,tests/mapping/embedded,testDenormMappingWithQualifierWithIfAndEquals,tests/mapping/embedded/testEmbeddedMapping.pure,162,derived property 'isFirmX' over a [0..1] receiver has a body outside the null-strict whitelist — empty-receiver semantics needs the presence-guarded emission (roadmap)
7. RESOLVER GAP (H-phase: substitution/navigation/mapping dispatch),ERROR,tests/mapping/embedded,testExists,tests/mapping/embedded/testEmbeddedMapping.pure,183,class-typed property '$p.firm' used as a whole value is graph output (Phase H4)
7. RESOLVER GAP (H-phase: substitution/navigation/mapping dispatch),ERROR,tests/mapping/embedded,testProjectionOtherwiseNonPrimitive,tests/mapping/embedded/testEmbeddedOtherwiseMapping.pure,79,multi-hop navigation bondDetails.bondClassification.type through an embedded/slot head is not supported yet [assocs=[bondDetails]; head subNavs=[holder]; head binding=TypedNativeCall]
7. RESOLVER GAP (H-phase: substitution/navigation/mapping dispatch),ERROR,tests/mapping/join,testChainedInnerJoinsWithQualifierInGroupBy,tests/mapping/join/testMappingAssociationToAdvancedJoin.pure,265,filtered-navigation leaf 'extraInformation' reads a join slot of 'meta::relational::tests::model::simple::Person' — slot-demanding leaves under value-position filters are not supported yet
7. RESOLVER GAP (H-phase: substitution/navigation/mapping dispatch),ERROR,tests/mapping/modelJoin,testDerivedPropertyInCondition,tests/mapping/modelJoin/testModelJoinSimple.pure,389,association 'meta::relational::tests::mapping::modelJoin::domain::Person_Firm' is not mapped in mapping 'meta::relational::tests::mapping::modelJoin::simple::DerivedPropertyConditionMapping' (association 'meta::relational::tests::mapping::modelJoin::domain::Person_Firm': $employees.fullName has no c
7. RESOLVER GAP (H-phase: substitution/navigation/mapping dispatch),ERROR,tests/mapping/modelJoin,testNestedModelJoinCompoundInnerCondition,tests/mapping/modelJoin/testModelJoinAdvanced.pure,1196,association 'meta::relational::tests::mapping::modelJoin::domain::Person_Firm' is not mapped in mapping 'meta::relational::tests::mapping::modelJoin::advanced::NestedModelJoinWithPropertyAccess' (association 'meta::relational::tests::mapping::modelJoin::domain::Person_Address': $person.profile has n
7. RESOLVER GAP (H-phase: substitution/navigation/mapping dispatch),ERROR,tests/mapping/modelJoin,testQualifiedPropertyInQuery,tests/mapping/modelJoin/testModelJoinAdvanced.pure,1353,nested navigation 'address.city' inside an exists/isEmpty predicate is not supported yet
7. RESOLVER GAP (H-phase: substitution/navigation/mapping dispatch),ERROR,tests/mapping/modelJoin,testSubFilter,tests/mapping/modelJoin/testModelJoinAdvanced.pure,1260,nested navigation 'address.city' inside an exists/isEmpty predicate is not supported yet
7. RESOLVER GAP (H-phase: substitution/navigation/mapping dispatch),ERROR,tests/mapping/multigrain,testToManyWithQualifierWithFilterOnJoin,tests/mapping/multigrain/testMultiGrainTableMappings.pure,75,multi-hop navigation account.incomeFunctionSplits#f0.incomeFunction.Classification.name through an embedded/slot head is not supported yet [assocs=[account]; head subNavs=[incomeFunctionSplits#f0]; head binding=TypedNativeCall]
7. RESOLVER GAP (H-phase: substitution/navigation/mapping dispatch),ERROR,tests/mapping/union,testAdvancedEmbeddedInMappingQuery,tests/mapping/union/testUnion.pure,207,class 'meta::relational::tests::mapping::union::extend::Firm' is not mapped in mapping 'meta::relational::tests::mapping::union::extend::unionMappingWithEmbeddedProperty2' (Embedded sub-PM 'employees' collides with an existing pipeline slot of the same name; distinct same-named class-typed joins acr
7. RESOLVER GAP (H-phase: substitution/navigation/mapping dispatch),ERROR,tests/mapping/union,testAdvancedEmbeddedInMappingQuery,tests/mapping/union/testUnion.pure,207,class 'meta::relational::tests::model::simple::Firm' is not mapped in mapping 'meta::relational::tests::mapping::union::unionMappingWithEmbeddedProperty2' (Embedded sub-PM 'employees' collides with an existing pipeline slot of the same name; distinct same-named class-typed joins across embedded leve
7. RESOLVER GAP (H-phase: substitution/navigation/mapping dispatch),ERROR,tests/mapping/union,testUnionToUnionJoinSequenceWithMultipleChildrenInUnionSourceTree,tests/mapping/union/testUnion.pure,236,resolver bug: undemanded navigation — consumed expression reads STRIPPED join slot 'PersonSet1PersonAdditional' (the demand scan and the rewrite disagreed)
7. RESOLVER GAP (H-phase: substitution/navigation/mapping dispatch),ERROR,tests/query,testWithParameterToClassNestedSelect,tests/query/testQualifier.pure,55,store resolution left getAll(meta::relational::tests::model::simple::Product) unresolved — the query shape around it is not supported by the resolver yet [at root > TypedNativeCall > TypedNativeCall > TypedLambda > TypedFilter]
8. LOWERING GAP (I-phase),ERROR,functions/tests,testSortByLambdaDeepOptional,functions/tests/testSort.pure,81,zip over inputs that are not two scalar projections of the SAME class chain has no relational shape
8. LOWERING GAP (I-phase),ERROR,functions/tests/projection,testSubAggregationWithDeepAndOverlap,functions/tests/projection/testAggregation.pure,128,no scalar lowering registered for resolved overload 'meta::pure::functions::collection::count' with 1 parameter(s)
8. LOWERING GAP (I-phase),ERROR,functions/tests/projection,testSubAggregationWithDeepAndOverlap_WithColVar,functions/tests/projection/testAggregation.pure,148,project expects ~[…] column specifications
8. LOWERING GAP (I-phase),ERROR,tds/tests,testMultiConcatenate,tds/tests/testTDSConcatenate.pure,46,lowering not yet implemented for TypedCollection
8. LOWERING GAP (I-phase),SHAPE,tests,testJoinStringsTypeInference,tests/testRelationalExtension.pure,344,no execute(|...) call [calls meta::relational::functions::typeInference] — wall: no scalar lowering registered for resolved overload 'meta::pure::mapping::rootClassMappingByClass' with 2 parameter(s)
8. LOWERING GAP (I-phase),SHAPE,tests,testSQLNullWithinCaseTypeInference1,tests/testRelationalExtension.pure,318,no execute(|...) call [calls meta::relational::functions::typeInference] — wall: no scalar lowering registered for resolved overload 'meta::pure::mapping::rootClassMappingByClass' with 2 parameter(s)
8. LOWERING GAP (I-phase),ERROR,tests/mapping,testProject,tests/injection/testInjection.pure,50,lowering not yet implemented for TypedNativeCall ('meta::pure::functions::collection::sort' in relation position)
9. TYPER / VOCABULARY GAP (G-phase),SHAPE,functions/tests,testFromWithMapping,functions/tests/testFrom.pure,74,"no execute(|...) call [calls meta::external::store::relational::tests] — wall: unknown function 'withMapping' — no function of this name in the native or user catalog (unported platform function, or a misspelling)"
9. TYPER / VOCABULARY GAP (G-phase),SHAPE,functions/tests,testFromWithMappingAndIntermediateFuncCall,functions/tests/testFrom.pure,86,"no execute(|...) call [calls meta::external::store::relational::tests] — wall: unknown function 'withMapping' — no function of this name in the native or user catalog (unported platform function, or a misspelling)"
9. TYPER / VOCABULARY GAP (G-phase),ERROR,functions/tests,testObjectReferneceInWithMilestonedRootClass,functions/tests/testObjectReferenceIn.pure,123,"unknown function 'generateObjectReferences' — no function of this name in the native or user catalog (unported platform function, or a misspelling)"
9. TYPER / VOCABULARY GAP (G-phase),ERROR,functions/tests/loadCsvToDbTable,testLoadCsv,functions/tests/loadCsvToDbTable/testLoadCsv.pure,22,in function 'meta::relational::metamodel::execute::loadCsvToDbTable': no overload of 'meta::relational::metamodel::execute::loadCsvToDbTable' accepts 4 argument(s)
9. TYPER / VOCABULARY GAP (G-phase),ERROR,functions/tests/projection,testGroupByWithWindowSubset,functions/tests/projection/testGroupWithWindowSubset.pure,21,no overload of 'groupByWithWindowSubset' matches 6 argument(s) of these shapes (no candidates at all)
9. TYPER / VOCABULARY GAP (G-phase),ERROR,postprocessor/tests,testReplaceTablePostProcessorWithSubQueries,postprocessor/tests/testPostProcessor.pure,119,"in function 'meta::relational::tests::postProcessor::nonExecutable::runtimeWithNonExecutable': no overload of 'meta::relational::postProcessor::nonExecutable' structurally matches the argument types (ExprType[type=ClassType[fqn=meta::relational::metamodel::relation::SelectSQLQuery], multiplicity=Bou"
9. TYPER / VOCABULARY GAP (G-phase),SHAPE,router/tests,testCompositionInMultiStatementPureExpressions,router/tests/testRouting.pure,482,no execute(|...) call — wall: no overload of 'meta::relational::tests::query::routing::routeInternal' matches 1 argument(s) of these shapes — candidates: [meta::relational::tests::query::routing::routeInternal/1]
9. TYPER / VOCABULARY GAP (G-phase),SHAPE,tds/relation,testJoinFunc,tds/relation/testTdsToRelation.pure,42,"no execute(|...) call [calls meta::relational::extension] — wall: 'TestClass' is not a known class, mapping, runtime, connection, or database — user elements in a query need a fully qualified name"
9. TYPER / VOCABULARY GAP (G-phase),SHAPE,tds/relation,testJoinUsing,tds/relation/testTdsToRelation.pure,18,"no execute(|...) call [calls meta::relational::extension] — wall: 'TestClass' is not a known class, mapping, runtime, connection, or database — user elements in a query need a fully qualified name"
9. TYPER / VOCABULARY GAP (G-phase),SHAPE,tds/tests,iqrClassifyTest,tds/tests/testTdsExtension.pure,23,"no execute(|...) call — wall: no overload of 'meta::pure::functions::relation::join' structurally matches the argument types (ExprType[type=RelationType[columns=[Column[name=name, type=STRING, multiplicity=Bounded[lower=1, upper=1]], Column[name=score, type=INTEGER, multiplicity=Bounded[lower=1, upp"
9. TYPER / VOCABULARY GAP (G-phase),ERROR,tds/tests,rowValueDifferenceTest,tds/tests/testTdsExtension.pure,399,cannot access 'name' on String
9. TYPER / VOCABULARY GAP (G-phase),SHAPE,tds/tests,testExtendDigest_InMemory,tds/tests/testTdsExtension.pure,496,no execute(|...) call — wall: cannot access 'name' on String
9. TYPER / VOCABULARY GAP (G-phase),ERROR,tds/tests,testExtendDigest_Relational,tds/tests/testTdsExtension.pure,511,cannot access 'name' on String
9. TYPER / VOCABULARY GAP (G-phase),SHAPE,tds/tests,testFirstNotNull,tds/tests/testTdsExtension.pure,489,no execute(|...) call [calls meta::pure::tds::extensions] — wall: unresolved type variable T reached the lowering boundary
9. TYPER / VOCABULARY GAP (G-phase),ERROR,tds/tests,testJoinWithExtendWithDigestOnColumnsOnBothQueries,tds/tests/testTDSJoin.pure,1121,unbound variable '$_nr2'
9. TYPER / VOCABULARY GAP (G-phase),SHAPE,tds/tests,zScoreTest,tds/tests/testTdsExtension.pure,41,"no execute(|...) call — wall: no overload of 'meta::pure::functions::relation::join' structurally matches the argument types (ExprType[type=RelationType[columns=[Column[name=name, type=STRING, multiplicity=Bounded[lower=1, upper=1]], Column[name=score, type=INTEGER, multiplicity=Bounded[lower=1, upp"
9. TYPER / VOCABULARY GAP (G-phase),ERROR,tests/datatype,testSimpleTypeMappingProjectNulls,tests/datatype/testDataTypeMapping.pure,149,"unknown function 'toJSON' — no function of this name in the native or user catalog (unported platform function, or a misspelling)"
9. TYPER / VOCABULARY GAP (G-phase),SHAPE,tests/mapping/enumeration,testEnumMappings,tests/mapping/enumeration/testEnumerationMapping.pure,166,"no execute(|...) call — wall: unknown function 'enumerationMappingByName' — no function of this name in the native or user catalog (unported platform function, or a misspelling)"
9. TYPER / VOCABULARY GAP (G-phase),SHAPE,tests/mapping/enumeration,testEnumMappingsWithInclude,tests/mapping/enumeration/testEnumerationMapping.pure,180,"no execute(|...) call — wall: unknown function 'enumerationMappingByName' — no function of this name in the native or user catalog (unported platform function, or a misspelling)"
9. TYPER / VOCABULARY GAP (G-phase),ERROR,tests/mapping/join,testMultipleJoinsInPropertyMappingWithDateInJoin,tests/mapping/join/testMappingAssociationToAdvancedJoin.pure,135,in function 'meta::relational::tests::mapping::join::model::mapping::advancedRelationalMapping2$class$meta::relational::tests::mapping::join::model::domain::TypeBuiltOutOfMultipleJoins': no overload of 'meta::pure::functions::boolean::lessThanEqual' structurally matches the argument types (ExprType[
9. TYPER / VOCABULARY GAP (G-phase),ERROR,tests/mapping/union,testBiTemporalUnionAsJoinTarget_correlatedSubqueryQuoting,tests/mapping/union/testUnionBiTemporalSelfJoinDuplicateColumn.pure,59,"in function 'meta::relational::tests::mapping::union::biTemporal::biTemporalUnionMapping$class$meta::relational::tests::mapping::union::biTemporal::PartyAccount': no overload of 'meta::pure::functions::boolean::greaterThanEqual' structurally matches the argument types (ExprType[type=STRICT_DATE, mul"
9. TYPER / VOCABULARY GAP (G-phase),ERROR,tests/mapping/union,testBiTemporalUnionJoin_milestoningColumnInOnClause,tests/mapping/union/testUnionBiTemporalSelfJoinDuplicateColumn.pure,38,"in function 'meta::relational::tests::mapping::union::biTemporal::biTemporalUnionMapping$class$meta::relational::tests::mapping::union::biTemporal::BiTemporalPerson': no overload of 'meta::pure::functions::boolean::greaterThanEqual' structurally matches the argument types (ExprType[type=STRICT_DATE,"
9. TYPER / VOCABULARY GAP (G-phase),ERROR,tests/mapping/union,testBiTemporalUnionWithSelfJoin_duplicateColumnRegression,tests/mapping/union/testUnionBiTemporalSelfJoinDuplicateColumn.pure,25,"in function 'meta::relational::tests::mapping::union::biTemporal::biTemporalUnionMapping$class$meta::relational::tests::mapping::union::biTemporal::BiTemporalPerson': no overload of 'meta::pure::functions::boolean::greaterThanEqual' structurally matches the argument types (ExprType[type=STRICT_DATE,"
9. TYPER / VOCABULARY GAP (G-phase),ERROR,tests/mapping/union,testPksWithImportDataFlow,tests/mapping/union/testUnion.pure,373,"expected at most one value, got many ([*])"
9. TYPER / VOCABULARY GAP (G-phase),ERROR,tests/query,testDayOfWeekNumberFunction,tests/query/testWithFunction.pure,495,no overload of 'meta::pure::functions::date::dayOfWeekNumber' accepts 2 argument(s)
9. TYPER / VOCABULARY GAP (G-phase),SHAPE,transform/fromPure/tests,testToSQLStringWithAggregation,transform/fromPure/tests/testToSQLString.pure,92,"no execute(|...) call [calls meta::relational::tests::functions::sqlstring] — wall: 'meta::pure::tds::groupBy_TabularDataSet_1__String_MANY__AggregateValue_MANY__TabularDataSet_1_' is not a known class, mapping, runtime, connection, or database"
