# Known parity divergences. Each line is a promise that somebody looked, with the reason --
# NOT a way to make the number go green. Reviewed entries only.
#
# name<TAB>reason
connection-model__drop-final-delimiter__16.pure	F19: legend-lite is CORRECT and legend-engine is not. The ###Connection section accepts an element with no closing brace; lite requires it. Found by mutants.py against the engine, independently confirmed here from the other side.
connection-postprocessor__drop-final-delimiter__17.pure	F19: as above.
connection-snowflake__drop-final-delimiter__16.pure	F19: as above.
t2-databricks__drop-final-delimiter__16.pure	F19: as above.
t2-deephaven__drop-final-delimiter__19.pure	F19: as above.
t2-duckdb__drop-final-delimiter__14.pure	F19: as above.
