VER.1	carrier	OK	String:v1.5.0
VER.2	carrier	ERR	Invalid Input Error: Attempting to execute an unsuccessful or closed pending query result Error: Catalog Error: Scalar Function with name sqlite_version does not exist! Did you mean "st_crs"? LINE 1: SELECT sqlite_versio...
SQJ.array	carrier	OK	JsonNode:[1,2,3]
SQJ.each	carrier	OK	Long:3
SQJ.tree	carrier	OK	Long:5
SQJ.groupagg	carrier	OK	JsonNode:[1,2,3,4,5]
SQJ.groupobj	carrier	OK	JsonNode:{"alice":1,"bob":2,"carol":3,"dave":4,"eve":5}
SQJ.extract	carrier	OK	JsonNode:20
SQJ.arrow	carrier	OK	JsonNode:20
SQJ.arrow2	carrier	OK	String:20
SQJ.arrowint	carrier	OK	String:20
SQJ.type	carrier	OK	String:ARRAY
SQJ.typepath	carrier	OK	String:UBIGINT
SQJ.valid	carrier	OK	Boolean:true
SQJ.quote	carrier	OK	JsonNode:"ab"
SQJ.patch	carrier	ERR	Invalid Input Error: Attempting to execute an unsuccessful or closed pending query result Error: Catalog Error: Scalar Function with name json_patch does not exist! Did you mean "json_merge_patch"? LINE 1: SELECT json_pa...
SQJ.object	carrier	OK	JsonNode:{"a":1,"b":2}
SQJ.insert	carrier	ERR	Invalid Input Error: Attempting to execute an unsuccessful or closed pending query result Error: Catalog Error: Scalar Function with name json_insert does not exist! Did you mean "json_exists"? LINE 1: SELECT json_insert...
SQJ.set	carrier	ERR	Invalid Input Error: Attempting to execute an unsuccessful or closed pending query result Error: Catalog Error: Scalar Function with name json_set does not exist! Did you mean "json_exists"? LINE 1: SELECT json_set('[1,2...
SQJ.remove	carrier	ERR	Invalid Input Error: Attempting to execute an unsuccessful or closed pending query result Error: Catalog Error: Scalar Function with name json_remove does not exist! Did you mean "json"? LINE 1: SELECT json_remove('[1,2,...
SQJ.arrlen	carrier	OK	BigInteger:3
SQJ.jsonb	carrier	ERR	Invalid Input Error: Attempting to execute an unsuccessful or closed pending query result Error: Catalog Error: Scalar Function with name jsonb does not exist! Did you mean "json"? LINE 1: SELECT jsonb('[1,2,3]') ^
SQJ.jsonbarr	carrier	ERR	Invalid Input Error: Attempting to execute an unsuccessful or closed pending query result Error: Catalog Error: Scalar Function with name jsonb_array does not exist! Did you mean "json_array"? LINE 1: SELECT json(jsonb_a...
SQJ.jsonbgroup	carrier	ERR	Invalid Input Error: Attempting to execute an unsuccessful or closed pending query result Error: Catalog Error: Scalar Function with name jsonb_group_array does not exist! Did you mean "json_group_array"? LINE 1: SELECT ...
SQJ.jsonbextract	carrier	ERR	Invalid Input Error: Attempting to execute an unsuccessful or closed pending query result Error: Catalog Error: Scalar Function with name jsonb_extract does not exist! Did you mean "json_extract"? LINE 1: SELECT jsonb_ex...
SQJ.errpos	carrier	ERR	Invalid Input Error: Attempting to execute an unsuccessful or closed pending query result Error: Catalog Error: Scalar Function with name json_error_position does not exist! Did you mean "json_extract_string"? LINE 1: SE...
SQJ.aliaslist	carrier	OK	JsonNode:7
SQJ.aliascols	carrier	ERR	Invalid Input Error: Attempting to execute an unsuccessful or closed pending query result Error: Binder Error: Referenced column "v" not found in FROM clause! Candidate bindings: "value" LINE 1: SELECT v FROM json_each('...
SQJ.eachcols	carrier	OK	String:0
SQJ.eachpath	carrier	OK	Long:3
SQJ.carrierstore	carrier	OK	JsonNode:1
SQA.lit	carrier	OK	Array:[1, 2, 3]
SQA.brk	carrier	OK	Array:[1, 2, 3]
PGA.lit	carrier	OK	Array:[10, 20, 30]
PGA.litstr	carrier	ERR	Conversion Error: Type VARCHAR with value '{10,20,30}' can't be cast to the destination type INTEGER[] LINE 1: SELECT '{10,20,30}'::int[] ^
PGA.agg	carrier	OK	Array:[1, 2, 3, 4, 5]
PGA.aggdesc	carrier	OK	Array:[5, 4, 3, 2, 1]
PGA.len	carrier	OK	Long:3
PGA.card	carrier	ERR	Invalid Input Error: Attempting to execute an unsuccessful or closed pending query result Error: Binder Error: Cardinality can only operate on MAPs
PGA.cardempty	carrier	ERR	Invalid Input Error: Attempting to execute an unsuccessful or closed pending query result Error: Binder Error: Cardinality can only operate on MAPs
PGA.pos	carrier	OK	Integer:2
PGA.cat	carrier	OK	Array:[1, 2, 3]
PGA.concatop	carrier	OK	Array:[1, 2, 3]
PGA.append	carrier	OK	Array:[1, 2, 3]
PGA.prepend	carrier	OK	Array:[0, 1, 2]
PGA.remove	carrier	ERR	Invalid Input Error: Attempting to execute an unsuccessful or closed pending query result Error: Catalog Error: Scalar Function with name array_remove does not exist! Did you mean "array_reverse"? LINE 1: SELECT array_re...
PGA.replace	carrier	ERR	Invalid Input Error: Attempting to execute an unsuccessful or closed pending query result Error: Catalog Error: Scalar Function with name array_replace does not exist! Did you mean "array_reduce"? LINE 1: SELECT array_re...
PGA.contains	carrier	OK	Boolean:true
PGA.containsop	carrier	OK	Boolean:true
PGA.get	carrier	OK	Integer:20
PGA.slice	carrier	OK	Array:[20, 30]
PGA.dims	carrier	ERR	Invalid Input Error: Attempting to execute an unsuccessful or closed pending query result Error: Catalog Error: Scalar Function with name array_dims does not exist! Did you mean "array_distance"? LINE 1: SELECT array_dim...
PGA.tostr	carrier	OK	String:1,2,3
PGA.fromstr	carrier	OK	Array:[a, b, c]
PGA.unnestord	carrier	OK	Long:3
PGA.jsonagg	carrier	ERR	Invalid Input Error: Attempting to execute an unsuccessful or closed pending query result Error: Catalog Error: Scalar Function with name json_agg does not exist! Did you mean "json"? LINE 1: SELECT json_agg(id ORDER BY ...
PGA.jsonbagg	carrier	ERR	Invalid Input Error: Attempting to execute an unsuccessful or closed pending query result Error: Catalog Error: Scalar Function with name jsonb_agg does not exist! Did you mean "json"? LINE 1: SELECT jsonb_agg(id ORDER B...
PGA.jsonarrelem	carrier	ERR	Invalid Input Error: Attempting to execute an unsuccessful or closed pending query result Error: Catalog Error: Table Function with name json_array_elements does not exist! Did you mean "json_tree"? LINE 1: SELECT count(...
PGA.jsonbarrelem	carrier	ERR	Invalid Input Error: Attempting to execute an unsuccessful or closed pending query result Error: Catalog Error: Table Function with name jsonb_array_elements does not exist! Did you mean "json_tree"? LINE 1: SELECT count...
PGA.jsonarrelemtext	carrier	ERR	Invalid Input Error: Attempting to execute an unsuccessful or closed pending query result Error: Catalog Error: Table Function with name json_array_elements_text does not exist! Did you mean "json_tree"? LINE 1: SELECT c...
PGA.arrtojson	carrier	OK	JsonNode:[1,2,3]
PGA.jsontoarr	carrier	ERR	Invalid Input Error: Attempting to execute an unsuccessful or closed pending query result Error: Catalog Error: Scalar Function with name json_array_elements_text does not exist! Did you mean "json_array_length"? LINE 1:...
PGA.readback	carrier	OK	Array:[a, b]
PGA.readbackint	carrier	OK	Array:[1, 2]
DDA.lit	carrier	OK	Array:[10, 20, 30]
DDA.arraylit	carrier	OK	Array:[10, 20, 30]
DDA.agg	carrier	OK	Array:[1, 2, 3, 4, 5]
DDA.readback	carrier	OK	Array:[a, b]
