TYPE.date.lit	types	OK	Date:2020-01-15
TYPE.date.cast	types	OK	Date:2020-01-15
TYPE.date.castfn	types	OK	Date:2020-01-15
TYPE.date.col	types	OK	Date:2020-01-15
TYPE.date.colnull	types	OK	<null>
TYPE.date.colmax	types	OK	Date:2022-03-20
TYPE.date.colcmp	types	OK	Long:3
TYPE.date.colcmp.txt	types	OK	Long:3
TYPE.date.colorder	types	OK	Date:2019-11-01
TYPE.ts.lit	types	OK	Timestamp:2020-01-15 10:20:30.0
TYPE.ts.frac3	types	OK	Timestamp:2020-01-15 10:20:30.123
TYPE.ts.frac6	types	OK	Timestamp:2020-01-15 10:20:30.123456
TYPE.ts.frac7	types	OK	Timestamp:2020-01-15 10:20:30.123457
TYPE.ts.frac9	types	OK	Timestamp:2020-01-15 10:20:30.123457
TYPE.ts.cast	types	OK	Timestamp:2020-01-15 10:20:30.123456
TYPE.ts.castT	types	OK	Timestamp:2020-01-15 10:20:30.123456
TYPE.ts.fn	types	ERR	ERROR: function datetime(unknown) does not exist Hint: No function matches the given name and argument types. You might need to add explicit type casts. Position: 8
TYPE.tstz.lit	types	OK	Timestamp:2021-01-03 03:20:30.0
TYPE.tstz.lit2	types	OK	Timestamp:2021-01-03 03:20:30.0
TYPE.tstz.cast	types	OK	Timestamp:2021-01-03 03:20:30.0
TYPE.tstz.utc	types	OK	Timestamp:2021-01-03 05:20:30.0
TYPE.time.lit	types	OK	Time:10:20:30
TYPE.time.frac	types	OK	Time:10:20:30
TYPE.time.fn	types	ERR	ERROR: syntax error at or near "'10:20:30'" Position: 13
TYPE.timetz.lit	types	OK	Time:03:20:30
TYPE.ivl.ansi	types	OK	PGInterval:0 years 0 mons 1 days 0 hours 0 mins 0.0 secs
TYPE.ivl.pg	types	OK	PGInterval:0 years 0 mons 1 days 0 hours 0 mins 0.0 secs
TYPE.ivl.compound	types	OK	PGInterval:1 years 2 mons 3 days 0 hours 0 mins 0.0 secs
TYPE.ivl.arith	types	OK	Timestamp:2021-01-04 00:00:00.0
TYPE.ivl.sub	types	OK	Integer:61
TYPE.ivl.subts	types	OK	PGInterval:0 years 0 mons 61 days 0 hours 0 mins 0.0 secs
TYPE.sqlite.typeof.col	types	ERR	ERROR: function typeof(date) does not exist Hint: No function matches the given name and argument types. You might need to add explicit type casts. Position: 8
TYPE.sqlite.typeof.dt	types	ERR	ERROR: function typeof(date) does not exist Hint: No function matches the given name and argument types. You might need to add explicit type casts. Position: 8
TYPE.sqlite.typeof.jd	types	ERR	ERROR: function julianday(unknown) does not exist Hint: No function matches the given name and argument types. You might need to add explicit type casts. Position: 15
TYPE.declared	types	OK	String:date
RT.ddl	roundtrip	OK	<nors>
RT.ins.typed	roundtrip	OK	<nors>
RT.ins.text	roundtrip	OK	<nors>
RT.sel.d	roundtrip	OK	Date:2021-01-03
RT.sel.ts	roundtrip	OK	Timestamp:2021-01-03 10:20:30.123456
RT.sel.tz	roundtrip	OK	Timestamp:2021-01-03 03:20:30.0
RT.sel.s	roundtrip	OK	String:2021-01-03 10:20:30.123456
RT.typeof.d	roundtrip	ERR	ERROR: function typeof(date) does not exist Hint: No function matches the given name and argument types. You might need to add explicit type casts. Position: 8
RT.typeof.ts	roundtrip	ERR	ERROR: function typeof(timestamp without time zone) does not exist Hint: No function matches the given name and argument types. You might need to add explicit type casts. Position: 8
RT.typeof.tz	roundtrip	ERR	ERROR: function typeof(timestamp with time zone) does not exist Hint: No function matches the given name and argument types. You might need to add explicit type casts. Position: 8
RT.eq.text	roundtrip	OK	Long:2
RT.eq.txt2	roundtrip	OK	Long:2
RT.extract.d	roundtrip	OK	Double:2021.0
EXTRACT.year.datepart	extract	OK	Double:2021.0
EXTRACT.year.kw	extract	OK	BigDecimal:2021
EXTRACT.month.datepart	extract	OK	Double:1.0
EXTRACT.month.kw	extract	OK	BigDecimal:1
EXTRACT.day.datepart	extract	OK	Double:3.0
EXTRACT.day.kw	extract	OK	BigDecimal:3
EXTRACT.hour.datepart	extract	OK	Double:10.0
EXTRACT.hour.kw	extract	OK	BigDecimal:10
EXTRACT.minute.datepart	extract	OK	Double:20.0
EXTRACT.minute.kw	extract	OK	BigDecimal:20
EXTRACT.second.datepart	extract	OK	Double:30.123456
EXTRACT.second.kw	extract	OK	BigDecimal:30.123456
EXTRACT.millisecond.datepart	extract	OK	Double:30123.456
EXTRACT.millisecond.kw	extract	OK	BigDecimal:30123.456
EXTRACT.milliseconds.datepart	extract	OK	Double:30123.456
EXTRACT.milliseconds.kw	extract	OK	BigDecimal:30123.456
EXTRACT.microsecond.datepart	extract	OK	Double:3.0123456E7
EXTRACT.microsecond.kw	extract	OK	BigDecimal:30123456
EXTRACT.microseconds.datepart	extract	OK	Double:3.0123456E7
EXTRACT.microseconds.kw	extract	OK	BigDecimal:30123456
EXTRACT.epoch.datepart	extract	OK	Double:1.609669230123456E9
EXTRACT.epoch.kw	extract	OK	BigDecimal:1609669230.123456
EXTRACT.dow.datepart	extract	OK	Double:0.0
EXTRACT.dow.kw	extract	OK	BigDecimal:0
EXTRACT.isodow.datepart	extract	OK	Double:7.0
EXTRACT.isodow.kw	extract	OK	BigDecimal:7
EXTRACT.doy.datepart	extract	OK	Double:3.0
EXTRACT.doy.kw	extract	OK	BigDecimal:3
EXTRACT.week.datepart	extract	OK	Double:53.0
EXTRACT.week.kw	extract	OK	BigDecimal:53
EXTRACT.isoyear.datepart	extract	OK	Double:2020.0
EXTRACT.isoyear.kw	extract	OK	BigDecimal:2020
EXTRACT.quarter.datepart	extract	OK	Double:1.0
EXTRACT.quarter.kw	extract	OK	BigDecimal:1
EXTRACT.decade.datepart	extract	OK	Double:202.0
EXTRACT.decade.kw	extract	OK	BigDecimal:202
EXTRACT.century.datepart	extract	OK	Double:21.0
EXTRACT.century.kw	extract	OK	BigDecimal:21
EXTRACT.millennium.datepart	extract	OK	Double:3.0
EXTRACT.millennium.kw	extract	OK	BigDecimal:3
EXTRACT.era.datepart	extract	ERR	ERROR: unit "era" not recognized for type timestamp without time zone
EXTRACT.era.kw	extract	ERR	ERROR: unit "era" not recognized for type timestamp without time zone
EXTRACT.julian.datepart	extract	OK	Double:2459218.430904207
EXTRACT.julian.kw	extract	OK	BigDecimal:2459218.43090420666666666667
EXTRACT.timezone.datepart	extract	ERR	ERROR: unit "timezone" not supported for type timestamp without time zone
EXTRACT.timezone.kw	extract	ERR	ERROR: unit "timezone" not supported for type timestamp without time zone
EXTRACT.timezone_hour.datepart	extract	ERR	ERROR: unit "timezone_hour" not supported for type timestamp without time zone
EXTRACT.timezone_hour.kw	extract	ERR	ERROR: unit "timezone_hour" not supported for type timestamp without time zone
EXTRACT.timezone_minute.datepart	extract	ERR	ERROR: unit "timezone_minute" not supported for type timestamp without time zone
EXTRACT.timezone_minute.kw	extract	ERR	ERROR: unit "timezone_minute" not supported for type timestamp without time zone
EXTRACT.dayofweek.datepart	extract	ERR	ERROR: unit "dayofweek" not recognized for type timestamp without time zone
EXTRACT.dayofweek.kw	extract	ERR	ERROR: unit "dayofweek" not recognized for type timestamp without time zone
EXTRACT.dayofmonth.datepart	extract	ERR	ERROR: unit "dayofmonth" not recognized for type timestamp without time zone
EXTRACT.dayofmonth.kw	extract	ERR	ERROR: unit "dayofmonth" not recognized for type timestamp without time zone
EXTRACT.dayofyear.datepart	extract	ERR	ERROR: unit "dayofyear" not recognized for type timestamp without time zone
EXTRACT.dayofyear.kw	extract	ERR	ERROR: unit "dayofyear" not recognized for type timestamp without time zone
EXTRACT.weekday.datepart	extract	ERR	ERROR: unit "weekday" not recognized for type timestamp without time zone
EXTRACT.weekday.kw	extract	ERR	ERROR: unit "weekday" not recognized for type timestamp without time zone
EXTRACT.weekofyear.datepart	extract	ERR	ERROR: unit "weekofyear" not recognized for type timestamp without time zone
EXTRACT.weekofyear.kw	extract	ERR	ERROR: unit "weekofyear" not recognized for type timestamp without time zone
EXTRACT.yearweek.datepart	extract	ERR	ERROR: unit "yearweek" not recognized for type timestamp without time zone
EXTRACT.yearweek.kw	extract	ERR	ERROR: unit "yearweek" not recognized for type timestamp without time zone
EXTRACT.week.kwstr	extract	OK	BigDecimal:53
EXTRACT.second.whole	extract	OK	Double:30.0
EXTRACT.epoch.date	extract	OK	Double:1.609632E9
EXTRACT.epoch.kwdate	extract	OK	BigDecimal:1609632000
EXTRACT.dow.mon	extract	OK	Double:1.0
EXTRACT.isodow.mon	extract	OK	Double:1.0
EXTRACT.dow.sat	extract	OK	Double:6.0
EXTRACT.week.mon	extract	OK	Double:1.0
EXTRACT.week.jan1	extract	OK	Double:53.0
EXTRACT.isoyear.jan1	extract	OK	Double:2020.0
EXTRACT.col.year	extract	OK	Double:2020.0
EXTRACT.col.kw	extract	OK	BigDecimal:2020
EXTRACT.year.sqlite	extract	ERR	ERROR: function strftime(unknown, unknown) does not exist Hint: No function matches the given name and argument types. You might need to add explicit type casts. Position: 13
EXTRACT.month.sqlite	extract	ERR	ERROR: function strftime(unknown, unknown) does not exist Hint: No function matches the given name and argument types. You might need to add explicit type casts. Position: 13
EXTRACT.day.sqlite	extract	ERR	ERROR: function strftime(unknown, unknown) does not exist Hint: No function matches the given name and argument types. You might need to add explicit type casts. Position: 13
EXTRACT.hour.sqlite	extract	ERR	ERROR: function strftime(unknown, unknown) does not exist Hint: No function matches the given name and argument types. You might need to add explicit type casts. Position: 13
EXTRACT.minute.sqlite	extract	ERR	ERROR: function strftime(unknown, unknown) does not exist Hint: No function matches the given name and argument types. You might need to add explicit type casts. Position: 13
EXTRACT.second.sqlite	extract	ERR	ERROR: function strftime(unknown, unknown) does not exist Hint: No function matches the given name and argument types. You might need to add explicit type casts. Position: 13
EXTRACT.secondfrac.sqlite	extract	ERR	ERROR: function strftime(unknown, unknown) does not exist Hint: No function matches the given name and argument types. You might need to add explicit type casts. Position: 13
EXTRACT.millisecond.sqlite	extract	ERR	ERROR: function strftime(unknown, unknown) does not exist Hint: No function matches the given name and argument types. You might need to add explicit type casts. Position: 13
EXTRACT.epoch.sqlite	extract	ERR	ERROR: function strftime(unknown, unknown) does not exist Hint: No function matches the given name and argument types. You might need to add explicit type casts. Position: 13
EXTRACT.epochfrac.sqlite	extract	ERR	ERROR: function julianday(unknown) does not exist Hint: No function matches the given name and argument types. You might need to add explicit type casts. Position: 9
EXTRACT.dow.sqlite	extract	ERR	ERROR: function strftime(unknown, unknown) does not exist Hint: No function matches the given name and argument types. You might need to add explicit type casts. Position: 13
EXTRACT.isodow.sqlite	extract	ERR	ERROR: function strftime(unknown, unknown) does not exist Hint: No function matches the given name and argument types. You might need to add explicit type casts. Position: 13
EXTRACT.doy.sqlite	extract	ERR	ERROR: function strftime(unknown, unknown) does not exist Hint: No function matches the given name and argument types. You might need to add explicit type casts. Position: 13
EXTRACT.week.sqlite	extract	ERR	ERROR: function strftime(unknown, unknown) does not exist Hint: No function matches the given name and argument types. You might need to add explicit type casts. Position: 13
EXTRACT.weekU.sqlite	extract	ERR	ERROR: function strftime(unknown, unknown) does not exist Hint: No function matches the given name and argument types. You might need to add explicit type casts. Position: 13
EXTRACT.weekW.sqlite	extract	ERR	ERROR: function strftime(unknown, unknown) does not exist Hint: No function matches the given name and argument types. You might need to add explicit type casts. Position: 13
EXTRACT.isoyear.sqlite	extract	ERR	ERROR: function strftime(unknown, unknown) does not exist Hint: No function matches the given name and argument types. You might need to add explicit type casts. Position: 13
EXTRACT.quarter.sqlite	extract	ERR	ERROR: function strftime(unknown, unknown) does not exist Hint: No function matches the given name and argument types. You might need to add explicit type casts. Position: 14
EXTRACT.decade.sqlite	extract	ERR	ERROR: function strftime(unknown, unknown) does not exist Hint: No function matches the given name and argument types. You might need to add explicit type casts. Position: 13
EXTRACT.century.sqlite	extract	ERR	ERROR: function strftime(unknown, unknown) does not exist Hint: No function matches the given name and argument types. You might need to add explicit type casts. Position: 14
EXTRACT.julian.sqlite	extract	ERR	ERROR: function julianday(unknown) does not exist Hint: No function matches the given name and argument types. You might need to add explicit type casts. Position: 8
EXTRACT.dow.sqlite.mon	extract	ERR	ERROR: function strftime(unknown, unknown) does not exist Hint: No function matches the given name and argument types. You might need to add explicit type casts. Position: 13
EXTRACT.isodow.sqlite.mon	extract	ERR	ERROR: function strftime(unknown, unknown) does not exist Hint: No function matches the given name and argument types. You might need to add explicit type casts. Position: 13
DATE_TRUNC.microseconds.native	trunc	OK	Timestamp:2021-01-03 10:20:30.123456
DATE_TRUNC.milliseconds.native	trunc	OK	Timestamp:2021-01-03 10:20:30.123
DATE_TRUNC.second.native	trunc	OK	Timestamp:2021-01-03 10:20:30.0
DATE_TRUNC.minute.native	trunc	OK	Timestamp:2021-01-03 10:20:00.0
DATE_TRUNC.hour.native	trunc	OK	Timestamp:2021-01-03 10:00:00.0
DATE_TRUNC.day.native	trunc	OK	Timestamp:2021-01-03 00:00:00.0
DATE_TRUNC.week.native	trunc	OK	Timestamp:2020-12-28 00:00:00.0
DATE_TRUNC.month.native	trunc	OK	Timestamp:2021-01-01 00:00:00.0
DATE_TRUNC.quarter.native	trunc	OK	Timestamp:2021-01-01 00:00:00.0
DATE_TRUNC.year.native	trunc	OK	Timestamp:2021-01-01 00:00:00.0
DATE_TRUNC.decade.native	trunc	OK	Timestamp:2020-01-01 00:00:00.0
DATE_TRUNC.century.native	trunc	OK	Timestamp:2001-01-01 00:00:00.0
DATE_TRUNC.millennium.native	trunc	OK	Timestamp:2001-01-01 00:00:00.0
DATE_TRUNC.microsecond.native	trunc	OK	Timestamp:2021-01-03 10:20:30.123456
DATE_TRUNC.millisecond.native	trunc	OK	Timestamp:2021-01-03 10:20:30.123
DATE_TRUNC.isoyear.native	trunc	ERR	ERROR: unit "isoyear" not recognized for type timestamp without time zone
DATE_TRUNC.yearweek.native	trunc	ERR	ERROR: unit "yearweek" not recognized for type timestamp without time zone
DATE_TRUNC.weekday.native	trunc	ERR	ERROR: unit "weekday" not recognized for type timestamp without time zone
DATE_TRUNC.week.mon	trunc	OK	Timestamp:2021-01-04 00:00:00.0
DATE_TRUNC.week.sun	trunc	OK	Timestamp:2020-12-28 00:00:00.0
DATE_TRUNC.date.month	trunc	OK	Timestamp:2021-01-01 00:00:00.0
DATE_TRUNC.ident	trunc	ERR	ERROR: column "month" does not exist Position: 19
DATE_TRUNC.datetrunc	trunc	ERR	ERROR: function datetrunc(unknown, timestamp without time zone) does not exist Hint: No function matches the given name and argument types. You might need to add explicit type casts. Position: 8
DATE_TRUNC.col	trunc	OK	Timestamp:2020-01-01 00:00:00.0
DATE_TRUNC_DAY.cast	trunc	OK	Date:2021-01-03
DATE_TRUNC_DAY.dtrunc	trunc	OK	Timestamp:2021-01-03 00:00:00.0
DATE_TRUNC_DAY.sqlite.date	trunc	OK	Date:2021-01-03
DATE_TRUNC_DAY.sqlite.sod	trunc	ERR	ERROR: function datetime(unknown, unknown) does not exist Hint: No function matches the given name and argument types. You might need to add explicit type casts. Position: 8
DATE_TRUNC.second.sqlite	trunc	ERR	ERROR: function strftime(unknown, unknown) does not exist Hint: No function matches the given name and argument types. You might need to add explicit type casts. Position: 8
DATE_TRUNC.minute.sqlite	trunc	ERR	ERROR: function strftime(unknown, unknown) does not exist Hint: No function matches the given name and argument types. You might need to add explicit type casts. Position: 8
DATE_TRUNC.hour.sqlite	trunc	ERR	ERROR: function strftime(unknown, unknown) does not exist Hint: No function matches the given name and argument types. You might need to add explicit type casts. Position: 8
DATE_TRUNC.day.sqlite	trunc	ERR	ERROR: function datetime(unknown, unknown) does not exist Hint: No function matches the given name and argument types. You might need to add explicit type casts. Position: 8
DATE_TRUNC.month.sqlite	trunc	ERR	ERROR: function datetime(unknown, unknown) does not exist Hint: No function matches the given name and argument types. You might need to add explicit type casts. Position: 8
DATE_TRUNC.year.sqlite	trunc	ERR	ERROR: function datetime(unknown, unknown) does not exist Hint: No function matches the given name and argument types. You might need to add explicit type casts. Position: 8
DATE_TRUNC.week.sqlite	trunc	ERR	ERROR: function datetime(unknown, unknown, unknown) does not exist Hint: No function matches the given name and argument types. You might need to add explicit type casts. Position: 8
DATE_TRUNC.week.sqlite.mon	trunc	ERR	ERROR: function datetime(unknown, unknown, unknown) does not exist Hint: No function matches the given name and argument types. You might need to add explicit type casts. Position: 8
DATE_TRUNC.week.sqlite.alt	trunc	ERR	ERROR: function datetime(unknown, unknown, unknown) does not exist Hint: No function matches the given name and argument types. You might need to add explicit type casts. Position: 8
DATE_TRUNC.quarter.sqlite	trunc	ERR	ERROR: function strftime(unknown, unknown) does not exist Hint: No function matches the given name and argument types. You might need to add explicit type casts. Position: 79
DATE_TRUNC.milli.sqlite	trunc	ERR	ERROR: function strftime(unknown, unknown) does not exist Hint: No function matches the given name and argument types. You might need to add explicit type casts. Position: 8
MAKE_DATE.native	make	OK	Date:2021-01-03
MAKE_DATE.struct	make	ERR	ERROR: syntax error at or near "{" Position: 18
MAKE_DATE.sqlite.printf	make	ERR	ERROR: function printf(unknown, integer, integer, integer) does not exist Hint: No function matches the given name and argument types. You might need to add explicit type casts. Position: 13
MAKE_DATE.sqlite.format	make	ERR	ERROR: unrecognized format() type specifier "d" Hint: For a single "%" use "%%".
MAKE_DATE.sqlite.concat	make	ERR	ERROR: function date(unknown, text, text, text) does not exist Hint: No function matches the given name and argument types. You might need to add explicit type casts. Position: 8
MAKE_DATE.overflow	make	ERR	ERROR: date field value out of range: 2021-02-30
MAKE_TIMESTAMP.6	make	ERR	ERROR: type "double" does not exist Position: 56
MAKE_TIMESTAMP.6plain	make	OK	Timestamp:2021-01-03 10:20:30.5
MAKE_TIMESTAMP.6int	make	OK	Timestamp:2021-01-03 10:20:30.0
MAKE_TIMESTAMP.micros	make	ERR	ERROR: function make_timestamp(bigint) does not exist Hint: No function matches the given name and argument types. You might need to add explicit type casts. Position: 8
MAKE_TIMESTAMP.tz	make	OK	Timestamp:2021-01-03 10:20:30.5
MAKE_TIMESTAMP.sqlite.printf	make	ERR	ERROR: function printf(unknown, integer, integer, integer, integer, integer, integer) does not exist Hint: No function matches the given name and argument types. You might need to add explicit type casts. Position: 17
MAKE_TIMESTAMP.sqlite.frac	make	ERR	ERROR: function printf(unknown, integer, integer, integer, integer, integer, unknown) does not exist Hint: No function matches the given name and argument types. You might need to add explicit type casts. Position: 38
MAKE_INTERVAL.pg	make	OK	PGInterval:0 years 1 mons 0 days 0 hours 0 mins 0.0 secs
MAKE_INTERVAL.named	make	OK	PGInterval:0 years 1 mons 0 days 0 hours 0 mins 0.0 secs
ADD_INTERVAL.to_years.duck	interval	ERR	ERROR: function to_years(integer) does not exist Hint: No function matches the given name and argument types. You might need to add explicit type casts. Position: 49
ADD_INTERVAL.to_months.duck	interval	ERR	ERROR: function to_months(integer) does not exist Hint: No function matches the given name and argument types. You might need to add explicit type casts. Position: 49
ADD_INTERVAL.to_weeks.duck	interval	ERR	ERROR: function to_weeks(integer) does not exist Hint: No function matches the given name and argument types. You might need to add explicit type casts. Position: 49
ADD_INTERVAL.to_days.duck	interval	ERR	ERROR: function to_days(integer) does not exist Hint: No function matches the given name and argument types. You might need to add explicit type casts. Position: 49
ADD_INTERVAL.to_hours.duck	interval	ERR	ERROR: function to_hours(integer) does not exist Hint: No function matches the given name and argument types. You might need to add explicit type casts. Position: 49
ADD_INTERVAL.to_minutes.duck	interval	ERR	ERROR: function to_minutes(integer) does not exist Hint: No function matches the given name and argument types. You might need to add explicit type casts. Position: 49
ADD_INTERVAL.to_seconds.duck	interval	ERR	ERROR: function to_seconds(integer) does not exist Hint: No function matches the given name and argument types. You might need to add explicit type casts. Position: 49
ADD_INTERVAL.to_milliseconds.duck	interval	ERR	ERROR: function to_milliseconds(integer) does not exist Hint: No function matches the given name and argument types. You might need to add explicit type casts. Position: 49
ADD_INTERVAL.to_microseconds.duck	interval	ERR	ERROR: function to_microseconds(integer) does not exist Hint: No function matches the given name and argument types. You might need to add explicit type casts. Position: 49
ADD_INTERVAL.to_decades.duck	interval	ERR	ERROR: function to_decades(integer) does not exist Hint: No function matches the given name and argument types. You might need to add explicit type casts. Position: 49
ADD_INTERVAL.to_centuries.duck	interval	ERR	ERROR: function to_centuries(integer) does not exist Hint: No function matches the given name and argument types. You might need to add explicit type casts. Position: 49
ADD_INTERVAL.to_millennia.duck	interval	ERR	ERROR: function to_millennia(integer) does not exist Hint: No function matches the given name and argument types. You might need to add explicit type casts. Position: 49
ADD_INTERVAL.to_quarters.duck	interval	ERR	ERROR: function to_quarters(integer) does not exist Hint: No function matches the given name and argument types. You might need to add explicit type casts. Position: 49
ADD_INTERVAL.years.lit	interval	OK	Timestamp:2022-01-03 10:20:30.123456
ADD_INTERVAL.years.mkivl	interval	OK	Timestamp:2022-01-03 10:20:30.123456
ADD_INTERVAL.years.cast	interval	OK	Timestamp:2022-01-03 10:20:30.123456
ADD_INTERVAL.years.mul	interval	OK	Timestamp:2022-01-03 10:20:30.123456
ADD_INTERVAL.months.lit	interval	OK	Timestamp:2021-02-03 10:20:30.123456
ADD_INTERVAL.months.mkivl	interval	OK	Timestamp:2021-02-03 10:20:30.123456
ADD_INTERVAL.months.cast	interval	OK	Timestamp:2021-02-03 10:20:30.123456
ADD_INTERVAL.months.mul	interval	OK	Timestamp:2021-02-03 10:20:30.123456
ADD_INTERVAL.weeks.lit	interval	OK	Timestamp:2021-01-10 10:20:30.123456
ADD_INTERVAL.weeks.mkivl	interval	OK	Timestamp:2021-01-10 10:20:30.123456
ADD_INTERVAL.weeks.cast	interval	OK	Timestamp:2021-01-10 10:20:30.123456
ADD_INTERVAL.weeks.mul	interval	OK	Timestamp:2021-01-10 10:20:30.123456
ADD_INTERVAL.days.lit	interval	OK	Timestamp:2021-01-04 10:20:30.123456
ADD_INTERVAL.days.mkivl	interval	OK	Timestamp:2021-01-04 10:20:30.123456
ADD_INTERVAL.days.cast	interval	OK	Timestamp:2021-01-04 10:20:30.123456
ADD_INTERVAL.days.mul	interval	OK	Timestamp:2021-01-04 10:20:30.123456
ADD_INTERVAL.hours.lit	interval	OK	Timestamp:2021-01-03 11:20:30.123456
ADD_INTERVAL.hours.mkivl	interval	OK	Timestamp:2021-01-03 11:20:30.123456
ADD_INTERVAL.hours.cast	interval	OK	Timestamp:2021-01-03 11:20:30.123456
ADD_INTERVAL.hours.mul	interval	OK	Timestamp:2021-01-03 11:20:30.123456
ADD_INTERVAL.minutes.lit	interval	OK	Timestamp:2021-01-03 10:21:30.123456
ADD_INTERVAL.minutes.mkivl	interval	OK	Timestamp:2021-01-03 10:21:30.123456
ADD_INTERVAL.minutes.cast	interval	OK	Timestamp:2021-01-03 10:21:30.123456
ADD_INTERVAL.minutes.mul	interval	OK	Timestamp:2021-01-03 10:21:30.123456
ADD_INTERVAL.seconds.lit	interval	OK	Timestamp:2021-01-03 10:20:31.123456
ADD_INTERVAL.seconds.mkivl	interval	OK	Timestamp:2021-01-03 10:20:31.123456
ADD_INTERVAL.seconds.cast	interval	OK	Timestamp:2021-01-03 10:20:31.123456
ADD_INTERVAL.seconds.mul	interval	OK	Timestamp:2021-01-03 10:20:31.123456
ADD_INTERVAL.ms.lit	interval	OK	Timestamp:2021-01-03 10:20:31.623456
ADD_INTERVAL.us.lit	interval	OK	Timestamp:2021-01-03 10:20:30.123457
ADD_INTERVAL.ms.duck	interval	ERR	ERROR: function to_milliseconds(integer) does not exist Hint: No function matches the given name and argument types. You might need to add explicit type casts. Position: 49
ADD_INTERVAL.us.duck	interval	ERR	ERROR: function to_microseconds(integer) does not exist Hint: No function matches the given name and argument types. You might need to add explicit type casts. Position: 49
ADD_INTERVAL.EDGE.eom.duck	interval	ERR	ERROR: function to_months(integer) does not exist Hint: No function matches the given name and argument types. You might need to add explicit type casts. Position: 28
ADD_INTERVAL.EDGE.eom.lit	interval	OK	Timestamp:2020-02-29 00:00:00.0
ADD_INTERVAL.EDGE.eom.sqlite	interval	ERR	ERROR: function date(unknown, unknown) does not exist Hint: No function matches the given name and argument types. You might need to add explicit type casts. Position: 8
ADD_INTERVAL.EDGE.leap.duck	interval	ERR	ERROR: function to_years(integer) does not exist Hint: No function matches the given name and argument types. You might need to add explicit type casts. Position: 28
ADD_INTERVAL.EDGE.leap.lit	interval	OK	Timestamp:2021-02-28 00:00:00.0
ADD_INTERVAL.EDGE.leap.sqlite	interval	ERR	ERROR: function date(unknown, unknown) does not exist Hint: No function matches the given name and argument types. You might need to add explicit type casts. Position: 8
ADD_INTERVAL.EDGE.negmonth.duck	interval	ERR	ERROR: function to_months(integer) does not exist Hint: No function matches the given name and argument types. You might need to add explicit type casts. Position: 28
ADD_INTERVAL.EDGE.negmonth.lit	interval	OK	Timestamp:2020-02-29 00:00:00.0
ADD_INTERVAL.EDGE.negmonth.sqlite	interval	ERR	ERROR: function date(unknown, unknown) does not exist Hint: No function matches the given name and argument types. You might need to add explicit type casts. Position: 8
SQLITEMOD.00.p1_day	sqlitemod	ERR	ERROR: function datetime(unknown, unknown) does not exist Hint: No function matches the given name and argument types. You might need to add explicit type casts. Position: 8
SQLITEMOD.01.m1_day	sqlitemod	ERR	ERROR: function datetime(unknown, unknown) does not exist Hint: No function matches the given name and argument types. You might need to add explicit type casts. Position: 8
SQLITEMOD.02.p1_month	sqlitemod	ERR	ERROR: function datetime(unknown, unknown) does not exist Hint: No function matches the given name and argument types. You might need to add explicit type casts. Position: 8
SQLITEMOD.03.p1_year	sqlitemod	ERR	ERROR: function datetime(unknown, unknown) does not exist Hint: No function matches the given name and argument types. You might need to add explicit type casts. Position: 8
SQLITEMOD.04.p1_hour	sqlitemod	ERR	ERROR: function datetime(unknown, unknown) does not exist Hint: No function matches the given name and argument types. You might need to add explicit type casts. Position: 8
SQLITEMOD.05.p1_minute	sqlitemod	ERR	ERROR: function datetime(unknown, unknown) does not exist Hint: No function matches the given name and argument types. You might need to add explicit type casts. Position: 8
SQLITEMOD.06.p1_second	sqlitemod	ERR	ERROR: function datetime(unknown, unknown) does not exist Hint: No function matches the given name and argument types. You might need to add explicit type casts. Position: 8
SQLITEMOD.07.p1.5_seconds	sqlitemod	ERR	ERROR: function datetime(unknown, unknown) does not exist Hint: No function matches the given name and argument types. You might need to add explicit type casts. Position: 8
SQLITEMOD.08.p1500_milliseconds	sqlitemod	ERR	ERROR: function datetime(unknown, unknown) does not exist Hint: No function matches the given name and argument types. You might need to add explicit type casts. Position: 8
SQLITEMOD.09.p1_microsecond	sqlitemod	ERR	ERROR: function datetime(unknown, unknown) does not exist Hint: No function matches the given name and argument types. You might need to add explicit type casts. Position: 8
SQLITEMOD.10.p7_days	sqlitemod	ERR	ERROR: function datetime(unknown, unknown) does not exist Hint: No function matches the given name and argument types. You might need to add explicit type casts. Position: 8
SQLITEMOD.11.p10000_days	sqlitemod	ERR	ERROR: function datetime(unknown, unknown) does not exist Hint: No function matches the given name and argument types. You might need to add explicit type casts. Position: 8
SQLITEMOD.12.start_of_month	sqlitemod	ERR	ERROR: function datetime(unknown, unknown) does not exist Hint: No function matches the given name and argument types. You might need to add explicit type casts. Position: 8
SQLITEMOD.13.start_of_year	sqlitemod	ERR	ERROR: function datetime(unknown, unknown) does not exist Hint: No function matches the given name and argument types. You might need to add explicit type casts. Position: 8
SQLITEMOD.14.start_of_day	sqlitemod	ERR	ERROR: function datetime(unknown, unknown) does not exist Hint: No function matches the given name and argument types. You might need to add explicit type casts. Position: 8
SQLITEMOD.15.weekday_0	sqlitemod	ERR	ERROR: function datetime(unknown, unknown) does not exist Hint: No function matches the given name and argument types. You might need to add explicit type casts. Position: 8
SQLITEMOD.16.weekday_1	sqlitemod	ERR	ERROR: function datetime(unknown, unknown) does not exist Hint: No function matches the given name and argument types. You might need to add explicit type casts. Position: 8
SQLITEMOD.17.unixepoch	sqlitemod	ERR	ERROR: function datetime(unknown, unknown) does not exist Hint: No function matches the given name and argument types. You might need to add explicit type casts. Position: 8
SQLITEMOD.18.julianday	sqlitemod	ERR	ERROR: function datetime(unknown, unknown) does not exist Hint: No function matches the given name and argument types. You might need to add explicit type casts. Position: 8
SQLITEMOD.19.auto	sqlitemod	ERR	ERROR: function datetime(unknown, unknown) does not exist Hint: No function matches the given name and argument types. You might need to add explicit type casts. Position: 8
SQLITEMOD.20.localtime	sqlitemod	ERR	ERROR: function datetime(unknown, unknown) does not exist Hint: No function matches the given name and argument types. You might need to add explicit type casts. Position: 8
SQLITEMOD.21.utc	sqlitemod	ERR	ERROR: function datetime(unknown, unknown) does not exist Hint: No function matches the given name and argument types. You might need to add explicit type casts. Position: 8
SQLITEMOD.22.subsec	sqlitemod	ERR	ERROR: function datetime(unknown, unknown) does not exist Hint: No function matches the given name and argument types. You might need to add explicit type casts. Position: 8
SQLITEMOD.23.subsecond	sqlitemod	ERR	ERROR: function datetime(unknown, unknown) does not exist Hint: No function matches the given name and argument types. You might need to add explicit type casts. Position: 8
SQLITEMOD.24.floor	sqlitemod	ERR	ERROR: function datetime(unknown, unknown) does not exist Hint: No function matches the given name and argument types. You might need to add explicit type casts. Position: 8
SQLITEMOD.25.ceiling	sqlitemod	ERR	ERROR: function datetime(unknown, unknown) does not exist Hint: No function matches the given name and argument types. You might need to add explicit type casts. Position: 8
DATE_DIFF.m.eom.duck	diff	ERR	ERROR: function date_diff(unknown, date, date) does not exist Hint: No function matches the given name and argument types. You might need to add explicit type casts. Position: 8
DATE_DIFF.m.eom.datediff	diff	ERR	ERROR: function datediff(unknown, date, date) does not exist Hint: No function matches the given name and argument types. You might need to add explicit type casts. Position: 8
DATE_DIFF.m.eom.pg_age	diff	OK	BigDecimal:0
DATE_DIFF.m.same.duck	diff	ERR	ERROR: function date_diff(unknown, date, date) does not exist Hint: No function matches the given name and argument types. You might need to add explicit type casts. Position: 8
DATE_DIFF.m.same.datediff	diff	ERR	ERROR: function datediff(unknown, date, date) does not exist Hint: No function matches the given name and argument types. You might need to add explicit type casts. Position: 8
DATE_DIFF.m.same.pg_age	diff	OK	BigDecimal:0
DATE_DIFF.m.leap.duck	diff	ERR	ERROR: function date_diff(unknown, date, date) does not exist Hint: No function matches the given name and argument types. You might need to add explicit type casts. Position: 8
DATE_DIFF.m.leap.datediff	diff	ERR	ERROR: function datediff(unknown, date, date) does not exist Hint: No function matches the given name and argument types. You might need to add explicit type casts. Position: 8
DATE_DIFF.m.leap.pg_age	diff	OK	BigDecimal:1
DATE_DIFF.m.neg.duck	diff	ERR	ERROR: function date_diff(unknown, date, date) does not exist Hint: No function matches the given name and argument types. You might need to add explicit type casts. Position: 8
DATE_DIFF.m.neg.datediff	diff	ERR	ERROR: function datediff(unknown, date, date) does not exist Hint: No function matches the given name and argument types. You might need to add explicit type casts. Position: 8
DATE_DIFF.m.neg.pg_age	diff	OK	BigDecimal:-2
DATE_DIFF.m.exact.duck	diff	ERR	ERROR: function date_diff(unknown, date, date) does not exist Hint: No function matches the given name and argument types. You might need to add explicit type casts. Position: 8
DATE_DIFF.m.exact.datediff	diff	ERR	ERROR: function datediff(unknown, date, date) does not exist Hint: No function matches the given name and argument types. You might need to add explicit type casts. Position: 8
DATE_DIFF.m.exact.pg_age	diff	OK	BigDecimal:5
DATE_DIFF.y.newyear.duck	diff	ERR	ERROR: function date_diff(unknown, date, date) does not exist Hint: No function matches the given name and argument types. You might need to add explicit type casts. Position: 8
DATE_DIFF.y.newyear.datediff	diff	ERR	ERROR: function datediff(unknown, date, date) does not exist Hint: No function matches the given name and argument types. You might need to add explicit type casts. Position: 8
DATE_DIFF.y.newyear.pg_age	diff	OK	BigDecimal:0
DATE_DIFF.y.almost.duck	diff	ERR	ERROR: function date_diff(unknown, date, date) does not exist Hint: No function matches the given name and argument types. You might need to add explicit type casts. Position: 8
DATE_DIFF.y.almost.datediff	diff	ERR	ERROR: function datediff(unknown, date, date) does not exist Hint: No function matches the given name and argument types. You might need to add explicit type casts. Position: 8
DATE_DIFF.y.almost.pg_age	diff	OK	BigDecimal:0
DATE_DIFF.d.ts.duck	diff	ERR	ERROR: function date_diff(unknown, timestamp without time zone, timestamp without time zone) does not exist Hint: No function matches the given name and argument types. You might need to add explicit type casts. Position...
DATE_DIFF.d.ts.datediff	diff	ERR	ERROR: function datediff(unknown, timestamp without time zone, timestamp without time zone) does not exist Hint: No function matches the given name and argument types. You might need to add explicit type casts. Position:...
DATE_DIFF.d.ts.pg_age	diff	OK	BigDecimal:0
DATE_DIFF.d.same.duck	diff	ERR	ERROR: function date_diff(unknown, date, date) does not exist Hint: No function matches the given name and argument types. You might need to add explicit type casts. Position: 8
DATE_DIFF.d.same.datediff	diff	ERR	ERROR: function datediff(unknown, date, date) does not exist Hint: No function matches the given name and argument types. You might need to add explicit type casts. Position: 8
DATE_DIFF.d.same.pg_age	diff	OK	BigDecimal:0
DATE_DIFF.d.plain.duck	diff	ERR	ERROR: function date_diff(unknown, date, date) does not exist Hint: No function matches the given name and argument types. You might need to add explicit type casts. Position: 8
DATE_DIFF.d.plain.datediff	diff	ERR	ERROR: function datediff(unknown, date, date) does not exist Hint: No function matches the given name and argument types. You might need to add explicit type casts. Position: 8
DATE_DIFF.d.plain.pg_age	diff	OK	BigDecimal:4
DATE_DIFF.h.cross.duck	diff	ERR	ERROR: function date_diff(unknown, timestamp without time zone, timestamp without time zone) does not exist Hint: No function matches the given name and argument types. You might need to add explicit type casts. Position...
DATE_DIFF.h.cross.datediff	diff	ERR	ERROR: function datediff(unknown, timestamp without time zone, timestamp without time zone) does not exist Hint: No function matches the given name and argument types. You might need to add explicit type casts. Position:...
DATE_DIFF.h.cross.pg_age	diff	OK	BigDecimal:0
DATE_DIFF.s.frac.duck	diff	ERR	ERROR: function date_diff(unknown, timestamp without time zone, timestamp without time zone) does not exist Hint: No function matches the given name and argument types. You might need to add explicit type casts. Position...
DATE_DIFF.s.frac.datediff	diff	ERR	ERROR: function datediff(unknown, timestamp without time zone, timestamp without time zone) does not exist Hint: No function matches the given name and argument types. You might need to add explicit type casts. Position:...
DATE_DIFF.s.frac.pg_age	diff	OK	BigDecimal:0.200000
DATE_DIFF.w.sun2mon.duck	diff	ERR	ERROR: function date_diff(unknown, date, date) does not exist Hint: No function matches the given name and argument types. You might need to add explicit type casts. Position: 8
DATE_DIFF.w.sun2mon.datediff	diff	ERR	ERROR: function datediff(unknown, date, date) does not exist Hint: No function matches the given name and argument types. You might need to add explicit type casts. Position: 8
DATE_DIFF.w.sun2mon.pg_age	diff	OK	BigDecimal:0
DATE_DIFF.q.cross.duck	diff	ERR	ERROR: function date_diff(unknown, date, date) does not exist Hint: No function matches the given name and argument types. You might need to add explicit type casts. Position: 8
DATE_DIFF.q.cross.datediff	diff	ERR	ERROR: function datediff(unknown, date, date) does not exist Hint: No function matches the given name and argument types. You might need to add explicit type casts. Position: 8
DATE_DIFF.q.cross.pg_age	diff	OK	BigDecimal:1
DATE_DIFF.ms.frac.duck	diff	ERR	ERROR: function date_diff(unknown, timestamp without time zone, timestamp without time zone) does not exist Hint: No function matches the given name and argument types. You might need to add explicit type casts. Position...
DATE_DIFF.ms.frac.datediff	diff	ERR	ERROR: function datediff(unknown, timestamp without time zone, timestamp without time zone) does not exist Hint: No function matches the given name and argument types. You might need to add explicit type casts. Position:...
DATE_DIFF.ms.frac.pg_age	diff	OK	BigDecimal:123.456
DATE_DIFF.m.eom.pgb	diff	OK	Integer:1
DATE_DIFF.m.same.pgb	diff	OK	Integer:0
DATE_DIFF.m.leap.pgb	diff	OK	Integer:1
DATE_DIFF.m.neg.pgb	diff	OK	Integer:-14
DATE_DIFF.m.exact.pgb	diff	OK	Integer:17
DATE_DIFF.y.newyear.pgb	diff	OK	Integer:1
DATE_DIFF.y.almost.pgb	diff	OK	Integer:0
DATE_DIFF.d.ts.pgb	diff	OK	Integer:1
DATE_DIFF.d.same.pgb	diff	OK	Integer:0
DATE_DIFF.d.plain.pgb	diff	OK	Integer:64
DATE_DIFF.h.cross.pgb	diff	OK	Long:1
DATE_DIFF.s.frac.pgb	diff	OK	Long:1
DATE_DIFF.w.sun2mon.pgb	diff	OK	Integer:1
DATE_DIFF.q.cross.pgb	diff	OK	Integer:1
DATE_DIFF.ms.frac.pgb	diff	OK	Long:123
DATE_DIFF.d.ts.pgnaive	diff	OK	BigDecimal:0
DATE_DIFF.m.eom.sqlite	diff	ERR	ERROR: function strftime(unknown, unknown) does not exist Hint: No function matches the given name and argument types. You might need to add explicit type casts. Position: 14
DATE_DIFF.y.newyear.sqlite	diff	ERR	ERROR: function strftime(unknown, unknown) does not exist Hint: No function matches the given name and argument types. You might need to add explicit type casts. Position: 13
DATE_DIFF.d.ts.sqlite	diff	ERR	ERROR: function julianday(date) does not exist Hint: No function matches the given name and argument types. You might need to add explicit type casts. Position: 13
DATE_DIFF.d.plain.sqlite	diff	ERR	ERROR: function julianday(unknown) does not exist Hint: No function matches the given name and argument types. You might need to add explicit type casts. Position: 13
DATE_DIFF.d.naive.sqlite	diff	ERR	ERROR: function julianday(unknown) does not exist Hint: No function matches the given name and argument types. You might need to add explicit type casts. Position: 13
DATE_DIFF.h.cross.sqlite	diff	ERR	ERROR: function strftime(unknown, unknown) does not exist Hint: No function matches the given name and argument types. You might need to add explicit type casts. Position: 24
DATE_DIFF.s.frac.sqlite	diff	ERR	ERROR: function unixepoch(unknown) does not exist Hint: No function matches the given name and argument types. You might need to add explicit type casts. Position: 8
DATE_DIFF.s.strftime.sqlite	diff	ERR	ERROR: function strftime(unknown, unknown) does not exist Hint: No function matches the given name and argument types. You might need to add explicit type casts. Position: 13
DATE_DIFF.timediff.sqlite	diff	ERR	ERROR: function timediff(unknown, unknown) does not exist Hint: No function matches the given name and argument types. You might need to add explicit type casts. Position: 8
DATE_DIFF.timediff.exists	diff	ERR	ERROR: function timediff(unknown, unknown) does not exist Hint: No function matches the given name and argument types. You might need to add explicit type casts. Position: 8
DATE_DIFF.unixepoch.exists	diff	ERR	ERROR: function unixepoch(unknown) does not exist Hint: No function matches the given name and argument types. You might need to add explicit type casts. Position: 8
DATE_DIFF.pg.datediff	diff	ERR	ERROR: function date_diff(unknown, date, date) does not exist Hint: No function matches the given name and argument types. You might need to add explicit type casts. Position: 8
DATE_DIFF.pg.age	diff	OK	PGInterval:1 years 5 mons 15 days 0 hours 0 mins 0.0 secs
DATE_DIFF.pg.agefmt	diff	OK	PGInterval:0 years 0 mons 1 days 0 hours 0 mins 0.0 secs
TIME_BUCKET.days.duck	bucket	ERR	ERROR: function to_days(integer) does not exist Hint: No function matches the given name and argument types. You might need to add explicit type casts. Position: 20
TIME_BUCKET.weeks.duck	bucket	ERR	ERROR: function to_weeks(integer) does not exist Hint: No function matches the given name and argument types. You might need to add explicit type casts. Position: 20
TIME_BUCKET.months.duck	bucket	ERR	ERROR: function to_months(integer) does not exist Hint: No function matches the given name and argument types. You might need to add explicit type casts. Position: 20
TIME_BUCKET.hours.duck	bucket	ERR	ERROR: function to_hours(integer) does not exist Hint: No function matches the given name and argument types. You might need to add explicit type casts. Position: 20
TIME_BUCKET.days.datebin	bucket	OK	Timestamp:2021-01-03 00:00:00.0
TIME_BUCKET.weeks.datebin	bucket	OK	Timestamp:2020-12-28 00:00:00.0
TIME_BUCKET.months.datebin	bucket	ERR	ERROR: timestamps cannot be binned into intervals containing months or years
TIME_BUCKET.hours.datebin	bucket	OK	Timestamp:2021-01-03 08:00:00.0
TIME_BUCKET.months.pgcalc	bucket	OK	Timestamp:2021-01-01 00:00:00.0
TIME_BUCKET.days.sqlite	bucket	ERR	ERROR: function unixepoch(unknown) does not exist Hint: No function matches the given name and argument types. You might need to add explicit type casts. Position: 18
TIME_BUCKET.weeks.sqlite	bucket	ERR	ERROR: function unixepoch(unknown) does not exist Hint: No function matches the given name and argument types. You might need to add explicit type casts. Position: 19
TIME_BUCKET.months.sqlite	bucket	ERR	ERROR: function strftime(unknown, unknown) does not exist Hint: No function matches the given name and argument types. You might need to add explicit type casts. Position: 46
TZ.fn.duck	tz	OK	Timestamp:2021-01-03 10:20:30.123456
TZ.fn.tstz	tz	OK	Timestamp:2021-01-03 05:20:30.0
TZ.at.ts	tz	OK	Timestamp:2021-01-03 10:20:30.123456
TZ.at.tstz	tz	OK	Timestamp:2021-01-03 05:20:30.0
TZ.at.utc	tz	OK	Timestamp:2021-01-03 05:20:30.123456
TZ.at.gmt	tz	OK	Timestamp:2021-01-03 05:20:30.123456
TZ.roundtrip	tz	OK	Timestamp:2021-01-03 10:20:30.123456
TZ.show	tz	OK	String:America/New_York
TZ.cursetting	tz	OK	String:America/New_York
TZ.duckset	tz	OK	String:America/New_York
TZ.cast.tstz2ts	tz	OK	Timestamp:2021-01-03 05:20:30.0
TZ.cast.ts2tstz	tz	OK	Timestamp:2021-01-03 10:20:30.123456
TZ.now.tstz	tz	OK	String:2026-07-31 15:54:42.286534-04
TZ.sqlite.utc	tz	ERR	ERROR: function datetime(unknown, unknown) does not exist Hint: No function matches the given name and argument types. You might need to add explicit type casts. Position: 8
TZ.sqlite.local	tz	ERR	ERROR: function datetime(unknown, unknown) does not exist Hint: No function matches the given name and argument types. You might need to add explicit type casts. Position: 8
TZ.sqlite.named	tz	ERR	ERROR: function datetime(unknown, unknown) does not exist Hint: No function matches the given name and argument types. You might need to add explicit type casts. Position: 8
EPOCH_SECONDS.duck	epoch	ERR	ERROR: function epoch(timestamp without time zone) does not exist Hint: No function matches the given name and argument types. You might need to add explicit type casts. Position: 8
EPOCH_SECONDS.duckfrac	epoch	ERR	ERROR: function epoch(timestamp without time zone) does not exist Hint: No function matches the given name and argument types. You might need to add explicit type casts. Position: 8
EPOCH_SECONDS.extract	epoch	OK	BigDecimal:1609669230.000000
EPOCH_SECONDS.extractfrac	epoch	OK	BigDecimal:1609669230.123456
EPOCH_SECONDS.extractint	epoch	OK	Long:1609669230
EPOCH_SECONDS.sqlite.unixepoch	epoch	ERR	ERROR: function unixepoch(unknown) does not exist Hint: No function matches the given name and argument types. You might need to add explicit type casts. Position: 8
EPOCH_SECONDS.sqlite.strftime	epoch	ERR	ERROR: function strftime(unknown, unknown) does not exist Hint: No function matches the given name and argument types. You might need to add explicit type casts. Position: 13
EPOCH_SECONDS.sqlite.subsec	epoch	ERR	ERROR: function unixepoch(unknown, unknown) does not exist Hint: No function matches the given name and argument types. You might need to add explicit type casts. Position: 8
EPOCH_MS.duck	epoch	ERR	ERROR: function epoch_ms(timestamp without time zone) does not exist Hint: No function matches the given name and argument types. You might need to add explicit type casts. Position: 8
EPOCH_MS.duck2	epoch	ERR	ERROR: function epoch_ms(timestamp without time zone) does not exist Hint: No function matches the given name and argument types. You might need to add explicit type casts. Position: 8
EPOCH_MS.pg	epoch	OK	Long:1609669230123
EPOCH_MS.pg.floor	epoch	OK	Long:1609669230123
EPOCH_MS.sqlite	epoch	ERR	ERROR: function unixepoch(unknown, unknown) does not exist Hint: No function matches the given name and argument types. You might need to add explicit type casts. Position: 13
EPOCH_US.duck	epoch	ERR	ERROR: function epoch_us(timestamp without time zone) does not exist Hint: No function matches the given name and argument types. You might need to add explicit type casts. Position: 8
EPOCH_NS.duck	epoch	ERR	ERROR: function epoch_ns(timestamp without time zone) does not exist Hint: No function matches the given name and argument types. You might need to add explicit type casts. Position: 8
FROM_EPOCH_SECONDS.native	epoch	OK	Timestamp:2021-01-03 05:20:30.0
FROM_EPOCH_SECONDS.frac	epoch	OK	Timestamp:2021-01-03 05:20:30.123456
FROM_EPOCH_SECONDS.pgcast	epoch	OK	Timestamp:2021-01-03 05:20:30.0
FROM_EPOCH_SECONDS.pgivl	epoch	OK	Timestamp:2021-01-03 10:20:30.0
FROM_EPOCH_SECONDS.sqlite	epoch	ERR	ERROR: function datetime(integer, unknown) does not exist Hint: No function matches the given name and argument types. You might need to add explicit type casts. Position: 8
FROM_EPOCH_MS.duck	epoch	ERR	ERROR: function epoch_ms(bigint) does not exist Hint: No function matches the given name and argument types. You might need to add explicit type casts. Position: 8
FROM_EPOCH_MS.pgdiv	epoch	OK	Timestamp:2021-01-03 05:20:30.123
FROM_EPOCH_MS.pgivl	epoch	OK	Timestamp:2021-01-03 10:20:30.123
FROM_EPOCH_MS.sqlite	epoch	ERR	ERROR: function datetime(numeric, unknown, unknown) does not exist Hint: No function matches the given name and argument types. You might need to add explicit type casts. Position: 8
FROM_EPOCH_MS.sqlite2	epoch	ERR	ERROR: function strftime(unknown, numeric, unknown) does not exist Hint: No function matches the given name and argument types. You might need to add explicit type casts. Position: 8
DAYNAME.native	names	ERR	ERROR: function dayname(date) does not exist Hint: No function matches the given name and argument types. You might need to add explicit type casts. Position: 8
DAYNAME.pg.day	names	OK	String:Sunday
DAYNAME.pg.fmday	names	OK	String:Sunday
DAYNAME.pg.rtrim	names	OK	String:Sunday
DAYNAME.pg.dy	names	OK	String:Sun
DAYNAME.sqlite.strftime	names	ERR	ERROR: function strftime(unknown, unknown) does not exist Hint: No function matches the given name and argument types. You might need to add explicit type casts. Position: 8
DAYNAME.sqlite.case	names	ERR	ERROR: function strftime(unknown, unknown) does not exist Hint: No function matches the given name and argument types. You might need to add explicit type casts. Position: 18
MONTHNAME.native	names	ERR	ERROR: function monthname(date) does not exist Hint: No function matches the given name and argument types. You might need to add explicit type casts. Position: 8
MONTHNAME.pg.month	names	OK	String:January
MONTHNAME.pg.fmmonth	names	OK	String:January
MONTHNAME.pg.rtrim	names	OK	String:January
MONTHNAME.pg.mon	names	OK	String:Jan
MONTHNAME.sqlite.strftime	names	ERR	ERROR: function strftime(unknown, unknown) does not exist Hint: No function matches the given name and argument types. You might need to add explicit type casts. Position: 8
MONTHNAME.sqlite.case	names	ERR	ERROR: function strftime(unknown, unknown) does not exist Hint: No function matches the given name and argument types. You might need to add explicit type casts. Position: 18
NAMES.pg.locale	names	OK	String:Sunday
NAMES.pg.lc_time	names	OK	String:en_US.UTF-8
STRFTIME.duck	fmt	ERR	ERROR: function strftime(timestamp without time zone, unknown) does not exist Hint: No function matches the given name and argument types. You might need to add explicit type casts. Position: 8
STRFTIME.revargs	fmt	ERR	ERROR: function strftime(unknown, timestamp without time zone) does not exist Hint: No function matches the given name and argument types. You might need to add explicit type casts. Position: 8
STRFTIME.sqlite	fmt	ERR	ERROR: function strftime(unknown, unknown) does not exist Hint: No function matches the given name and argument types. You might need to add explicit type casts. Position: 8
STRFTIME.sqlite.rev	fmt	ERR	ERROR: function strftime(unknown, unknown) does not exist Hint: No function matches the given name and argument types. You might need to add explicit type casts. Position: 8
STRFTIME.pg.tochar	fmt	OK	String:2021-01-03
STRPTIME.duck	fmt	ERR	ERROR: function strptime(unknown, unknown) does not exist Hint: No function matches the given name and argument types. You might need to add explicit type casts. Position: 8
STRPTIME.duck.ts	fmt	ERR	ERROR: function strptime(unknown, unknown) does not exist Hint: No function matches the given name and argument types. You might need to add explicit type casts. Position: 8
STRPTIME.pg	fmt	OK	Timestamp:2021-01-03 00:00:00.0
STRPTIME.pg.ts	fmt	OK	Timestamp:2021-01-03 10:20:30.123456
STRPTIME.sqlite	fmt	ERR	ERROR: function datetime(unknown) does not exist Hint: No function matches the given name and argument types. You might need to add explicit type casts. Position: 8
STRPTIME.sqlite.strict	fmt	ERR	ERROR: function datetime(unknown) does not exist Hint: No function matches the given name and argument types. You might need to add explicit type casts. Position: 8
FMTCODE.duck.00.pctY	fmtcode	ERR	ERROR: function strftime(timestamp without time zone, unknown) does not exist Hint: No function matches the given name and argument types. You might need to add explicit type casts. Position: 8
FMTCODE.sqlite.00.pctY	fmtcode	ERR	ERROR: function strftime(unknown, unknown) does not exist Hint: No function matches the given name and argument types. You might need to add explicit type casts. Position: 8
FMTCODE.duck.01.pctm	fmtcode	ERR	ERROR: function strftime(timestamp without time zone, unknown) does not exist Hint: No function matches the given name and argument types. You might need to add explicit type casts. Position: 8
FMTCODE.sqlite.01.pctm	fmtcode	ERR	ERROR: function strftime(unknown, unknown) does not exist Hint: No function matches the given name and argument types. You might need to add explicit type casts. Position: 8
FMTCODE.duck.02.pctd	fmtcode	ERR	ERROR: function strftime(timestamp without time zone, unknown) does not exist Hint: No function matches the given name and argument types. You might need to add explicit type casts. Position: 8
FMTCODE.sqlite.02.pctd	fmtcode	ERR	ERROR: function strftime(unknown, unknown) does not exist Hint: No function matches the given name and argument types. You might need to add explicit type casts. Position: 8
FMTCODE.duck.03.pctH	fmtcode	ERR	ERROR: function strftime(timestamp without time zone, unknown) does not exist Hint: No function matches the given name and argument types. You might need to add explicit type casts. Position: 8
FMTCODE.sqlite.03.pctH	fmtcode	ERR	ERROR: function strftime(unknown, unknown) does not exist Hint: No function matches the given name and argument types. You might need to add explicit type casts. Position: 8
FMTCODE.duck.04.pctM	fmtcode	ERR	ERROR: function strftime(timestamp without time zone, unknown) does not exist Hint: No function matches the given name and argument types. You might need to add explicit type casts. Position: 8
FMTCODE.sqlite.04.pctM	fmtcode	ERR	ERROR: function strftime(unknown, unknown) does not exist Hint: No function matches the given name and argument types. You might need to add explicit type casts. Position: 8
FMTCODE.duck.05.pctS	fmtcode	ERR	ERROR: function strftime(timestamp without time zone, unknown) does not exist Hint: No function matches the given name and argument types. You might need to add explicit type casts. Position: 8
FMTCODE.sqlite.05.pctS	fmtcode	ERR	ERROR: function strftime(unknown, unknown) does not exist Hint: No function matches the given name and argument types. You might need to add explicit type casts. Position: 8
FMTCODE.duck.06.pctf	fmtcode	ERR	ERROR: function strftime(timestamp without time zone, unknown) does not exist Hint: No function matches the given name and argument types. You might need to add explicit type casts. Position: 8
FMTCODE.sqlite.06.pctf	fmtcode	ERR	ERROR: function strftime(unknown, unknown) does not exist Hint: No function matches the given name and argument types. You might need to add explicit type casts. Position: 8
FMTCODE.duck.07.pctg	fmtcode	ERR	ERROR: function strftime(timestamp without time zone, unknown) does not exist Hint: No function matches the given name and argument types. You might need to add explicit type casts. Position: 8
FMTCODE.sqlite.07.pctg	fmtcode	ERR	ERROR: function strftime(unknown, unknown) does not exist Hint: No function matches the given name and argument types. You might need to add explicit type casts. Position: 8
FMTCODE.duck.08.pctb	fmtcode	ERR	ERROR: function strftime(timestamp without time zone, unknown) does not exist Hint: No function matches the given name and argument types. You might need to add explicit type casts. Position: 8
FMTCODE.sqlite.08.pctb	fmtcode	ERR	ERROR: function strftime(unknown, unknown) does not exist Hint: No function matches the given name and argument types. You might need to add explicit type casts. Position: 8
FMTCODE.duck.09.pctB	fmtcode	ERR	ERROR: function strftime(timestamp without time zone, unknown) does not exist Hint: No function matches the given name and argument types. You might need to add explicit type casts. Position: 8
FMTCODE.sqlite.09.pctB	fmtcode	ERR	ERROR: function strftime(unknown, unknown) does not exist Hint: No function matches the given name and argument types. You might need to add explicit type casts. Position: 8
FMTCODE.duck.10.pctA	fmtcode	ERR	ERROR: function strftime(timestamp without time zone, unknown) does not exist Hint: No function matches the given name and argument types. You might need to add explicit type casts. Position: 8
FMTCODE.sqlite.10.pctA	fmtcode	ERR	ERROR: function strftime(unknown, unknown) does not exist Hint: No function matches the given name and argument types. You might need to add explicit type casts. Position: 8
FMTCODE.duck.11.pcta	fmtcode	ERR	ERROR: function strftime(timestamp without time zone, unknown) does not exist Hint: No function matches the given name and argument types. You might need to add explicit type casts. Position: 8
FMTCODE.sqlite.11.pcta	fmtcode	ERR	ERROR: function strftime(unknown, unknown) does not exist Hint: No function matches the given name and argument types. You might need to add explicit type casts. Position: 8
FMTCODE.duck.12.pctI	fmtcode	ERR	ERROR: function strftime(timestamp without time zone, unknown) does not exist Hint: No function matches the given name and argument types. You might need to add explicit type casts. Position: 8
FMTCODE.sqlite.12.pctI	fmtcode	ERR	ERROR: function strftime(unknown, unknown) does not exist Hint: No function matches the given name and argument types. You might need to add explicit type casts. Position: 8
FMTCODE.duck.13.pctmI	fmtcode	ERR	ERROR: function strftime(timestamp without time zone, unknown) does not exist Hint: No function matches the given name and argument types. You might need to add explicit type casts. Position: 8
FMTCODE.sqlite.13.pctmI	fmtcode	ERR	ERROR: function strftime(unknown, unknown) does not exist Hint: No function matches the given name and argument types. You might need to add explicit type casts. Position: 8
FMTCODE.duck.14.pctp	fmtcode	ERR	ERROR: function strftime(timestamp without time zone, unknown) does not exist Hint: No function matches the given name and argument types. You might need to add explicit type casts. Position: 8
FMTCODE.sqlite.14.pctp	fmtcode	ERR	ERROR: function strftime(unknown, unknown) does not exist Hint: No function matches the given name and argument types. You might need to add explicit type casts. Position: 8
FMTCODE.duck.15.pctj	fmtcode	ERR	ERROR: function strftime(timestamp without time zone, unknown) does not exist Hint: No function matches the given name and argument types. You might need to add explicit type casts. Position: 8
FMTCODE.sqlite.15.pctj	fmtcode	ERR	ERROR: function strftime(unknown, unknown) does not exist Hint: No function matches the given name and argument types. You might need to add explicit type casts. Position: 8
FMTCODE.duck.16.pctw	fmtcode	ERR	ERROR: function strftime(timestamp without time zone, unknown) does not exist Hint: No function matches the given name and argument types. You might need to add explicit type casts. Position: 8
FMTCODE.sqlite.16.pctw	fmtcode	ERR	ERROR: function strftime(unknown, unknown) does not exist Hint: No function matches the given name and argument types. You might need to add explicit type casts. Position: 8
FMTCODE.duck.17.pctu	fmtcode	ERR	ERROR: function strftime(timestamp without time zone, unknown) does not exist Hint: No function matches the given name and argument types. You might need to add explicit type casts. Position: 8
FMTCODE.sqlite.17.pctu	fmtcode	ERR	ERROR: function strftime(unknown, unknown) does not exist Hint: No function matches the given name and argument types. You might need to add explicit type casts. Position: 8
FMTCODE.duck.18.pctV	fmtcode	ERR	ERROR: function strftime(timestamp without time zone, unknown) does not exist Hint: No function matches the given name and argument types. You might need to add explicit type casts. Position: 8
FMTCODE.sqlite.18.pctV	fmtcode	ERR	ERROR: function strftime(unknown, unknown) does not exist Hint: No function matches the given name and argument types. You might need to add explicit type casts. Position: 8
FMTCODE.duck.19.pctG	fmtcode	ERR	ERROR: function strftime(timestamp without time zone, unknown) does not exist Hint: No function matches the given name and argument types. You might need to add explicit type casts. Position: 8
FMTCODE.sqlite.19.pctG	fmtcode	ERR	ERROR: function strftime(unknown, unknown) does not exist Hint: No function matches the given name and argument types. You might need to add explicit type casts. Position: 8
FMTCODE.duck.20.pctU	fmtcode	ERR	ERROR: function strftime(timestamp without time zone, unknown) does not exist Hint: No function matches the given name and argument types. You might need to add explicit type casts. Position: 8
FMTCODE.sqlite.20.pctU	fmtcode	ERR	ERROR: function strftime(unknown, unknown) does not exist Hint: No function matches the given name and argument types. You might need to add explicit type casts. Position: 8
FMTCODE.duck.21.pctW	fmtcode	ERR	ERROR: function strftime(timestamp without time zone, unknown) does not exist Hint: No function matches the given name and argument types. You might need to add explicit type casts. Position: 8
FMTCODE.sqlite.21.pctW	fmtcode	ERR	ERROR: function strftime(unknown, unknown) does not exist Hint: No function matches the given name and argument types. You might need to add explicit type casts. Position: 8
FMTCODE.duck.22.pcts	fmtcode	ERR	ERROR: function strftime(timestamp without time zone, unknown) does not exist Hint: No function matches the given name and argument types. You might need to add explicit type casts. Position: 8
FMTCODE.sqlite.22.pcts	fmtcode	ERR	ERROR: function strftime(unknown, unknown) does not exist Hint: No function matches the given name and argument types. You might need to add explicit type casts. Position: 8
FMTCODE.duck.23.pcte	fmtcode	ERR	ERROR: function strftime(timestamp without time zone, unknown) does not exist Hint: No function matches the given name and argument types. You might need to add explicit type casts. Position: 8
FMTCODE.sqlite.23.pcte	fmtcode	ERR	ERROR: function strftime(unknown, unknown) does not exist Hint: No function matches the given name and argument types. You might need to add explicit type casts. Position: 8
FMTCODE.duck.24.pctF	fmtcode	ERR	ERROR: function strftime(timestamp without time zone, unknown) does not exist Hint: No function matches the given name and argument types. You might need to add explicit type casts. Position: 8
FMTCODE.sqlite.24.pctF	fmtcode	ERR	ERROR: function strftime(unknown, unknown) does not exist Hint: No function matches the given name and argument types. You might need to add explicit type casts. Position: 8
FMTCODE.duck.25.pctT	fmtcode	ERR	ERROR: function strftime(timestamp without time zone, unknown) does not exist Hint: No function matches the given name and argument types. You might need to add explicit type casts. Position: 8
FMTCODE.sqlite.25.pctT	fmtcode	ERR	ERROR: function strftime(unknown, unknown) does not exist Hint: No function matches the given name and argument types. You might need to add explicit type casts. Position: 8
FMTCODE.duck.26.pctR	fmtcode	ERR	ERROR: function strftime(timestamp without time zone, unknown) does not exist Hint: No function matches the given name and argument types. You might need to add explicit type casts. Position: 8
FMTCODE.sqlite.26.pctR	fmtcode	ERR	ERROR: function strftime(unknown, unknown) does not exist Hint: No function matches the given name and argument types. You might need to add explicit type casts. Position: 8
FMTCODE.duck.27.pctk	fmtcode	ERR	ERROR: function strftime(timestamp without time zone, unknown) does not exist Hint: No function matches the given name and argument types. You might need to add explicit type casts. Position: 8
FMTCODE.sqlite.27.pctk	fmtcode	ERR	ERROR: function strftime(unknown, unknown) does not exist Hint: No function matches the given name and argument types. You might need to add explicit type casts. Position: 8
FMTCODE.duck.28.pctl	fmtcode	ERR	ERROR: function strftime(timestamp without time zone, unknown) does not exist Hint: No function matches the given name and argument types. You might need to add explicit type casts. Position: 8
FMTCODE.sqlite.28.pctl	fmtcode	ERR	ERROR: function strftime(unknown, unknown) does not exist Hint: No function matches the given name and argument types. You might need to add explicit type casts. Position: 8
FMTCODE.duck.29.pctP	fmtcode	ERR	ERROR: function strftime(timestamp without time zone, unknown) does not exist Hint: No function matches the given name and argument types. You might need to add explicit type casts. Position: 8
FMTCODE.sqlite.29.pctP	fmtcode	ERR	ERROR: function strftime(unknown, unknown) does not exist Hint: No function matches the given name and argument types. You might need to add explicit type casts. Position: 8
FMTCODE.duck.30.pctc	fmtcode	ERR	ERROR: function strftime(timestamp without time zone, unknown) does not exist Hint: No function matches the given name and argument types. You might need to add explicit type casts. Position: 8
FMTCODE.sqlite.30.pctc	fmtcode	ERR	ERROR: function strftime(unknown, unknown) does not exist Hint: No function matches the given name and argument types. You might need to add explicit type casts. Position: 8
FMTCODE.duck.31.pctn	fmtcode	ERR	ERROR: function strftime(timestamp without time zone, unknown) does not exist Hint: No function matches the given name and argument types. You might need to add explicit type casts. Position: 8
FMTCODE.sqlite.31.pctn	fmtcode	ERR	ERROR: function strftime(unknown, unknown) does not exist Hint: No function matches the given name and argument types. You might need to add explicit type casts. Position: 8
FMTCODE.duck.32.pctpct	fmtcode	ERR	ERROR: function strftime(timestamp without time zone, unknown) does not exist Hint: No function matches the given name and argument types. You might need to add explicit type casts. Position: 8
FMTCODE.sqlite.32.pctpct	fmtcode	ERR	ERROR: function strftime(unknown, unknown) does not exist Hint: No function matches the given name and argument types. You might need to add explicit type casts. Position: 8
FMTCODE.duck.33.pctJ	fmtcode	ERR	ERROR: function strftime(timestamp without time zone, unknown) does not exist Hint: No function matches the given name and argument types. You might need to add explicit type casts. Position: 8
FMTCODE.sqlite.33.pctJ	fmtcode	ERR	ERROR: function strftime(unknown, unknown) does not exist Hint: No function matches the given name and argument types. You might need to add explicit type casts. Position: 8
FMTCODE.duck.34.pcty	fmtcode	ERR	ERROR: function strftime(timestamp without time zone, unknown) does not exist Hint: No function matches the given name and argument types. You might need to add explicit type casts. Position: 8
FMTCODE.sqlite.34.pcty	fmtcode	ERR	ERROR: function strftime(unknown, unknown) does not exist Hint: No function matches the given name and argument types. You might need to add explicit type casts. Position: 8
FMTCODE.duck.35.pctZ	fmtcode	ERR	ERROR: function strftime(timestamp without time zone, unknown) does not exist Hint: No function matches the given name and argument types. You might need to add explicit type casts. Position: 8
FMTCODE.sqlite.35.pctZ	fmtcode	ERR	ERROR: function strftime(unknown, unknown) does not exist Hint: No function matches the given name and argument types. You might need to add explicit type casts. Position: 8
FMTCODE.duck.36.pctz	fmtcode	ERR	ERROR: function strftime(timestamp without time zone, unknown) does not exist Hint: No function matches the given name and argument types. You might need to add explicit type casts. Position: 8
FMTCODE.sqlite.36.pctz	fmtcode	ERR	ERROR: function strftime(unknown, unknown) does not exist Hint: No function matches the given name and argument types. You might need to add explicit type casts. Position: 8
FMTPG.00.YYYY	fmtcode	OK	String:2021
FMTPG.01.MM	fmtcode	OK	String:01
FMTPG.02.DD	fmtcode	OK	String:03
FMTPG.03.HH24	fmtcode	OK	String:10
FMTPG.04.MI	fmtcode	OK	String:20
FMTPG.05.SS	fmtcode	OK	String:30
FMTPG.06.US	fmtcode	OK	String:123456
FMTPG.07.MS	fmtcode	OK	String:123
FMTPG.08.FF6	fmtcode	OK	String:123456
FMTPG.09.Mon	fmtcode	OK	String:Jan
FMTPG.10.Month	fmtcode	OK	String:January
FMTPG.11.FMMonth	fmtcode	OK	String:January
FMTPG.12.Day	fmtcode	OK	String:Sunday
FMTPG.13.FMDay	fmtcode	OK	String:Sunday
FMTPG.14.Dy	fmtcode	OK	String:Sun
FMTPG.15.HH12	fmtcode	OK	String:10
FMTPG.16.FMHH12	fmtcode	OK	String:10
FMTPG.17.AM	fmtcode	OK	String:AM
FMTPG.18.am	fmtcode	OK	String:am
FMTPG.19.DDD	fmtcode	OK	String:003
FMTPG.20.D	fmtcode	OK	String:1
FMTPG.21.ID	fmtcode	OK	String:7
FMTPG.22.IW	fmtcode	OK	String:53
FMTPG.23.IYYY	fmtcode	OK	String:2020
FMTPG.24.WW	fmtcode	OK	String:01
FMTPG.25.Q	fmtcode	OK	String:1
FMTPG.26.TZ	fmtcode	OK	String:
FMTPG.27.OF	fmtcode	OK	String:+00
FMT.isopure.duck	fmt	ERR	ERROR: function strftime(timestamp without time zone, unknown) does not exist Hint: No function matches the given name and argument types. You might need to add explicit type casts. Position: 8
FMT.isopure.pg	fmt	OK	String:2021-01-03T10:20:30.123456
FMT.isomicro.duck	fmt	ERR	ERROR: function strftime(timestamp without time zone, unknown) does not exist Hint: No function matches the given name and argument types. You might need to add explicit type casts. Position: 8
FMT.isolocal.sqlite	fmt	ERR	ERROR: function strftime(unknown, unknown) does not exist Hint: No function matches the given name and argument types. You might need to add explicit type casts. Position: 8
FMT.isomicro.sqlite	fmt	ERR	ERROR: function strftime(unknown, unknown) does not exist Hint: No function matches the given name and argument types. You might need to add explicit type casts. Position: 8
TODAY.currentdate	now	OK	Date:2026-07-31
TODAY.currentdate2	now	OK	Date:2026-07-31
TODAY.fn	now	ERR	ERROR: syntax error at or near "(" Position: 20
TODAY.today	now	ERR	ERROR: function today() does not exist Hint: No function matches the given name and argument types. You might need to add explicit type casts. Position: 8
TODAY.sqlite	now	OK	Date:2026-07-31
NOW.fn	now	OK	Timestamp:2026-07-31 15:54:42.301218
NOW.currentts	now	OK	Timestamp:2026-07-31 15:54:42.301309
NOW.localts	now	OK	Timestamp:2026-07-31 15:54:42.301391
NOW.getdate	now	ERR	ERROR: function get_current_timestamp() does not exist Hint: No function matches the given name and argument types. You might need to add explicit type casts. Position: 8
NOW.sqlite	now	ERR	ERROR: function datetime(unknown) does not exist Hint: No function matches the given name and argument types. You might need to add explicit type casts. Position: 8
NOW.sqlite.subsec	now	ERR	ERROR: function datetime(unknown, unknown) does not exist Hint: No function matches the given name and argument types. You might need to add explicit type casts. Position: 8
NOW.transaction	now	OK	Timestamp:2026-07-31 15:54:42.301656
EDGE.year.0001	edge	OK	Date:0001-01-01
EDGE.year.0000	edge	ERR	ERROR: date/time field value out of range: "0000-01-01" Position: 13
EDGE.year.bc.iso	edge	ERR	ERROR: time zone displacement out of range: "-0044-03-15" Position: 13
EDGE.year.bc.suffix	edge	OK	Date:0044-03-15
EDGE.year.bc.ts	edge	ERR	ERROR: time zone displacement out of range: "-0044-03-15 10:20:30" Position: 18
EDGE.year.bc.tssuffix	edge	OK	Timestamp:0044-03-15 10:20:30.0
EDGE.year.bc.extract.iso	edge	ERR	ERROR: time zone displacement out of range: "-0044-03-15" Position: 31
EDGE.year.bc.extract.suffix	edge	OK	Double:-44.0
EDGE.year.bc.era	edge	ERR	ERROR: unit "era" not recognized for type timestamp without time zone Where: SQL function "date_part" statement 1
EDGE.year.bc.eraiso	edge	ERR	ERROR: time zone displacement out of range: "-0044-03-15" Position: 30
EDGE.year.bc.tochar	edge	OK	String:0044-03-15 BC
EDGE.year.bc.strftime	edge	ERR	ERROR: time zone displacement out of range: "-0044-03-15" Position: 22
EDGE.year.10000	edge	OK	Date:0000-01-01
EDGE.year.99999	edge	OK	Date:9999-12-31
EDGE.year.10000.ts	edge	OK	Timestamp:10000-01-01 00:00:00.0
EDGE.year.294276	edge	OK	Timestamp:294276-01-01 00:00:00.0
EDGE.year.9999	edge	OK	Date:9999-12-31
EDGE.year.9999.infinity	edge	OK	Timestamp:9999-12-31 00:00:00.0
EDGE.year.add.past9999	edge	ERR	ERROR: function to_days(integer) does not exist Hint: No function matches the given name and argument types. You might need to add explicit type casts. Position: 28
EDGE.year.add.past9999.lit	edge	OK	Timestamp:10000-01-01 00:00:00.0
EDGE.sqlite.0000	edge	ERR	ERROR: date/time field value out of range: "0000-01-01" Position: 13
EDGE.sqlite.0001	edge	OK	Date:0001-01-01
EDGE.sqlite.bc	edge	ERR	ERROR: time zone displacement out of range: "-0044-03-15" Position: 13
EDGE.sqlite.bc.jd	edge	ERR	ERROR: function julianday(unknown) does not exist Hint: No function matches the given name and argument types. You might need to add explicit type casts. Position: 8
EDGE.sqlite.bc.text	edge	OK	String:-0044-03-15
EDGE.sqlite.bc.cmp	edge	OK	String:lt
EDGE.sqlite.10000	edge	OK	Date:0000-01-01
EDGE.sqlite.9999	edge	OK	Date:9999-12-31
EDGE.sqlite.9999.plus	edge	ERR	ERROR: function date(unknown, unknown) does not exist Hint: No function matches the given name and argument types. You might need to add explicit type casts. Position: 8
EDGE.sqlite.jd.min	edge	ERR	ERROR: function date(numeric) does not exist Hint: No function matches the given name and argument types. You might need to add explicit type casts. Position: 8
EDGE.sqlite.jd.max	edge	ERR	ERROR: function date(numeric) does not exist Hint: No function matches the given name and argument types. You might need to add explicit type casts. Position: 8
EDGE.sqlite.jd.over	edge	ERR	ERROR: function date(numeric) does not exist Hint: No function matches the given name and argument types. You might need to add explicit type casts. Position: 8
EDGE.frac.6.render	edge	OK	String:2021-01-03 10:20:30.123456
EDGE.frac.7.render	edge	OK	String:2021-01-03 10:20:30.123457
EDGE.frac.9.render	edge	OK	String:2021-01-03 10:20:30.123457
EDGE.frac.5999999	edge	OK	String:2021-01-03 10:20:59.999999
EDGE.frac.5999999.9	edge	OK	String:2021-01-03 10:21:00
EDGE.frac.sqlite.3	edge	ERR	ERROR: function strftime(unknown, unknown) does not exist Hint: No function matches the given name and argument types. You might need to add explicit type casts. Position: 8
EDGE.frac.sqlite.6	edge	ERR	ERROR: function strftime(unknown, unknown) does not exist Hint: No function matches the given name and argument types. You might need to add explicit type casts. Position: 8
EDGE.frac.sqlite.9	edge	ERR	ERROR: function strftime(unknown, unknown) does not exist Hint: No function matches the given name and argument types. You might need to add explicit type casts. Position: 8
EDGE.frac.sqlite.roundtrip	edge	ERR	ERROR: function datetime(unknown, unknown) does not exist Hint: No function matches the given name and argument types. You might need to add explicit type casts. Position: 8
EDGE.frac.sqlite.jd	edge	ERR	ERROR: function julianday(unknown) does not exist Hint: No function matches the given name and argument types. You might need to add explicit type casts. Position: 8
EDGE.frac.sqlite.jdback	edge	ERR	ERROR: function julianday(unknown) does not exist Hint: No function matches the given name and argument types. You might need to add explicit type casts. Position: 38
EDGE.frac.sqlite.59999	edge	ERR	ERROR: function strftime(unknown, unknown) does not exist Hint: No function matches the given name and argument types. You might need to add explicit type casts. Position: 8
EDGE.frac.pg.us	edge	OK	String:123456
EDGE.frac.pg.ms	edge	OK	String:123
EDGE.partial.hour	edge	OK	String:2021-01-03 10:00:00
EDGE.partial.min	edge	OK	String:2021-01-03 10:20:00
EDGE.partial.year	edge	OK	String:2021-01-01
EDGE.partial.sqlite.hour	edge	ERR	ERROR: function datetime(unknown) does not exist Hint: No function matches the given name and argument types. You might need to add explicit type casts. Position: 8
EDGE.partial.sqlite.short	edge	ERR	ERROR: function datetime(unknown) does not exist Hint: No function matches the given name and argument types. You might need to add explicit type casts. Position: 8
EDGE.partial.sqlite.yr	edge	ERR	ERROR: function datetime(unknown) does not exist Hint: No function matches the given name and argument types. You might need to add explicit type casts. Position: 8
EDGE.partial.sqlite.ym	edge	ERR	ERROR: function datetime(unknown) does not exist Hint: No function matches the given name and argument types. You might need to add explicit type casts. Position: 8
EDGE.partial.pg.ym	edge	ERR	ERROR: invalid input syntax for type date: "2021-01" Position: 13
EDGE.partial.duck.ym	edge	ERR	ERROR: invalid input syntax for type date: "2021-01" Position: 13
EDGE.partial.cmp.pfx	edge	OK	String:eq
EDGE.infinity.date	edge	OK	Date:8994-08-16
EDGE.infinity.ts	edge	OK	Timestamp:292278994-08-16 18:00:00.0
EDGE.nulls.sort	edge	OK	Date:2019-11-01
ZZ.tz.show.default	pgtz	OK	String:America/New_York
ZZ.tz.tstz.default	pgtz	OK	Timestamp:2021-01-03 05:20:30.0
ZZ.tz.tstz.default.txt	pgtz	OK	String:2021-01-03 05:20:30-05
ZZ.tz.ts.default	pgtz	OK	Timestamp:2021-01-03 10:20:30.0
ZZ.tz.now.default	pgtz	OK	String:2026-07-31
ZZ.tz.set.ny	pgtz	OK	<nors>
ZZ.tz.show.ny	pgtz	OK	String:America/New_York
ZZ.tz.tstz.ny	pgtz	OK	Timestamp:2021-01-03 05:20:30.0
ZZ.tz.tstz.ny.txt	pgtz	OK	String:2021-01-03 05:20:30-05
ZZ.tz.ts2tstz.ny	pgtz	OK	Timestamp:2021-01-03 10:20:30.0
ZZ.tz.tstz2ts.ny	pgtz	OK	Timestamp:2021-01-03 05:20:30.0
ZZ.tz.extract.ny	pgtz	OK	Double:5.0
ZZ.tz.epoch.ny	pgtz	OK	BigDecimal:1609669230.000000
ZZ.tz.epochts.ny	pgtz	OK	BigDecimal:1609669230.000000
ZZ.tz.trunc.ny	pgtz	OK	Timestamp:2021-01-02 00:00:00.0
ZZ.tz.set.gmt	pgtz	OK	<nors>
ZZ.tz.show.gmt	pgtz	OK	String:GMT
ZZ.tz.tstz.gmt	pgtz	OK	Timestamp:2021-01-03 05:20:30.0
ZZ.tz.tstz.gmt.txt	pgtz	OK	String:2021-01-03 10:20:30+00
ZZ.tz.ts2tstz.gmt	pgtz	OK	Timestamp:2021-01-03 05:20:30.0
ZZ.tz.epoch.gmt	pgtz	OK	BigDecimal:1609669230.000000
ZZ.tz.epochts.gmt	pgtz	OK	BigDecimal:1609669230.000000
ZZ.tz.trunc.gmt	pgtz	OK	Timestamp:2021-01-02 19:00:00.0
ZZ.tz.duckset.gmt	pgtz	OK	<nors>
ZZ.tz.duck.after	pgtz	OK	String:2021-01-03 10:20:30+00
ZZ.tz.sqlite.set	pgtz	ERR	ERROR: function datetime(unknown, unknown) does not exist Hint: No function matches the given name and argument types. You might need to add explicit type casts. Position: 8
