TYPE.date.lit	types	ERR	[SQLITE_ERROR] SQL error or missing database (no such column: DATE)
TYPE.date.cast	types	OK	Integer:2020
TYPE.date.castfn	types	OK	String:2020-01-15
TYPE.date.col	types	OK	String:2020-01-15
TYPE.date.colnull	types	OK	<null>
TYPE.date.colmax	types	OK	String:2022-03-20
TYPE.date.colcmp	types	ERR	[SQLITE_ERROR] SQL error or missing database (near "'2020-01-01'": syntax error)
TYPE.date.colcmp.txt	types	OK	Integer:3
TYPE.date.colorder	types	OK	String:2019-11-01
TYPE.ts.lit	types	ERR	[SQLITE_ERROR] SQL error or missing database (no such column: TIMESTAMP)
TYPE.ts.frac3	types	ERR	[SQLITE_ERROR] SQL error or missing database (no such column: TIMESTAMP)
TYPE.ts.frac6	types	ERR	[SQLITE_ERROR] SQL error or missing database (no such column: TIMESTAMP)
TYPE.ts.frac7	types	ERR	[SQLITE_ERROR] SQL error or missing database (no such column: TIMESTAMP)
TYPE.ts.frac9	types	ERR	[SQLITE_ERROR] SQL error or missing database (no such column: TIMESTAMP)
TYPE.ts.cast	types	OK	Integer:2020
TYPE.ts.castT	types	OK	Integer:2020
TYPE.ts.fn	types	OK	String:2020-01-15 10:20:30
TYPE.tstz.lit	types	ERR	[SQLITE_ERROR] SQL error or missing database (no such column: TIMESTAMPTZ)
TYPE.tstz.lit2	types	ERR	[SQLITE_ERROR] SQL error or missing database (near "TIME": syntax error)
TYPE.tstz.cast	types	OK	Integer:2021
TYPE.tstz.utc	types	ERR	[SQLITE_ERROR] SQL error or missing database (no such column: TIMESTAMPTZ)
TYPE.time.lit	types	ERR	[SQLITE_ERROR] SQL error or missing database (no such column: TIME)
TYPE.time.frac	types	ERR	[SQLITE_ERROR] SQL error or missing database (no such column: TIME)
TYPE.time.fn	types	OK	String:10:20:30
TYPE.timetz.lit	types	ERR	[SQLITE_ERROR] SQL error or missing database (near "TIME": syntax error)
TYPE.ivl.ansi	types	ERR	[SQLITE_ERROR] SQL error or missing database (near "DAY": syntax error)
TYPE.ivl.pg	types	ERR	[SQLITE_ERROR] SQL error or missing database (no such column: INTERVAL)
TYPE.ivl.compound	types	ERR	[SQLITE_ERROR] SQL error or missing database (no such column: INTERVAL)
TYPE.ivl.arith	types	ERR	[SQLITE_ERROR] SQL error or missing database (near "+": syntax error)
TYPE.ivl.sub	types	ERR	[SQLITE_ERROR] SQL error or missing database (near "-": syntax error)
TYPE.ivl.subts	types	ERR	[SQLITE_ERROR] SQL error or missing database (near "-": syntax error)
TYPE.sqlite.typeof.col	types	OK	String:text
TYPE.sqlite.typeof.dt	types	OK	String:text
TYPE.sqlite.typeof.jd	types	OK	String:real
TYPE.declared	types	ERR	[SQLITE_ERROR] SQL error or missing database (no such table: information_schema.columns)
RT.ddl	roundtrip	OK	<nors>
RT.ins.typed	roundtrip	ERR	[SQLITE_ERROR] SQL error or missing database (near "'2021-01-03'": syntax error)
RT.ins.text	roundtrip	OK	<nors>
RT.sel.d	roundtrip	OK	String:2021-01-03
RT.sel.ts	roundtrip	OK	String:2021-01-03 10:20:30.123456
RT.sel.tz	roundtrip	OK	String:2021-01-03 10:20:30+02
RT.sel.s	roundtrip	OK	String:2021-01-03 10:20:30.123456
RT.typeof.d	roundtrip	OK	String:text
RT.typeof.ts	roundtrip	OK	String:text
RT.typeof.tz	roundtrip	OK	String:text
RT.eq.text	roundtrip	ERR	[SQLITE_ERROR] SQL error or missing database (near "'2021-01-03'": syntax error)
RT.eq.txt2	roundtrip	OK	Integer:1
RT.extract.d	roundtrip	ERR	[SQLITE_ERROR] SQL error or missing database (no such function: date_part)
EXTRACT.year.datepart	extract	ERR	[SQLITE_ERROR] SQL error or missing database (near "'2021-01-03 10:20:30.123456'": syntax error)
EXTRACT.year.kw	extract	ERR	[SQLITE_ERROR] SQL error or missing database (near "FROM": syntax error)
EXTRACT.month.datepart	extract	ERR	[SQLITE_ERROR] SQL error or missing database (near "'2021-01-03 10:20:30.123456'": syntax error)
EXTRACT.month.kw	extract	ERR	[SQLITE_ERROR] SQL error or missing database (near "FROM": syntax error)
EXTRACT.day.datepart	extract	ERR	[SQLITE_ERROR] SQL error or missing database (near "'2021-01-03 10:20:30.123456'": syntax error)
EXTRACT.day.kw	extract	ERR	[SQLITE_ERROR] SQL error or missing database (near "FROM": syntax error)
EXTRACT.hour.datepart	extract	ERR	[SQLITE_ERROR] SQL error or missing database (near "'2021-01-03 10:20:30.123456'": syntax error)
EXTRACT.hour.kw	extract	ERR	[SQLITE_ERROR] SQL error or missing database (near "FROM": syntax error)
EXTRACT.minute.datepart	extract	ERR	[SQLITE_ERROR] SQL error or missing database (near "'2021-01-03 10:20:30.123456'": syntax error)
EXTRACT.minute.kw	extract	ERR	[SQLITE_ERROR] SQL error or missing database (near "FROM": syntax error)
EXTRACT.second.datepart	extract	ERR	[SQLITE_ERROR] SQL error or missing database (near "'2021-01-03 10:20:30.123456'": syntax error)
EXTRACT.second.kw	extract	ERR	[SQLITE_ERROR] SQL error or missing database (near "FROM": syntax error)
EXTRACT.millisecond.datepart	extract	ERR	[SQLITE_ERROR] SQL error or missing database (near "'2021-01-03 10:20:30.123456'": syntax error)
EXTRACT.millisecond.kw	extract	ERR	[SQLITE_ERROR] SQL error or missing database (near "FROM": syntax error)
EXTRACT.milliseconds.datepart	extract	ERR	[SQLITE_ERROR] SQL error or missing database (near "'2021-01-03 10:20:30.123456'": syntax error)
EXTRACT.milliseconds.kw	extract	ERR	[SQLITE_ERROR] SQL error or missing database (near "FROM": syntax error)
EXTRACT.microsecond.datepart	extract	ERR	[SQLITE_ERROR] SQL error or missing database (near "'2021-01-03 10:20:30.123456'": syntax error)
EXTRACT.microsecond.kw	extract	ERR	[SQLITE_ERROR] SQL error or missing database (near "FROM": syntax error)
EXTRACT.microseconds.datepart	extract	ERR	[SQLITE_ERROR] SQL error or missing database (near "'2021-01-03 10:20:30.123456'": syntax error)
EXTRACT.microseconds.kw	extract	ERR	[SQLITE_ERROR] SQL error or missing database (near "FROM": syntax error)
EXTRACT.epoch.datepart	extract	ERR	[SQLITE_ERROR] SQL error or missing database (near "'2021-01-03 10:20:30.123456'": syntax error)
EXTRACT.epoch.kw	extract	ERR	[SQLITE_ERROR] SQL error or missing database (near "FROM": syntax error)
EXTRACT.dow.datepart	extract	ERR	[SQLITE_ERROR] SQL error or missing database (near "'2021-01-03 10:20:30.123456'": syntax error)
EXTRACT.dow.kw	extract	ERR	[SQLITE_ERROR] SQL error or missing database (near "FROM": syntax error)
EXTRACT.isodow.datepart	extract	ERR	[SQLITE_ERROR] SQL error or missing database (near "'2021-01-03 10:20:30.123456'": syntax error)
EXTRACT.isodow.kw	extract	ERR	[SQLITE_ERROR] SQL error or missing database (near "FROM": syntax error)
EXTRACT.doy.datepart	extract	ERR	[SQLITE_ERROR] SQL error or missing database (near "'2021-01-03 10:20:30.123456'": syntax error)
EXTRACT.doy.kw	extract	ERR	[SQLITE_ERROR] SQL error or missing database (near "FROM": syntax error)
EXTRACT.week.datepart	extract	ERR	[SQLITE_ERROR] SQL error or missing database (near "'2021-01-03 10:20:30.123456'": syntax error)
EXTRACT.week.kw	extract	ERR	[SQLITE_ERROR] SQL error or missing database (near "FROM": syntax error)
EXTRACT.isoyear.datepart	extract	ERR	[SQLITE_ERROR] SQL error or missing database (near "'2021-01-03 10:20:30.123456'": syntax error)
EXTRACT.isoyear.kw	extract	ERR	[SQLITE_ERROR] SQL error or missing database (near "FROM": syntax error)
EXTRACT.quarter.datepart	extract	ERR	[SQLITE_ERROR] SQL error or missing database (near "'2021-01-03 10:20:30.123456'": syntax error)
EXTRACT.quarter.kw	extract	ERR	[SQLITE_ERROR] SQL error or missing database (near "FROM": syntax error)
EXTRACT.decade.datepart	extract	ERR	[SQLITE_ERROR] SQL error or missing database (near "'2021-01-03 10:20:30.123456'": syntax error)
EXTRACT.decade.kw	extract	ERR	[SQLITE_ERROR] SQL error or missing database (near "FROM": syntax error)
EXTRACT.century.datepart	extract	ERR	[SQLITE_ERROR] SQL error or missing database (near "'2021-01-03 10:20:30.123456'": syntax error)
EXTRACT.century.kw	extract	ERR	[SQLITE_ERROR] SQL error or missing database (near "FROM": syntax error)
EXTRACT.millennium.datepart	extract	ERR	[SQLITE_ERROR] SQL error or missing database (near "'2021-01-03 10:20:30.123456'": syntax error)
EXTRACT.millennium.kw	extract	ERR	[SQLITE_ERROR] SQL error or missing database (near "FROM": syntax error)
EXTRACT.era.datepart	extract	ERR	[SQLITE_ERROR] SQL error or missing database (near "'2021-01-03 10:20:30.123456'": syntax error)
EXTRACT.era.kw	extract	ERR	[SQLITE_ERROR] SQL error or missing database (near "FROM": syntax error)
EXTRACT.julian.datepart	extract	ERR	[SQLITE_ERROR] SQL error or missing database (near "'2021-01-03 10:20:30.123456'": syntax error)
EXTRACT.julian.kw	extract	ERR	[SQLITE_ERROR] SQL error or missing database (near "FROM": syntax error)
EXTRACT.timezone.datepart	extract	ERR	[SQLITE_ERROR] SQL error or missing database (near "'2021-01-03 10:20:30.123456'": syntax error)
EXTRACT.timezone.kw	extract	ERR	[SQLITE_ERROR] SQL error or missing database (near "FROM": syntax error)
EXTRACT.timezone_hour.datepart	extract	ERR	[SQLITE_ERROR] SQL error or missing database (near "'2021-01-03 10:20:30.123456'": syntax error)
EXTRACT.timezone_hour.kw	extract	ERR	[SQLITE_ERROR] SQL error or missing database (near "FROM": syntax error)
EXTRACT.timezone_minute.datepart	extract	ERR	[SQLITE_ERROR] SQL error or missing database (near "'2021-01-03 10:20:30.123456'": syntax error)
EXTRACT.timezone_minute.kw	extract	ERR	[SQLITE_ERROR] SQL error or missing database (near "FROM": syntax error)
EXTRACT.dayofweek.datepart	extract	ERR	[SQLITE_ERROR] SQL error or missing database (near "'2021-01-03 10:20:30.123456'": syntax error)
EXTRACT.dayofweek.kw	extract	ERR	[SQLITE_ERROR] SQL error or missing database (near "FROM": syntax error)
EXTRACT.dayofmonth.datepart	extract	ERR	[SQLITE_ERROR] SQL error or missing database (near "'2021-01-03 10:20:30.123456'": syntax error)
EXTRACT.dayofmonth.kw	extract	ERR	[SQLITE_ERROR] SQL error or missing database (near "FROM": syntax error)
EXTRACT.dayofyear.datepart	extract	ERR	[SQLITE_ERROR] SQL error or missing database (near "'2021-01-03 10:20:30.123456'": syntax error)
EXTRACT.dayofyear.kw	extract	ERR	[SQLITE_ERROR] SQL error or missing database (near "FROM": syntax error)
EXTRACT.weekday.datepart	extract	ERR	[SQLITE_ERROR] SQL error or missing database (near "'2021-01-03 10:20:30.123456'": syntax error)
EXTRACT.weekday.kw	extract	ERR	[SQLITE_ERROR] SQL error or missing database (near "FROM": syntax error)
EXTRACT.weekofyear.datepart	extract	ERR	[SQLITE_ERROR] SQL error or missing database (near "'2021-01-03 10:20:30.123456'": syntax error)
EXTRACT.weekofyear.kw	extract	ERR	[SQLITE_ERROR] SQL error or missing database (near "FROM": syntax error)
EXTRACT.yearweek.datepart	extract	ERR	[SQLITE_ERROR] SQL error or missing database (near "'2021-01-03 10:20:30.123456'": syntax error)
EXTRACT.yearweek.kw	extract	ERR	[SQLITE_ERROR] SQL error or missing database (near "FROM": syntax error)
EXTRACT.week.kwstr	extract	ERR	[SQLITE_ERROR] SQL error or missing database (near "FROM": syntax error)
EXTRACT.second.whole	extract	ERR	[SQLITE_ERROR] SQL error or missing database (near "'2021-01-03 10:20:30'": syntax error)
EXTRACT.epoch.date	extract	ERR	[SQLITE_ERROR] SQL error or missing database (near "'2021-01-03'": syntax error)
EXTRACT.epoch.kwdate	extract	ERR	[SQLITE_ERROR] SQL error or missing database (near "FROM": syntax error)
EXTRACT.dow.mon	extract	ERR	[SQLITE_ERROR] SQL error or missing database (near "'2021-01-04'": syntax error)
EXTRACT.isodow.mon	extract	ERR	[SQLITE_ERROR] SQL error or missing database (near "'2021-01-04'": syntax error)
EXTRACT.dow.sat	extract	ERR	[SQLITE_ERROR] SQL error or missing database (near "'2021-01-02'": syntax error)
EXTRACT.week.mon	extract	ERR	[SQLITE_ERROR] SQL error or missing database (near "'2021-01-04'": syntax error)
EXTRACT.week.jan1	extract	ERR	[SQLITE_ERROR] SQL error or missing database (near "'2021-01-01'": syntax error)
EXTRACT.isoyear.jan1	extract	ERR	[SQLITE_ERROR] SQL error or missing database (near "'2021-01-01'": syntax error)
EXTRACT.col.year	extract	ERR	[SQLITE_ERROR] SQL error or missing database (no such function: date_part)
EXTRACT.col.kw	extract	ERR	[SQLITE_ERROR] SQL error or missing database (near "FROM": syntax error)
EXTRACT.year.sqlite	extract	OK	Integer:2021
EXTRACT.month.sqlite	extract	OK	Integer:1
EXTRACT.day.sqlite	extract	OK	Integer:3
EXTRACT.hour.sqlite	extract	OK	Integer:10
EXTRACT.minute.sqlite	extract	OK	Integer:20
EXTRACT.second.sqlite	extract	OK	Integer:30
EXTRACT.secondfrac.sqlite	extract	OK	Double:30.123
EXTRACT.millisecond.sqlite	extract	OK	Double:30123.0
EXTRACT.epoch.sqlite	extract	OK	Integer:1609669230
EXTRACT.epochfrac.sqlite	extract	OK	Double:1.6096692301229863E9
EXTRACT.dow.sqlite	extract	OK	Integer:0
EXTRACT.isodow.sqlite	extract	OK	Integer:7
EXTRACT.doy.sqlite	extract	OK	Integer:3
EXTRACT.week.sqlite	extract	OK	Integer:53
EXTRACT.weekU.sqlite	extract	OK	Integer:1
EXTRACT.weekW.sqlite	extract	OK	Integer:0
EXTRACT.isoyear.sqlite	extract	OK	Integer:2020
EXTRACT.quarter.sqlite	extract	OK	Integer:1
EXTRACT.decade.sqlite	extract	OK	Integer:202
EXTRACT.century.sqlite	extract	OK	Integer:21
EXTRACT.julian.sqlite	extract	OK	Double:2459217.930904201
EXTRACT.dow.sqlite.mon	extract	OK	Integer:1
EXTRACT.isodow.sqlite.mon	extract	OK	Integer:1
DATE_TRUNC.microseconds.native	trunc	ERR	[SQLITE_ERROR] SQL error or missing database (near "'2021-01-03 10:20:30.123456'": syntax error)
DATE_TRUNC.milliseconds.native	trunc	ERR	[SQLITE_ERROR] SQL error or missing database (near "'2021-01-03 10:20:30.123456'": syntax error)
DATE_TRUNC.second.native	trunc	ERR	[SQLITE_ERROR] SQL error or missing database (near "'2021-01-03 10:20:30.123456'": syntax error)
DATE_TRUNC.minute.native	trunc	ERR	[SQLITE_ERROR] SQL error or missing database (near "'2021-01-03 10:20:30.123456'": syntax error)
DATE_TRUNC.hour.native	trunc	ERR	[SQLITE_ERROR] SQL error or missing database (near "'2021-01-03 10:20:30.123456'": syntax error)
DATE_TRUNC.day.native	trunc	ERR	[SQLITE_ERROR] SQL error or missing database (near "'2021-01-03 10:20:30.123456'": syntax error)
DATE_TRUNC.week.native	trunc	ERR	[SQLITE_ERROR] SQL error or missing database (near "'2021-01-03 10:20:30.123456'": syntax error)
DATE_TRUNC.month.native	trunc	ERR	[SQLITE_ERROR] SQL error or missing database (near "'2021-01-03 10:20:30.123456'": syntax error)
DATE_TRUNC.quarter.native	trunc	ERR	[SQLITE_ERROR] SQL error or missing database (near "'2021-01-03 10:20:30.123456'": syntax error)
DATE_TRUNC.year.native	trunc	ERR	[SQLITE_ERROR] SQL error or missing database (near "'2021-01-03 10:20:30.123456'": syntax error)
DATE_TRUNC.decade.native	trunc	ERR	[SQLITE_ERROR] SQL error or missing database (near "'2021-01-03 10:20:30.123456'": syntax error)
DATE_TRUNC.century.native	trunc	ERR	[SQLITE_ERROR] SQL error or missing database (near "'2021-01-03 10:20:30.123456'": syntax error)
DATE_TRUNC.millennium.native	trunc	ERR	[SQLITE_ERROR] SQL error or missing database (near "'2021-01-03 10:20:30.123456'": syntax error)
DATE_TRUNC.microsecond.native	trunc	ERR	[SQLITE_ERROR] SQL error or missing database (near "'2021-01-03 10:20:30.123456'": syntax error)
DATE_TRUNC.millisecond.native	trunc	ERR	[SQLITE_ERROR] SQL error or missing database (near "'2021-01-03 10:20:30.123456'": syntax error)
DATE_TRUNC.isoyear.native	trunc	ERR	[SQLITE_ERROR] SQL error or missing database (near "'2021-01-03 10:20:30.123456'": syntax error)
DATE_TRUNC.yearweek.native	trunc	ERR	[SQLITE_ERROR] SQL error or missing database (near "'2021-01-03 10:20:30.123456'": syntax error)
DATE_TRUNC.weekday.native	trunc	ERR	[SQLITE_ERROR] SQL error or missing database (near "'2021-01-03 10:20:30.123456'": syntax error)
DATE_TRUNC.week.mon	trunc	ERR	[SQLITE_ERROR] SQL error or missing database (near "'2021-01-04'": syntax error)
DATE_TRUNC.week.sun	trunc	ERR	[SQLITE_ERROR] SQL error or missing database (near "'2021-01-03'": syntax error)
DATE_TRUNC.date.month	trunc	ERR	[SQLITE_ERROR] SQL error or missing database (near "'2021-01-03'": syntax error)
DATE_TRUNC.ident	trunc	ERR	[SQLITE_ERROR] SQL error or missing database (near "'2021-01-03 10:20:30.123456'": syntax error)
DATE_TRUNC.datetrunc	trunc	ERR	[SQLITE_ERROR] SQL error or missing database (near "'2021-01-03 10:20:30.123456'": syntax error)
DATE_TRUNC.col	trunc	ERR	[SQLITE_ERROR] SQL error or missing database (no such function: date_trunc)
DATE_TRUNC_DAY.cast	trunc	ERR	[SQLITE_ERROR] SQL error or missing database (near "'2021-01-03 10:20:30.123456'": syntax error)
DATE_TRUNC_DAY.dtrunc	trunc	ERR	[SQLITE_ERROR] SQL error or missing database (near "'2021-01-03 10:20:30.123456'": syntax error)
DATE_TRUNC_DAY.sqlite.date	trunc	OK	String:2021-01-03
DATE_TRUNC_DAY.sqlite.sod	trunc	OK	String:2021-01-03 00:00:00
DATE_TRUNC.second.sqlite	trunc	OK	String:2021-01-03 10:20:30
DATE_TRUNC.minute.sqlite	trunc	OK	String:2021-01-03 10:20:00
DATE_TRUNC.hour.sqlite	trunc	OK	String:2021-01-03 10:00:00
DATE_TRUNC.day.sqlite	trunc	OK	String:2021-01-03 00:00:00
DATE_TRUNC.month.sqlite	trunc	OK	String:2021-01-01 00:00:00
DATE_TRUNC.year.sqlite	trunc	OK	String:2021-01-01 00:00:00
DATE_TRUNC.week.sqlite	trunc	OK	String:2020-12-28 10:20:30
DATE_TRUNC.week.sqlite.mon	trunc	OK	String:2021-01-04 00:00:00
DATE_TRUNC.week.sqlite.alt	trunc	OK	String:2020-12-28 10:20:30
DATE_TRUNC.quarter.sqlite	trunc	OK	String:2021-01-01 00:00:00
DATE_TRUNC.milli.sqlite	trunc	OK	String:2021-01-03 10:20:30.123
MAKE_DATE.native	make	ERR	[SQLITE_ERROR] SQL error or missing database (no such function: make_date)
MAKE_DATE.struct	make	ERR	[SQLITE_ERROR] SQL error or missing database (unrecognized token: "{")
MAKE_DATE.sqlite.printf	make	OK	String:2021-01-03
MAKE_DATE.sqlite.format	make	OK	String:2021-01-03
MAKE_DATE.sqlite.concat	make	OK	String:2021-01-03
MAKE_DATE.overflow	make	ERR	[SQLITE_ERROR] SQL error or missing database (no such function: make_date)
MAKE_TIMESTAMP.6	make	ERR	[SQLITE_ERROR] SQL error or missing database (no such function: make_timestamp)
MAKE_TIMESTAMP.6plain	make	ERR	[SQLITE_ERROR] SQL error or missing database (no such function: make_timestamp)
MAKE_TIMESTAMP.6int	make	ERR	[SQLITE_ERROR] SQL error or missing database (no such function: make_timestamp)
MAKE_TIMESTAMP.micros	make	ERR	[SQLITE_ERROR] SQL error or missing database (no such function: make_timestamp)
MAKE_TIMESTAMP.tz	make	ERR	[SQLITE_ERROR] SQL error or missing database (no such function: make_timestamptz)
MAKE_TIMESTAMP.sqlite.printf	make	OK	String:2021-01-03 10:20:30
MAKE_TIMESTAMP.sqlite.frac	make	OK	String:2021-01-03 10:20:30.500
MAKE_INTERVAL.pg	make	ERR	[SQLITE_ERROR] SQL error or missing database (no such function: make_interval)
MAKE_INTERVAL.named	make	ERR	[SQLITE_ERROR] SQL error or missing database (near ">": syntax error)
ADD_INTERVAL.to_years.duck	interval	ERR	[SQLITE_ERROR] SQL error or missing database (near "+": syntax error)
ADD_INTERVAL.to_months.duck	interval	ERR	[SQLITE_ERROR] SQL error or missing database (near "+": syntax error)
ADD_INTERVAL.to_weeks.duck	interval	ERR	[SQLITE_ERROR] SQL error or missing database (near "+": syntax error)
ADD_INTERVAL.to_days.duck	interval	ERR	[SQLITE_ERROR] SQL error or missing database (near "+": syntax error)
ADD_INTERVAL.to_hours.duck	interval	ERR	[SQLITE_ERROR] SQL error or missing database (near "+": syntax error)
ADD_INTERVAL.to_minutes.duck	interval	ERR	[SQLITE_ERROR] SQL error or missing database (near "+": syntax error)
ADD_INTERVAL.to_seconds.duck	interval	ERR	[SQLITE_ERROR] SQL error or missing database (near "+": syntax error)
ADD_INTERVAL.to_milliseconds.duck	interval	ERR	[SQLITE_ERROR] SQL error or missing database (near "+": syntax error)
ADD_INTERVAL.to_microseconds.duck	interval	ERR	[SQLITE_ERROR] SQL error or missing database (near "+": syntax error)
ADD_INTERVAL.to_decades.duck	interval	ERR	[SQLITE_ERROR] SQL error or missing database (near "+": syntax error)
ADD_INTERVAL.to_centuries.duck	interval	ERR	[SQLITE_ERROR] SQL error or missing database (near "+": syntax error)
ADD_INTERVAL.to_millennia.duck	interval	ERR	[SQLITE_ERROR] SQL error or missing database (near "+": syntax error)
ADD_INTERVAL.to_quarters.duck	interval	ERR	[SQLITE_ERROR] SQL error or missing database (near "+": syntax error)
ADD_INTERVAL.years.lit	interval	ERR	[SQLITE_ERROR] SQL error or missing database (near "+": syntax error)
ADD_INTERVAL.years.mkivl	interval	ERR	[SQLITE_ERROR] SQL error or missing database (near "+": syntax error)
ADD_INTERVAL.years.cast	interval	ERR	[SQLITE_ERROR] SQL error or missing database (near "+": syntax error)
ADD_INTERVAL.years.mul	interval	ERR	[SQLITE_ERROR] SQL error or missing database (near "+": syntax error)
ADD_INTERVAL.months.lit	interval	ERR	[SQLITE_ERROR] SQL error or missing database (near "+": syntax error)
ADD_INTERVAL.months.mkivl	interval	ERR	[SQLITE_ERROR] SQL error or missing database (near "+": syntax error)
ADD_INTERVAL.months.cast	interval	ERR	[SQLITE_ERROR] SQL error or missing database (near "+": syntax error)
ADD_INTERVAL.months.mul	interval	ERR	[SQLITE_ERROR] SQL error or missing database (near "+": syntax error)
ADD_INTERVAL.weeks.lit	interval	ERR	[SQLITE_ERROR] SQL error or missing database (near "+": syntax error)
ADD_INTERVAL.weeks.mkivl	interval	ERR	[SQLITE_ERROR] SQL error or missing database (near "+": syntax error)
ADD_INTERVAL.weeks.cast	interval	ERR	[SQLITE_ERROR] SQL error or missing database (near "+": syntax error)
ADD_INTERVAL.weeks.mul	interval	ERR	[SQLITE_ERROR] SQL error or missing database (near "+": syntax error)
ADD_INTERVAL.days.lit	interval	ERR	[SQLITE_ERROR] SQL error or missing database (near "+": syntax error)
ADD_INTERVAL.days.mkivl	interval	ERR	[SQLITE_ERROR] SQL error or missing database (near "+": syntax error)
ADD_INTERVAL.days.cast	interval	ERR	[SQLITE_ERROR] SQL error or missing database (near "+": syntax error)
ADD_INTERVAL.days.mul	interval	ERR	[SQLITE_ERROR] SQL error or missing database (near "+": syntax error)
ADD_INTERVAL.hours.lit	interval	ERR	[SQLITE_ERROR] SQL error or missing database (near "+": syntax error)
ADD_INTERVAL.hours.mkivl	interval	ERR	[SQLITE_ERROR] SQL error or missing database (near "+": syntax error)
ADD_INTERVAL.hours.cast	interval	ERR	[SQLITE_ERROR] SQL error or missing database (near "+": syntax error)
ADD_INTERVAL.hours.mul	interval	ERR	[SQLITE_ERROR] SQL error or missing database (near "+": syntax error)
ADD_INTERVAL.minutes.lit	interval	ERR	[SQLITE_ERROR] SQL error or missing database (near "+": syntax error)
ADD_INTERVAL.minutes.mkivl	interval	ERR	[SQLITE_ERROR] SQL error or missing database (near "+": syntax error)
ADD_INTERVAL.minutes.cast	interval	ERR	[SQLITE_ERROR] SQL error or missing database (near "+": syntax error)
ADD_INTERVAL.minutes.mul	interval	ERR	[SQLITE_ERROR] SQL error or missing database (near "+": syntax error)
ADD_INTERVAL.seconds.lit	interval	ERR	[SQLITE_ERROR] SQL error or missing database (near "+": syntax error)
ADD_INTERVAL.seconds.mkivl	interval	ERR	[SQLITE_ERROR] SQL error or missing database (near "+": syntax error)
ADD_INTERVAL.seconds.cast	interval	ERR	[SQLITE_ERROR] SQL error or missing database (near "+": syntax error)
ADD_INTERVAL.seconds.mul	interval	ERR	[SQLITE_ERROR] SQL error or missing database (near "+": syntax error)
ADD_INTERVAL.ms.lit	interval	ERR	[SQLITE_ERROR] SQL error or missing database (near "+": syntax error)
ADD_INTERVAL.us.lit	interval	ERR	[SQLITE_ERROR] SQL error or missing database (near "+": syntax error)
ADD_INTERVAL.ms.duck	interval	ERR	[SQLITE_ERROR] SQL error or missing database (near "+": syntax error)
ADD_INTERVAL.us.duck	interval	ERR	[SQLITE_ERROR] SQL error or missing database (near "+": syntax error)
ADD_INTERVAL.EDGE.eom.duck	interval	ERR	[SQLITE_ERROR] SQL error or missing database (near "+": syntax error)
ADD_INTERVAL.EDGE.eom.lit	interval	ERR	[SQLITE_ERROR] SQL error or missing database (near "+": syntax error)
ADD_INTERVAL.EDGE.eom.sqlite	interval	OK	String:2020-03-02
ADD_INTERVAL.EDGE.leap.duck	interval	ERR	[SQLITE_ERROR] SQL error or missing database (near "+": syntax error)
ADD_INTERVAL.EDGE.leap.lit	interval	ERR	[SQLITE_ERROR] SQL error or missing database (near "+": syntax error)
ADD_INTERVAL.EDGE.leap.sqlite	interval	OK	String:2021-03-01
ADD_INTERVAL.EDGE.negmonth.duck	interval	ERR	[SQLITE_ERROR] SQL error or missing database (near "+": syntax error)
ADD_INTERVAL.EDGE.negmonth.lit	interval	ERR	[SQLITE_ERROR] SQL error or missing database (near "+": syntax error)
ADD_INTERVAL.EDGE.negmonth.sqlite	interval	OK	String:2020-03-02
SQLITEMOD.00.p1_day	sqlitemod	OK	String:2021-01-04 10:20:30
SQLITEMOD.01.m1_day	sqlitemod	OK	String:2021-01-02 10:20:30
SQLITEMOD.02.p1_month	sqlitemod	OK	String:2021-02-03 10:20:30
SQLITEMOD.03.p1_year	sqlitemod	OK	String:2022-01-03 10:20:30
SQLITEMOD.04.p1_hour	sqlitemod	OK	String:2021-01-03 11:20:30
SQLITEMOD.05.p1_minute	sqlitemod	OK	String:2021-01-03 10:21:30
SQLITEMOD.06.p1_second	sqlitemod	OK	String:2021-01-03 10:20:31
SQLITEMOD.07.p1.5_seconds	sqlitemod	OK	String:2021-01-03 10:20:31
SQLITEMOD.08.p1500_milliseconds	sqlitemod	OK	<null>
SQLITEMOD.09.p1_microsecond	sqlitemod	OK	<null>
SQLITEMOD.10.p7_days	sqlitemod	OK	String:2021-01-10 10:20:30
SQLITEMOD.11.p10000_days	sqlitemod	OK	String:2048-05-21 10:20:30
SQLITEMOD.12.start_of_month	sqlitemod	OK	String:2021-01-01 00:00:00
SQLITEMOD.13.start_of_year	sqlitemod	OK	String:2021-01-01 00:00:00
SQLITEMOD.14.start_of_day	sqlitemod	OK	String:2021-01-03 00:00:00
SQLITEMOD.15.weekday_0	sqlitemod	OK	String:2021-01-03 10:20:30
SQLITEMOD.16.weekday_1	sqlitemod	OK	String:2021-01-04 10:20:30
SQLITEMOD.17.unixepoch	sqlitemod	OK	<null>
SQLITEMOD.18.julianday	sqlitemod	OK	<null>
SQLITEMOD.19.auto	sqlitemod	OK	String:2021-01-03 10:20:30
SQLITEMOD.20.localtime	sqlitemod	OK	String:2021-01-03 05:20:30
SQLITEMOD.21.utc	sqlitemod	OK	String:2021-01-03 15:20:30
SQLITEMOD.22.subsec	sqlitemod	OK	String:2021-01-03 10:20:30.123
SQLITEMOD.23.subsecond	sqlitemod	OK	String:2021-01-03 10:20:30.123
SQLITEMOD.24.floor	sqlitemod	OK	String:2021-01-03 10:20:30
SQLITEMOD.25.ceiling	sqlitemod	OK	String:2021-01-03 10:20:30
DATE_DIFF.m.eom.duck	diff	ERR	[SQLITE_ERROR] SQL error or missing database (near "'2020-01-31'": syntax error)
DATE_DIFF.m.eom.datediff	diff	ERR	[SQLITE_ERROR] SQL error or missing database (near "'2020-01-31'": syntax error)
DATE_DIFF.m.eom.pg_age	diff	ERR	[SQLITE_ERROR] SQL error or missing database (near "FROM": syntax error)
DATE_DIFF.m.same.duck	diff	ERR	[SQLITE_ERROR] SQL error or missing database (near "'2020-01-01'": syntax error)
DATE_DIFF.m.same.datediff	diff	ERR	[SQLITE_ERROR] SQL error or missing database (near "'2020-01-01'": syntax error)
DATE_DIFF.m.same.pg_age	diff	ERR	[SQLITE_ERROR] SQL error or missing database (near "FROM": syntax error)
DATE_DIFF.m.leap.duck	diff	ERR	[SQLITE_ERROR] SQL error or missing database (near "'2020-02-29'": syntax error)
DATE_DIFF.m.leap.datediff	diff	ERR	[SQLITE_ERROR] SQL error or missing database (near "'2020-02-29'": syntax error)
DATE_DIFF.m.leap.pg_age	diff	ERR	[SQLITE_ERROR] SQL error or missing database (near "FROM": syntax error)
DATE_DIFF.m.neg.duck	diff	ERR	[SQLITE_ERROR] SQL error or missing database (near "'2021-03-01'": syntax error)
DATE_DIFF.m.neg.datediff	diff	ERR	[SQLITE_ERROR] SQL error or missing database (near "'2021-03-01'": syntax error)
DATE_DIFF.m.neg.pg_age	diff	ERR	[SQLITE_ERROR] SQL error or missing database (near "FROM": syntax error)
DATE_DIFF.m.exact.duck	diff	ERR	[SQLITE_ERROR] SQL error or missing database (near "'2020-01-15'": syntax error)
DATE_DIFF.m.exact.datediff	diff	ERR	[SQLITE_ERROR] SQL error or missing database (near "'2020-01-15'": syntax error)
DATE_DIFF.m.exact.pg_age	diff	ERR	[SQLITE_ERROR] SQL error or missing database (near "FROM": syntax error)
DATE_DIFF.y.newyear.duck	diff	ERR	[SQLITE_ERROR] SQL error or missing database (near "'2020-12-31'": syntax error)
DATE_DIFF.y.newyear.datediff	diff	ERR	[SQLITE_ERROR] SQL error or missing database (near "'2020-12-31'": syntax error)
DATE_DIFF.y.newyear.pg_age	diff	ERR	[SQLITE_ERROR] SQL error or missing database (near "FROM": syntax error)
DATE_DIFF.y.almost.duck	diff	ERR	[SQLITE_ERROR] SQL error or missing database (near "'2020-01-01'": syntax error)
DATE_DIFF.y.almost.datediff	diff	ERR	[SQLITE_ERROR] SQL error or missing database (near "'2020-01-01'": syntax error)
DATE_DIFF.y.almost.pg_age	diff	ERR	[SQLITE_ERROR] SQL error or missing database (near "FROM": syntax error)
DATE_DIFF.d.ts.duck	diff	ERR	[SQLITE_ERROR] SQL error or missing database (near "'2020-01-01 23:00:00'": syntax error)
DATE_DIFF.d.ts.datediff	diff	ERR	[SQLITE_ERROR] SQL error or missing database (near "'2020-01-01 23:00:00'": syntax error)
DATE_DIFF.d.ts.pg_age	diff	ERR	[SQLITE_ERROR] SQL error or missing database (near "FROM": syntax error)
DATE_DIFF.d.same.duck	diff	ERR	[SQLITE_ERROR] SQL error or missing database (near "'2020-01-01'": syntax error)
DATE_DIFF.d.same.datediff	diff	ERR	[SQLITE_ERROR] SQL error or missing database (near "'2020-01-01'": syntax error)
DATE_DIFF.d.same.pg_age	diff	ERR	[SQLITE_ERROR] SQL error or missing database (near "FROM": syntax error)
DATE_DIFF.d.plain.duck	diff	ERR	[SQLITE_ERROR] SQL error or missing database (near "'2020-01-01'": syntax error)
DATE_DIFF.d.plain.datediff	diff	ERR	[SQLITE_ERROR] SQL error or missing database (near "'2020-01-01'": syntax error)
DATE_DIFF.d.plain.pg_age	diff	ERR	[SQLITE_ERROR] SQL error or missing database (near "FROM": syntax error)
DATE_DIFF.h.cross.duck	diff	ERR	[SQLITE_ERROR] SQL error or missing database (near "'2020-01-01 10:59:00'": syntax error)
DATE_DIFF.h.cross.datediff	diff	ERR	[SQLITE_ERROR] SQL error or missing database (near "'2020-01-01 10:59:00'": syntax error)
DATE_DIFF.h.cross.pg_age	diff	ERR	[SQLITE_ERROR] SQL error or missing database (near "FROM": syntax error)
DATE_DIFF.s.frac.duck	diff	ERR	[SQLITE_ERROR] SQL error or missing database (near "'2020-01-01 10:00:00.900000'": syntax error)
DATE_DIFF.s.frac.datediff	diff	ERR	[SQLITE_ERROR] SQL error or missing database (near "'2020-01-01 10:00:00.900000'": syntax error)
DATE_DIFF.s.frac.pg_age	diff	ERR	[SQLITE_ERROR] SQL error or missing database (near "FROM": syntax error)
DATE_DIFF.w.sun2mon.duck	diff	ERR	[SQLITE_ERROR] SQL error or missing database (near "'2021-01-03'": syntax error)
DATE_DIFF.w.sun2mon.datediff	diff	ERR	[SQLITE_ERROR] SQL error or missing database (near "'2021-01-03'": syntax error)
DATE_DIFF.w.sun2mon.pg_age	diff	ERR	[SQLITE_ERROR] SQL error or missing database (near "FROM": syntax error)
DATE_DIFF.q.cross.duck	diff	ERR	[SQLITE_ERROR] SQL error or missing database (near "'2020-03-31'": syntax error)
DATE_DIFF.q.cross.datediff	diff	ERR	[SQLITE_ERROR] SQL error or missing database (near "'2020-03-31'": syntax error)
DATE_DIFF.q.cross.pg_age	diff	ERR	[SQLITE_ERROR] SQL error or missing database (near "FROM": syntax error)
DATE_DIFF.ms.frac.duck	diff	ERR	[SQLITE_ERROR] SQL error or missing database (near "'2020-01-01 10:00:00.000000'": syntax error)
DATE_DIFF.ms.frac.datediff	diff	ERR	[SQLITE_ERROR] SQL error or missing database (near "'2020-01-01 10:00:00.000000'": syntax error)
DATE_DIFF.ms.frac.pg_age	diff	ERR	[SQLITE_ERROR] SQL error or missing database (near "FROM": syntax error)
DATE_DIFF.m.eom.pgb	diff	ERR	[SQLITE_ERROR] SQL error or missing database (near "FROM": syntax error)
DATE_DIFF.m.same.pgb	diff	ERR	[SQLITE_ERROR] SQL error or missing database (near "FROM": syntax error)
DATE_DIFF.m.leap.pgb	diff	ERR	[SQLITE_ERROR] SQL error or missing database (near "FROM": syntax error)
DATE_DIFF.m.neg.pgb	diff	ERR	[SQLITE_ERROR] SQL error or missing database (near "FROM": syntax error)
DATE_DIFF.m.exact.pgb	diff	ERR	[SQLITE_ERROR] SQL error or missing database (near "FROM": syntax error)
DATE_DIFF.y.newyear.pgb	diff	ERR	[SQLITE_ERROR] SQL error or missing database (near "FROM": syntax error)
DATE_DIFF.y.almost.pgb	diff	ERR	[SQLITE_ERROR] SQL error or missing database (near "FROM": syntax error)
DATE_DIFF.d.ts.pgb	diff	ERR	[SQLITE_ERROR] SQL error or missing database (near "'2020-01-02 01:00:00'": syntax error)
DATE_DIFF.d.same.pgb	diff	ERR	[SQLITE_ERROR] SQL error or missing database (near "'2020-01-01'": syntax error)
DATE_DIFF.d.plain.pgb	diff	ERR	[SQLITE_ERROR] SQL error or missing database (near "'2020-03-05'": syntax error)
DATE_DIFF.h.cross.pgb	diff	ERR	[SQLITE_ERROR] SQL error or missing database (near "FROM": syntax error)
DATE_DIFF.s.frac.pgb	diff	ERR	[SQLITE_ERROR] SQL error or missing database (near "FROM": syntax error)
DATE_DIFF.w.sun2mon.pgb	diff	ERR	[SQLITE_ERROR] SQL error or missing database (near "'2021-01-04'": syntax error)
DATE_DIFF.q.cross.pgb	diff	ERR	[SQLITE_ERROR] SQL error or missing database (near "FROM": syntax error)
DATE_DIFF.ms.frac.pgb	diff	ERR	[SQLITE_ERROR] SQL error or missing database (near "FROM": syntax error)
DATE_DIFF.d.ts.pgnaive	diff	ERR	[SQLITE_ERROR] SQL error or missing database (near "FROM": syntax error)
DATE_DIFF.m.eom.sqlite	diff	OK	Integer:1
DATE_DIFF.y.newyear.sqlite	diff	OK	Integer:1
DATE_DIFF.d.ts.sqlite	diff	OK	Integer:1
DATE_DIFF.d.plain.sqlite	diff	OK	Integer:64
DATE_DIFF.d.naive.sqlite	diff	OK	Integer:0
DATE_DIFF.h.cross.sqlite	diff	OK	Integer:1
DATE_DIFF.s.frac.sqlite	diff	OK	Integer:1
DATE_DIFF.s.strftime.sqlite	diff	OK	Integer:1
DATE_DIFF.timediff.sqlite	diff	OK	String:+0001-05-15 00:00:00.000
DATE_DIFF.timediff.exists	diff	OK	String:+0000-00-01 00:00:00.000
DATE_DIFF.unixepoch.exists	diff	OK	Integer:1579046400
DATE_DIFF.pg.datediff	diff	ERR	[SQLITE_ERROR] SQL error or missing database (near "'2020-01-31'": syntax error)
DATE_DIFF.pg.age	diff	ERR	[SQLITE_ERROR] SQL error or missing database (near "'2021-06-30'": syntax error)
DATE_DIFF.pg.agefmt	diff	ERR	[SQLITE_ERROR] SQL error or missing database (near "'2020-02-01'": syntax error)
TIME_BUCKET.days.duck	bucket	ERR	[SQLITE_ERROR] SQL error or missing database (near "'2021-01-03 10:20:30.123456'": syntax error)
TIME_BUCKET.weeks.duck	bucket	ERR	[SQLITE_ERROR] SQL error or missing database (near "'2021-01-03 10:20:30.123456'": syntax error)
TIME_BUCKET.months.duck	bucket	ERR	[SQLITE_ERROR] SQL error or missing database (near "'2021-01-03 10:20:30.123456'": syntax error)
TIME_BUCKET.hours.duck	bucket	ERR	[SQLITE_ERROR] SQL error or missing database (near "'2021-01-03 10:20:30.123456'": syntax error)
TIME_BUCKET.days.datebin	bucket	ERR	[SQLITE_ERROR] SQL error or missing database (near "'3 days'": syntax error)
TIME_BUCKET.weeks.datebin	bucket	ERR	[SQLITE_ERROR] SQL error or missing database (near "'1 week'": syntax error)
TIME_BUCKET.months.datebin	bucket	ERR	[SQLITE_ERROR] SQL error or missing database (near "'3 months'": syntax error)
TIME_BUCKET.hours.datebin	bucket	ERR	[SQLITE_ERROR] SQL error or missing database (near "'4 hours'": syntax error)
TIME_BUCKET.months.pgcalc	bucket	ERR	[SQLITE_ERROR] SQL error or missing database (near "+": syntax error)
TIME_BUCKET.days.sqlite	bucket	OK	String:2021-01-03 00:00:00
TIME_BUCKET.weeks.sqlite	bucket	OK	String:2021-01-03 00:00:00
TIME_BUCKET.months.sqlite	bucket	OK	<null>
TZ.fn.duck	tz	ERR	[SQLITE_ERROR] SQL error or missing database (near "'2021-01-03 10:20:30.123456'": syntax error)
TZ.fn.tstz	tz	ERR	[SQLITE_ERROR] SQL error or missing database (near "'2021-01-03 10:20:30+00'": syntax error)
TZ.at.ts	tz	ERR	[SQLITE_ERROR] SQL error or missing database (near "AT": syntax error)
TZ.at.tstz	tz	ERR	[SQLITE_ERROR] SQL error or missing database (near "AT": syntax error)
TZ.at.utc	tz	ERR	[SQLITE_ERROR] SQL error or missing database (near "AT": syntax error)
TZ.at.gmt	tz	ERR	[SQLITE_ERROR] SQL error or missing database (near "AT": syntax error)
TZ.roundtrip	tz	ERR	[SQLITE_ERROR] SQL error or missing database (near "'2021-01-03 10:20:30.123456'": syntax error)
TZ.show	tz	ERR	[SQLITE_ERROR] SQL error or missing database (near "SHOW": syntax error)
TZ.cursetting	tz	ERR	[SQLITE_ERROR] SQL error or missing database (no such function: current_setting)
TZ.duckset	tz	ERR	[SQLITE_ERROR] SQL error or missing database (no such function: current_setting)
TZ.cast.tstz2ts	tz	ERR	[SQLITE_ERROR] SQL error or missing database (near "'2021-01-03 10:20:30+00'": syntax error)
TZ.cast.ts2tstz	tz	ERR	[SQLITE_ERROR] SQL error or missing database (near "'2021-01-03 10:20:30.123456'": syntax error)
TZ.now.tstz	tz	ERR	[SQLITE_ERROR] SQL error or missing database (no such function: now)
TZ.sqlite.utc	tz	OK	String:2021-01-03 15:20:30
TZ.sqlite.local	tz	OK	String:2021-01-03 05:20:30
TZ.sqlite.named	tz	OK	<null>
EPOCH_SECONDS.duck	epoch	ERR	[SQLITE_ERROR] SQL error or missing database (near "'2021-01-03 10:20:30'": syntax error)
EPOCH_SECONDS.duckfrac	epoch	ERR	[SQLITE_ERROR] SQL error or missing database (near "'2021-01-03 10:20:30.123456'": syntax error)
EPOCH_SECONDS.extract	epoch	ERR	[SQLITE_ERROR] SQL error or missing database (near "FROM": syntax error)
EPOCH_SECONDS.extractfrac	epoch	ERR	[SQLITE_ERROR] SQL error or missing database (near "FROM": syntax error)
EPOCH_SECONDS.extractint	epoch	ERR	[SQLITE_ERROR] SQL error or missing database (near "FROM": syntax error)
EPOCH_SECONDS.sqlite.unixepoch	epoch	OK	Integer:1609669230
EPOCH_SECONDS.sqlite.strftime	epoch	OK	Integer:1609669230
EPOCH_SECONDS.sqlite.subsec	epoch	OK	Double:1.609669230123E9
EPOCH_MS.duck	epoch	ERR	[SQLITE_ERROR] SQL error or missing database (near "'2021-01-03 10:20:30.123456'": syntax error)
EPOCH_MS.duck2	epoch	ERR	[SQLITE_ERROR] SQL error or missing database (near "'2021-01-03 10:20:30'": syntax error)
EPOCH_MS.pg	epoch	ERR	[SQLITE_ERROR] SQL error or missing database (near "FROM": syntax error)
EPOCH_MS.pg.floor	epoch	ERR	[SQLITE_ERROR] SQL error or missing database (near "FROM": syntax error)
EPOCH_MS.sqlite	epoch	OK	Long:1609669230123
EPOCH_US.duck	epoch	ERR	[SQLITE_ERROR] SQL error or missing database (near "'2021-01-03 10:20:30.123456'": syntax error)
EPOCH_NS.duck	epoch	ERR	[SQLITE_ERROR] SQL error or missing database (near "'2021-01-03 10:20:30.123456'": syntax error)
FROM_EPOCH_SECONDS.native	epoch	ERR	[SQLITE_ERROR] SQL error or missing database (no such function: to_timestamp)
FROM_EPOCH_SECONDS.frac	epoch	ERR	[SQLITE_ERROR] SQL error or missing database (no such function: to_timestamp)
FROM_EPOCH_SECONDS.pgcast	epoch	ERR	[SQLITE_ERROR] SQL error or missing database (no such function: to_timestamp)
FROM_EPOCH_SECONDS.pgivl	epoch	ERR	[SQLITE_ERROR] SQL error or missing database (near "+": syntax error)
FROM_EPOCH_SECONDS.sqlite	epoch	OK	String:2021-01-03 10:20:30
FROM_EPOCH_MS.duck	epoch	ERR	[SQLITE_ERROR] SQL error or missing database (no such function: epoch_ms)
FROM_EPOCH_MS.pgdiv	epoch	ERR	[SQLITE_ERROR] SQL error or missing database (no such function: to_timestamp)
FROM_EPOCH_MS.pgivl	epoch	ERR	[SQLITE_ERROR] SQL error or missing database (near "+": syntax error)
FROM_EPOCH_MS.sqlite	epoch	OK	String:2021-01-03 10:20:30.123
FROM_EPOCH_MS.sqlite2	epoch	OK	String:2021-01-03 10:20:30.123
DAYNAME.native	names	ERR	[SQLITE_ERROR] SQL error or missing database (near "'2021-01-03'": syntax error)
DAYNAME.pg.day	names	ERR	[SQLITE_ERROR] SQL error or missing database (near "'2021-01-03'": syntax error)
DAYNAME.pg.fmday	names	ERR	[SQLITE_ERROR] SQL error or missing database (near "'2021-01-03'": syntax error)
DAYNAME.pg.rtrim	names	ERR	[SQLITE_ERROR] SQL error or missing database (near "'2021-01-03'": syntax error)
DAYNAME.pg.dy	names	ERR	[SQLITE_ERROR] SQL error or missing database (near "'2021-01-03'": syntax error)
DAYNAME.sqlite.strftime	names	OK	<null>
DAYNAME.sqlite.case	names	OK	String:Sunday
MONTHNAME.native	names	ERR	[SQLITE_ERROR] SQL error or missing database (near "'2021-01-03'": syntax error)
MONTHNAME.pg.month	names	ERR	[SQLITE_ERROR] SQL error or missing database (near "'2021-01-03'": syntax error)
MONTHNAME.pg.fmmonth	names	ERR	[SQLITE_ERROR] SQL error or missing database (near "'2021-01-03'": syntax error)
MONTHNAME.pg.rtrim	names	ERR	[SQLITE_ERROR] SQL error or missing database (near "'2021-01-03'": syntax error)
MONTHNAME.pg.mon	names	ERR	[SQLITE_ERROR] SQL error or missing database (near "'2021-01-03'": syntax error)
MONTHNAME.sqlite.strftime	names	OK	<null>
MONTHNAME.sqlite.case	names	OK	String:January
NAMES.pg.locale	names	ERR	[SQLITE_ERROR] SQL error or missing database (near "'2021-01-03'": syntax error)
NAMES.pg.lc_time	names	ERR	[SQLITE_ERROR] SQL error or missing database (near "SHOW": syntax error)
STRFTIME.duck	fmt	ERR	[SQLITE_ERROR] SQL error or missing database (near "'2021-01-03 10:20:30.123456'": syntax error)
STRFTIME.revargs	fmt	ERR	[SQLITE_ERROR] SQL error or missing database (near "'2021-01-03 10:20:30.123456'": syntax error)
STRFTIME.sqlite	fmt	OK	String:2021-01-03
STRFTIME.sqlite.rev	fmt	OK	<null>
STRFTIME.pg.tochar	fmt	ERR	[SQLITE_ERROR] SQL error or missing database (near "'2021-01-03 10:20:30.123456'": syntax error)
STRPTIME.duck	fmt	ERR	[SQLITE_ERROR] SQL error or missing database (no such function: strptime)
STRPTIME.duck.ts	fmt	ERR	[SQLITE_ERROR] SQL error or missing database (no such function: strptime)
STRPTIME.pg	fmt	ERR	[SQLITE_ERROR] SQL error or missing database (no such function: to_timestamp)
STRPTIME.pg.ts	fmt	ERR	[SQLITE_ERROR] SQL error or missing database (no such function: to_timestamp)
STRPTIME.sqlite	fmt	OK	String:2021-01-03 00:00:00
STRPTIME.sqlite.strict	fmt	OK	<null>
FMTCODE.duck.00.pctY	fmtcode	ERR	[SQLITE_ERROR] SQL error or missing database (near "'2021-01-03 10:20:30.123456'": syntax error)
FMTCODE.sqlite.00.pctY	fmtcode	OK	String:2021
FMTCODE.duck.01.pctm	fmtcode	ERR	[SQLITE_ERROR] SQL error or missing database (near "'2021-01-03 10:20:30.123456'": syntax error)
FMTCODE.sqlite.01.pctm	fmtcode	OK	String:01
FMTCODE.duck.02.pctd	fmtcode	ERR	[SQLITE_ERROR] SQL error or missing database (near "'2021-01-03 10:20:30.123456'": syntax error)
FMTCODE.sqlite.02.pctd	fmtcode	OK	String:03
FMTCODE.duck.03.pctH	fmtcode	ERR	[SQLITE_ERROR] SQL error or missing database (near "'2021-01-03 10:20:30.123456'": syntax error)
FMTCODE.sqlite.03.pctH	fmtcode	OK	String:10
FMTCODE.duck.04.pctM	fmtcode	ERR	[SQLITE_ERROR] SQL error or missing database (near "'2021-01-03 10:20:30.123456'": syntax error)
FMTCODE.sqlite.04.pctM	fmtcode	OK	String:20
FMTCODE.duck.05.pctS	fmtcode	ERR	[SQLITE_ERROR] SQL error or missing database (near "'2021-01-03 10:20:30.123456'": syntax error)
FMTCODE.sqlite.05.pctS	fmtcode	OK	String:30
FMTCODE.duck.06.pctf	fmtcode	ERR	[SQLITE_ERROR] SQL error or missing database (near "'2021-01-03 10:20:30.123456'": syntax error)
FMTCODE.sqlite.06.pctf	fmtcode	OK	String:30.123
FMTCODE.duck.07.pctg	fmtcode	ERR	[SQLITE_ERROR] SQL error or missing database (near "'2021-01-03 10:20:30.123456'": syntax error)
FMTCODE.sqlite.07.pctg	fmtcode	OK	String:20
FMTCODE.duck.08.pctb	fmtcode	ERR	[SQLITE_ERROR] SQL error or missing database (near "'2021-01-03 10:20:30.123456'": syntax error)
FMTCODE.sqlite.08.pctb	fmtcode	OK	<null>
FMTCODE.duck.09.pctB	fmtcode	ERR	[SQLITE_ERROR] SQL error or missing database (near "'2021-01-03 10:20:30.123456'": syntax error)
FMTCODE.sqlite.09.pctB	fmtcode	OK	<null>
FMTCODE.duck.10.pctA	fmtcode	ERR	[SQLITE_ERROR] SQL error or missing database (near "'2021-01-03 10:20:30.123456'": syntax error)
FMTCODE.sqlite.10.pctA	fmtcode	OK	<null>
FMTCODE.duck.11.pcta	fmtcode	ERR	[SQLITE_ERROR] SQL error or missing database (near "'2021-01-03 10:20:30.123456'": syntax error)
FMTCODE.sqlite.11.pcta	fmtcode	OK	<null>
FMTCODE.duck.12.pctI	fmtcode	ERR	[SQLITE_ERROR] SQL error or missing database (near "'2021-01-03 10:20:30.123456'": syntax error)
FMTCODE.sqlite.12.pctI	fmtcode	OK	String:10
FMTCODE.duck.13.pctmI	fmtcode	ERR	[SQLITE_ERROR] SQL error or missing database (near "'2021-01-03 10:20:30.123456'": syntax error)
FMTCODE.sqlite.13.pctmI	fmtcode	OK	<null>
FMTCODE.duck.14.pctp	fmtcode	ERR	[SQLITE_ERROR] SQL error or missing database (near "'2021-01-03 10:20:30.123456'": syntax error)
FMTCODE.sqlite.14.pctp	fmtcode	OK	String:AM
FMTCODE.duck.15.pctj	fmtcode	ERR	[SQLITE_ERROR] SQL error or missing database (near "'2021-01-03 10:20:30.123456'": syntax error)
FMTCODE.sqlite.15.pctj	fmtcode	OK	String:003
FMTCODE.duck.16.pctw	fmtcode	ERR	[SQLITE_ERROR] SQL error or missing database (near "'2021-01-03 10:20:30.123456'": syntax error)
FMTCODE.sqlite.16.pctw	fmtcode	OK	String:0
FMTCODE.duck.17.pctu	fmtcode	ERR	[SQLITE_ERROR] SQL error or missing database (near "'2021-01-03 10:20:30.123456'": syntax error)
FMTCODE.sqlite.17.pctu	fmtcode	OK	String:7
FMTCODE.duck.18.pctV	fmtcode	ERR	[SQLITE_ERROR] SQL error or missing database (near "'2021-01-03 10:20:30.123456'": syntax error)
FMTCODE.sqlite.18.pctV	fmtcode	OK	String:53
FMTCODE.duck.19.pctG	fmtcode	ERR	[SQLITE_ERROR] SQL error or missing database (near "'2021-01-03 10:20:30.123456'": syntax error)
FMTCODE.sqlite.19.pctG	fmtcode	OK	String:2020
FMTCODE.duck.20.pctU	fmtcode	ERR	[SQLITE_ERROR] SQL error or missing database (near "'2021-01-03 10:20:30.123456'": syntax error)
FMTCODE.sqlite.20.pctU	fmtcode	OK	String:01
FMTCODE.duck.21.pctW	fmtcode	ERR	[SQLITE_ERROR] SQL error or missing database (near "'2021-01-03 10:20:30.123456'": syntax error)
FMTCODE.sqlite.21.pctW	fmtcode	OK	String:00
FMTCODE.duck.22.pcts	fmtcode	ERR	[SQLITE_ERROR] SQL error or missing database (near "'2021-01-03 10:20:30.123456'": syntax error)
FMTCODE.sqlite.22.pcts	fmtcode	OK	String:1609669230
FMTCODE.duck.23.pcte	fmtcode	ERR	[SQLITE_ERROR] SQL error or missing database (near "'2021-01-03 10:20:30.123456'": syntax error)
FMTCODE.sqlite.23.pcte	fmtcode	OK	String: 3
FMTCODE.duck.24.pctF	fmtcode	ERR	[SQLITE_ERROR] SQL error or missing database (near "'2021-01-03 10:20:30.123456'": syntax error)
FMTCODE.sqlite.24.pctF	fmtcode	OK	String:2021-01-03
FMTCODE.duck.25.pctT	fmtcode	ERR	[SQLITE_ERROR] SQL error or missing database (near "'2021-01-03 10:20:30.123456'": syntax error)
FMTCODE.sqlite.25.pctT	fmtcode	OK	String:10:20:30
FMTCODE.duck.26.pctR	fmtcode	ERR	[SQLITE_ERROR] SQL error or missing database (near "'2021-01-03 10:20:30.123456'": syntax error)
FMTCODE.sqlite.26.pctR	fmtcode	OK	String:10:20
FMTCODE.duck.27.pctk	fmtcode	ERR	[SQLITE_ERROR] SQL error or missing database (near "'2021-01-03 10:20:30.123456'": syntax error)
FMTCODE.sqlite.27.pctk	fmtcode	OK	String:10
FMTCODE.duck.28.pctl	fmtcode	ERR	[SQLITE_ERROR] SQL error or missing database (near "'2021-01-03 10:20:30.123456'": syntax error)
FMTCODE.sqlite.28.pctl	fmtcode	OK	String:10
FMTCODE.duck.29.pctP	fmtcode	ERR	[SQLITE_ERROR] SQL error or missing database (near "'2021-01-03 10:20:30.123456'": syntax error)
FMTCODE.sqlite.29.pctP	fmtcode	OK	String:am
FMTCODE.duck.30.pctc	fmtcode	ERR	[SQLITE_ERROR] SQL error or missing database (near "'2021-01-03 10:20:30.123456'": syntax error)
FMTCODE.sqlite.30.pctc	fmtcode	OK	<null>
FMTCODE.duck.31.pctn	fmtcode	ERR	[SQLITE_ERROR] SQL error or missing database (near "'2021-01-03 10:20:30.123456'": syntax error)
FMTCODE.sqlite.31.pctn	fmtcode	OK	<null>
FMTCODE.duck.32.pctpct	fmtcode	ERR	[SQLITE_ERROR] SQL error or missing database (near "'2021-01-03 10:20:30.123456'": syntax error)
FMTCODE.sqlite.32.pctpct	fmtcode	OK	String:%
FMTCODE.duck.33.pctJ	fmtcode	ERR	[SQLITE_ERROR] SQL error or missing database (near "'2021-01-03 10:20:30.123456'": syntax error)
FMTCODE.sqlite.33.pctJ	fmtcode	OK	String:2459217.930904201
FMTCODE.duck.34.pcty	fmtcode	ERR	[SQLITE_ERROR] SQL error or missing database (near "'2021-01-03 10:20:30.123456'": syntax error)
FMTCODE.sqlite.34.pcty	fmtcode	OK	<null>
FMTCODE.duck.35.pctZ	fmtcode	ERR	[SQLITE_ERROR] SQL error or missing database (near "'2021-01-03 10:20:30.123456'": syntax error)
FMTCODE.sqlite.35.pctZ	fmtcode	OK	<null>
FMTCODE.duck.36.pctz	fmtcode	ERR	[SQLITE_ERROR] SQL error or missing database (near "'2021-01-03 10:20:30.123456'": syntax error)
FMTCODE.sqlite.36.pctz	fmtcode	OK	<null>
FMTPG.00.YYYY	fmtcode	ERR	[SQLITE_ERROR] SQL error or missing database (near "'2021-01-03 10:20:30.123456'": syntax error)
FMTPG.01.MM	fmtcode	ERR	[SQLITE_ERROR] SQL error or missing database (near "'2021-01-03 10:20:30.123456'": syntax error)
FMTPG.02.DD	fmtcode	ERR	[SQLITE_ERROR] SQL error or missing database (near "'2021-01-03 10:20:30.123456'": syntax error)
FMTPG.03.HH24	fmtcode	ERR	[SQLITE_ERROR] SQL error or missing database (near "'2021-01-03 10:20:30.123456'": syntax error)
FMTPG.04.MI	fmtcode	ERR	[SQLITE_ERROR] SQL error or missing database (near "'2021-01-03 10:20:30.123456'": syntax error)
FMTPG.05.SS	fmtcode	ERR	[SQLITE_ERROR] SQL error or missing database (near "'2021-01-03 10:20:30.123456'": syntax error)
FMTPG.06.US	fmtcode	ERR	[SQLITE_ERROR] SQL error or missing database (near "'2021-01-03 10:20:30.123456'": syntax error)
FMTPG.07.MS	fmtcode	ERR	[SQLITE_ERROR] SQL error or missing database (near "'2021-01-03 10:20:30.123456'": syntax error)
FMTPG.08.FF6	fmtcode	ERR	[SQLITE_ERROR] SQL error or missing database (near "'2021-01-03 10:20:30.123456'": syntax error)
FMTPG.09.Mon	fmtcode	ERR	[SQLITE_ERROR] SQL error or missing database (near "'2021-01-03 10:20:30.123456'": syntax error)
FMTPG.10.Month	fmtcode	ERR	[SQLITE_ERROR] SQL error or missing database (near "'2021-01-03 10:20:30.123456'": syntax error)
FMTPG.11.FMMonth	fmtcode	ERR	[SQLITE_ERROR] SQL error or missing database (near "'2021-01-03 10:20:30.123456'": syntax error)
FMTPG.12.Day	fmtcode	ERR	[SQLITE_ERROR] SQL error or missing database (near "'2021-01-03 10:20:30.123456'": syntax error)
FMTPG.13.FMDay	fmtcode	ERR	[SQLITE_ERROR] SQL error or missing database (near "'2021-01-03 10:20:30.123456'": syntax error)
FMTPG.14.Dy	fmtcode	ERR	[SQLITE_ERROR] SQL error or missing database (near "'2021-01-03 10:20:30.123456'": syntax error)
FMTPG.15.HH12	fmtcode	ERR	[SQLITE_ERROR] SQL error or missing database (near "'2021-01-03 10:20:30.123456'": syntax error)
FMTPG.16.FMHH12	fmtcode	ERR	[SQLITE_ERROR] SQL error or missing database (near "'2021-01-03 10:20:30.123456'": syntax error)
FMTPG.17.AM	fmtcode	ERR	[SQLITE_ERROR] SQL error or missing database (near "'2021-01-03 10:20:30.123456'": syntax error)
FMTPG.18.am	fmtcode	ERR	[SQLITE_ERROR] SQL error or missing database (near "'2021-01-03 10:20:30.123456'": syntax error)
FMTPG.19.DDD	fmtcode	ERR	[SQLITE_ERROR] SQL error or missing database (near "'2021-01-03 10:20:30.123456'": syntax error)
FMTPG.20.D	fmtcode	ERR	[SQLITE_ERROR] SQL error or missing database (near "'2021-01-03 10:20:30.123456'": syntax error)
FMTPG.21.ID	fmtcode	ERR	[SQLITE_ERROR] SQL error or missing database (near "'2021-01-03 10:20:30.123456'": syntax error)
FMTPG.22.IW	fmtcode	ERR	[SQLITE_ERROR] SQL error or missing database (near "'2021-01-03 10:20:30.123456'": syntax error)
FMTPG.23.IYYY	fmtcode	ERR	[SQLITE_ERROR] SQL error or missing database (near "'2021-01-03 10:20:30.123456'": syntax error)
FMTPG.24.WW	fmtcode	ERR	[SQLITE_ERROR] SQL error or missing database (near "'2021-01-03 10:20:30.123456'": syntax error)
FMTPG.25.Q	fmtcode	ERR	[SQLITE_ERROR] SQL error or missing database (near "'2021-01-03 10:20:30.123456'": syntax error)
FMTPG.26.TZ	fmtcode	ERR	[SQLITE_ERROR] SQL error or missing database (near "'2021-01-03 10:20:30.123456'": syntax error)
FMTPG.27.OF	fmtcode	ERR	[SQLITE_ERROR] SQL error or missing database (near "'2021-01-03 10:20:30.123456'": syntax error)
FMT.isopure.duck	fmt	ERR	[SQLITE_ERROR] SQL error or missing database (near "'2021-01-03 10:20:30.123456'": syntax error)
FMT.isopure.pg	fmt	ERR	[SQLITE_ERROR] SQL error or missing database (near "'2021-01-03 10:20:30.123456'": syntax error)
FMT.isomicro.duck	fmt	ERR	[SQLITE_ERROR] SQL error or missing database (near "'2021-01-03 10:20:30.123456'": syntax error)
FMT.isolocal.sqlite	fmt	OK	String:2021-01-03T10:20:30
FMT.isomicro.sqlite	fmt	OK	String:2021-01-03T10:20:30.123
TODAY.currentdate	now	OK	String:2026-07-31
TODAY.currentdate2	now	OK	String:2026-07-31
TODAY.fn	now	ERR	[SQLITE_ERROR] SQL error or missing database (near "(": syntax error)
TODAY.today	now	ERR	[SQLITE_ERROR] SQL error or missing database (no such function: today)
TODAY.sqlite	now	OK	String:2026-07-31
NOW.fn	now	ERR	[SQLITE_ERROR] SQL error or missing database (no such function: now)
NOW.currentts	now	OK	String:2026-07-31 19:54:21
NOW.localts	now	ERR	[SQLITE_ERROR] SQL error or missing database (no such column: LOCALTIMESTAMP)
NOW.getdate	now	ERR	[SQLITE_ERROR] SQL error or missing database (no such function: get_current_timestamp)
NOW.sqlite	now	OK	String:2026-07-31 19:54:21
NOW.sqlite.subsec	now	OK	String:2026-07-31 19:54:21.919
NOW.transaction	now	ERR	[SQLITE_ERROR] SQL error or missing database (no such function: transaction_timestamp)
EDGE.year.0001	edge	ERR	[SQLITE_ERROR] SQL error or missing database (no such column: DATE)
EDGE.year.0000	edge	ERR	[SQLITE_ERROR] SQL error or missing database (no such column: DATE)
EDGE.year.bc.iso	edge	ERR	[SQLITE_ERROR] SQL error or missing database (no such column: DATE)
EDGE.year.bc.suffix	edge	ERR	[SQLITE_ERROR] SQL error or missing database (no such column: DATE)
EDGE.year.bc.ts	edge	ERR	[SQLITE_ERROR] SQL error or missing database (no such column: TIMESTAMP)
EDGE.year.bc.tssuffix	edge	ERR	[SQLITE_ERROR] SQL error or missing database (no such column: TIMESTAMP)
EDGE.year.bc.extract.iso	edge	ERR	[SQLITE_ERROR] SQL error or missing database (near "'-0044-03-15'": syntax error)
EDGE.year.bc.extract.suffix	edge	ERR	[SQLITE_ERROR] SQL error or missing database (near "'0044-03-15 BC'": syntax error)
EDGE.year.bc.era	edge	ERR	[SQLITE_ERROR] SQL error or missing database (near "'0044-03-15 BC'": syntax error)
EDGE.year.bc.eraiso	edge	ERR	[SQLITE_ERROR] SQL error or missing database (near "'-0044-03-15'": syntax error)
EDGE.year.bc.tochar	edge	ERR	[SQLITE_ERROR] SQL error or missing database (near "'0044-03-15 BC'": syntax error)
EDGE.year.bc.strftime	edge	ERR	[SQLITE_ERROR] SQL error or missing database (near "'-0044-03-15'": syntax error)
EDGE.year.10000	edge	ERR	[SQLITE_ERROR] SQL error or missing database (no such column: DATE)
EDGE.year.99999	edge	ERR	[SQLITE_ERROR] SQL error or missing database (no such column: DATE)
EDGE.year.10000.ts	edge	ERR	[SQLITE_ERROR] SQL error or missing database (no such column: TIMESTAMP)
EDGE.year.294276	edge	ERR	[SQLITE_ERROR] SQL error or missing database (no such column: TIMESTAMP)
EDGE.year.9999	edge	ERR	[SQLITE_ERROR] SQL error or missing database (no such column: DATE)
EDGE.year.9999.infinity	edge	ERR	[SQLITE_ERROR] SQL error or missing database (no such column: TIMESTAMP)
EDGE.year.add.past9999	edge	ERR	[SQLITE_ERROR] SQL error or missing database (near "+": syntax error)
EDGE.year.add.past9999.lit	edge	ERR	[SQLITE_ERROR] SQL error or missing database (near "+": syntax error)
EDGE.sqlite.0000	edge	OK	String:0000-01-01
EDGE.sqlite.0001	edge	OK	String:0001-01-01
EDGE.sqlite.bc	edge	OK	String:-0044-03-15
EDGE.sqlite.bc.jd	edge	OK	Double:1705062.5
EDGE.sqlite.bc.text	edge	OK	String:-0044-03-15
EDGE.sqlite.bc.cmp	edge	OK	String:lt
EDGE.sqlite.10000	edge	OK	<null>
EDGE.sqlite.9999	edge	OK	String:9999-12-31
EDGE.sqlite.9999.plus	edge	OK	<null>
EDGE.sqlite.jd.min	edge	OK	String:-4713-11-24
EDGE.sqlite.jd.max	edge	OK	<null>
EDGE.sqlite.jd.over	edge	OK	<null>
EDGE.frac.6.render	edge	ERR	[SQLITE_ERROR] SQL error or missing database (near "'2021-01-03 10:20:30.123456'": syntax error)
EDGE.frac.7.render	edge	ERR	[SQLITE_ERROR] SQL error or missing database (near "'2021-01-03 10:20:30.1234567'": syntax error)
EDGE.frac.9.render	edge	ERR	[SQLITE_ERROR] SQL error or missing database (near "'2021-01-03 10:20:30.123456789'": syntax error)
EDGE.frac.5999999	edge	ERR	[SQLITE_ERROR] SQL error or missing database (near "'2021-01-03 10:20:59.999999'": syntax error)
EDGE.frac.5999999.9	edge	ERR	[SQLITE_ERROR] SQL error or missing database (near "'2021-01-03 10:20:59.9999999'": syntax error)
EDGE.frac.sqlite.3	edge	OK	String:2021-01-03 10:20:30.123
EDGE.frac.sqlite.6	edge	OK	String:2021-01-03 10:20:30.123
EDGE.frac.sqlite.9	edge	OK	String:2021-01-03 10:20:30.123
EDGE.frac.sqlite.roundtrip	edge	OK	String:2021-01-03 10:20:30.123
EDGE.frac.sqlite.jd	edge	OK	Double:2459217.930904201
EDGE.frac.sqlite.jdback	edge	OK	String:2021-01-03 10:20:30.123
EDGE.frac.sqlite.59999	edge	OK	String:2021-01-03 10:20:59.999
EDGE.frac.pg.us	edge	ERR	[SQLITE_ERROR] SQL error or missing database (near "'2021-01-03 10:20:30.123456'": syntax error)
EDGE.frac.pg.ms	edge	ERR	[SQLITE_ERROR] SQL error or missing database (near "'2021-01-03 10:20:30.123456'": syntax error)
EDGE.partial.hour	edge	ERR	[SQLITE_ERROR] SQL error or missing database (near "'2021-01-03 10:00:00'": syntax error)
EDGE.partial.min	edge	ERR	[SQLITE_ERROR] SQL error or missing database (near "'2021-01-03 10:20:00'": syntax error)
EDGE.partial.year	edge	ERR	[SQLITE_ERROR] SQL error or missing database (near "'2021-01-01'": syntax error)
EDGE.partial.sqlite.hour	edge	OK	String:2021-01-03 10:00:00
EDGE.partial.sqlite.short	edge	OK	String:2021-01-03 10:00:00
EDGE.partial.sqlite.yr	edge	OK	String:-4707-06-06 12:00:00
EDGE.partial.sqlite.ym	edge	OK	<null>
EDGE.partial.pg.ym	edge	OK	Integer:2021
EDGE.partial.duck.ym	edge	OK	Integer:2021
EDGE.partial.cmp.pfx	edge	OK	String:eq
EDGE.infinity.date	edge	ERR	[SQLITE_ERROR] SQL error or missing database (no such column: DATE)
EDGE.infinity.ts	edge	ERR	[SQLITE_ERROR] SQL error or missing database (no such column: TIMESTAMP)
EDGE.nulls.sort	edge	OK	<null>
ZZ.tz.show.default	pgtz	ERR	[SQLITE_ERROR] SQL error or missing database (near "SHOW": syntax error)
ZZ.tz.tstz.default	pgtz	ERR	[SQLITE_ERROR] SQL error or missing database (no such column: TIMESTAMPTZ)
ZZ.tz.tstz.default.txt	pgtz	ERR	[SQLITE_ERROR] SQL error or missing database (near "'2021-01-03 10:20:30+00'": syntax error)
ZZ.tz.ts.default	pgtz	ERR	[SQLITE_ERROR] SQL error or missing database (no such column: TIMESTAMP)
ZZ.tz.now.default	pgtz	OK	String:2026-07-31
ZZ.tz.set.ny	pgtz	ERR	[SQLITE_ERROR] SQL error or missing database (near "SET": syntax error)
ZZ.tz.show.ny	pgtz	ERR	[SQLITE_ERROR] SQL error or missing database (near "SHOW": syntax error)
ZZ.tz.tstz.ny	pgtz	ERR	[SQLITE_ERROR] SQL error or missing database (no such column: TIMESTAMPTZ)
ZZ.tz.tstz.ny.txt	pgtz	ERR	[SQLITE_ERROR] SQL error or missing database (near "'2021-01-03 10:20:30+00'": syntax error)
ZZ.tz.ts2tstz.ny	pgtz	ERR	[SQLITE_ERROR] SQL error or missing database (near "'2021-01-03 10:20:30'": syntax error)
ZZ.tz.tstz2ts.ny	pgtz	ERR	[SQLITE_ERROR] SQL error or missing database (near "'2021-01-03 10:20:30+00'": syntax error)
ZZ.tz.extract.ny	pgtz	ERR	[SQLITE_ERROR] SQL error or missing database (near "'2021-01-03 10:20:30+00'": syntax error)
ZZ.tz.epoch.ny	pgtz	ERR	[SQLITE_ERROR] SQL error or missing database (near "FROM": syntax error)
ZZ.tz.epochts.ny	pgtz	ERR	[SQLITE_ERROR] SQL error or missing database (near "FROM": syntax error)
ZZ.tz.trunc.ny	pgtz	ERR	[SQLITE_ERROR] SQL error or missing database (near "'2021-01-03 02:20:30+00'": syntax error)
ZZ.tz.set.gmt	pgtz	ERR	[SQLITE_ERROR] SQL error or missing database (near "SET": syntax error)
ZZ.tz.show.gmt	pgtz	ERR	[SQLITE_ERROR] SQL error or missing database (near "SHOW": syntax error)
ZZ.tz.tstz.gmt	pgtz	ERR	[SQLITE_ERROR] SQL error or missing database (no such column: TIMESTAMPTZ)
ZZ.tz.tstz.gmt.txt	pgtz	ERR	[SQLITE_ERROR] SQL error or missing database (near "'2021-01-03 10:20:30+00'": syntax error)
ZZ.tz.ts2tstz.gmt	pgtz	ERR	[SQLITE_ERROR] SQL error or missing database (near "'2021-01-03 10:20:30'": syntax error)
ZZ.tz.epoch.gmt	pgtz	ERR	[SQLITE_ERROR] SQL error or missing database (near "FROM": syntax error)
ZZ.tz.epochts.gmt	pgtz	ERR	[SQLITE_ERROR] SQL error or missing database (near "FROM": syntax error)
ZZ.tz.trunc.gmt	pgtz	ERR	[SQLITE_ERROR] SQL error or missing database (near "'2021-01-03 02:20:30+00'": syntax error)
ZZ.tz.duckset.gmt	pgtz	ERR	[SQLITE_ERROR] SQL error or missing database (near "SET": syntax error)
ZZ.tz.duck.after	pgtz	ERR	[SQLITE_ERROR] SQL error or missing database (near "'2021-01-03 10:20:30+00'": syntax error)
ZZ.tz.sqlite.set	pgtz	OK	String:2021-01-03 05:20:30
