cfg.version	cfg	OK	String:11.4.5-MariaDB
cfg.sqlmode	cfg	OK	String:IGNORE_SPACE,STRICT_TRANS_TABLES,ERROR_FOR_DIVISION_BY_ZERO,NO_AUTO_CREATE_USER,NO_ENGINE_SUBSTITUTION
cfg.tz	cfg	OK	String:SYSTEM
cfg.systz	cfg	OK	String:EDT
cfg.charset	cfg	OK	String:utf8mb4
cfg.collconn	cfg	OK	String:utf8mb4_general_ci
cfg.collserver	cfg	OK	String:utf8mb4_general_ci
cfg.lctn	cfg	OK	BigInteger:2
cfg.divprec	cfg	OK	BigInteger:4
cfg.dq1	cfg	OK	String:abc
cfg.dq2	cfg	OK	Integer:3
cfg.dq3	cfg	OK	String:name
cfg.bt1	cfg	OK	String:alice
cfg.pipes1	cfg	OK	Integer:0
cfg.pipes2	cfg	OK	Integer:1
cfg.pipes3	cfg	OK	Integer:0
cfg.pipes4	cfg	OK	Integer:0
cfg.bool1	cfg	OK	Integer:1
cfg.bool2	cfg	OK	Integer:1
cfg.boolcol	cfg	OK	Integer:1
cfg.strcmpcase	cfg	OK	Integer:1
cfg.strcmppad	cfg	OK	Integer:1
cfg.strorder	cfg	OK	String:a
ar.plus	arith	OK	Integer:5
ar.minus	arith	OK	Integer:7
ar.times	arith	OK	Integer:12
ar.neg	arith	OK	Integer:-5
ar.div.duck	arith	OK	BigDecimal:3.50000
ar.div.plain	arith	OK	BigDecimal:3.5000
ar.div.exact	arith	OK	BigDecimal:2.0000
ar.div.type	arith	OK	BigDecimal:0.3333
ar.div.neg	arith	OK	BigDecimal:-3.5000
ar.div.zero	arith	OK	<null>
ar.div.dbl	arith	OK	Double:3.5
ar.intdiv.duck	arith	ERR	(conn=4) You have an error in your SQL syntax; check the manual that corresponds to your MariaDB server version for the right syntax to use near '/ 2)' at line 1
ar.intdiv.c1	arith	OK	Integer:3
ar.intdiv.c2	arith	OK	Integer:-3
ar.intdiv.c3	arith	OK	Integer:-3
ar.intdiv.c4	arith	OK	Integer:3
ar.intdiv.zero	arith	OK	<null>
ar.intdiv.dec	arith	OK	Integer:3
ar.mod.duck.p	arith	OK	Integer:1
ar.mod.duck.n	arith	OK	Integer:2
ar.rem.duck.n	arith	OK	Integer:-1
ar.rem.duck.n2	arith	OK	Integer:1
ar.rem.op	arith	OK	Integer:-1
ar.rem.dec	arith	OK	BigDecimal:-1.5
ar.rem.zero	arith	OK	<null>
ar.abs	arith	OK	Integer:5
ar.abs.dec	arith	OK	BigDecimal:5.5
rd.duck.05	round	ERR	(conn=4) FUNCTION probe.ROUND_EVEN does not exist
rd.duck.25	round	ERR	(conn=4) FUNCTION probe.ROUND_EVEN does not exist
rd.dec.05	round	OK	BigDecimal:1
rd.dec.15	round	OK	BigDecimal:2
rd.dec.25	round	OK	BigDecimal:3
rd.dec.35	round	OK	BigDecimal:4
rd.dec.n05	round	OK	BigDecimal:-1
rd.dec.n25	round	OK	BigDecimal:-3
rd.dbl.05	round	OK	Double:0.0
rd.dbl.15	round	OK	Double:2.0
rd.dbl.25	round	OK	Double:2.0
rd.dbl.35	round	OK	Double:4.0
rd.dbl.n25	round	OK	Double:-2.0
rd.dblcast.25	round	OK	Double:2.0
rd.dblcast.35	round	OK	Double:4.0
rd.deccast.25	round	OK	BigDecimal:3
rd.deccast.35	round	OK	BigDecimal:4
rd.s2.dec125	round	OK	BigDecimal:0.13
rd.s2.dec135	round	OK	BigDecimal:0.14
rd.s2.dbl125	round	OK	Double:0.12
rd.s2.dbl135	round	OK	Double:0.14
rd.s2.duck125	round	ERR	(conn=4) FUNCTION probe.ROUND_EVEN does not exist
rd.trunc	round	OK	BigDecimal:2.56
rd.he.build25	round	OK	BigDecimal:2
rd.he.build35	round	OK	BigDecimal:4
rd.he.buildn25	round	OK	BigDecimal:-2
rd.hu.duck	round	OK	BigDecimal:3
rd.hu.dbl	round	OK	Double:2.0
mt.sqrt	math	OK	Double:4.0
mt.cbrt.duck	math	ERR	(conn=4) FUNCTION probe.CBRT does not exist
mt.cbrt.c1	math	OK	Double:2.999999996704163
mt.cbrt.c2	math	OK	Double:3.0
mt.cbrt.c3	math	OK	Double:-3.0
mt.exp	math	OK	Double:2.718281828459045
mt.ln	math	OK	Double:2.302585092994046
mt.log10	math	OK	Double:2.0
mt.pow	math	OK	Double:1024.0
mt.pi	math	OK	Double:3.141593
mt.sin	math	OK	Double:0.8414709848078965
mt.cos	math	OK	Double:0.5403023058681398
mt.tan	math	OK	Double:1.557407724654902
mt.asin	math	OK	Double:0.5235987755982988
mt.acos	math	OK	Double:1.0471975511965976
mt.atan	math	OK	Double:0.7853981633974483
mt.atan2.duck	math	OK	Double:0.4636476090008061
mt.atan2.c1	math	OK	Double:0.4636476090008061
mt.sinh.duck	math	ERR	(conn=4) FUNCTION probe.SINH does not exist
mt.sinh.c1	math	OK	Double:1.1752011936438014
mt.cosh.duck	math	ERR	(conn=4) FUNCTION probe.COSH does not exist
mt.cosh.c1	math	OK	Double:1.5430806348152437
mt.tanh.duck	math	ERR	(conn=4) FUNCTION probe.TANH does not exist
mt.tanh.c1	math	OK	Double:0.7615941559557649
mt.cot	math	OK	Double:0.6420926159343308
mt.radians	math	OK	Double:3.141592653589793
mt.degrees	math	OK	Double:180.0
mt.ceil.duck	math	ERR	(conn=4) You have an error in your SQL syntax; check the manual that corresponds to your MariaDB server version for the right syntax to use near 'BIGINT)' at line 1
mt.ceil.c1	math	OK	Integer:2
mt.ceiling	math	OK	Integer:2
mt.floor.duck	math	ERR	(conn=4) You have an error in your SQL syntax; check the manual that corresponds to your MariaDB server version for the right syntax to use near 'BIGINT)' at line 1
mt.floor.c1	math	OK	Integer:1
mt.floorraw	math	OK	Integer:1
mt.floorraw.neg	math	OK	Integer:-2
mt.sign.duck	math	ERR	(conn=4) You have an error in your SQL syntax; check the manual that corresponds to your MariaDB server version for the right syntax to use near 'BIGINT)' at line 1
mt.sign.c1	math	OK	Integer:-1
mt.sign	math	OK	Integer:-1
mt.ln.zero	math	OK	<null>
mt.ln.neg	math	OK	<null>
mt.sqrt.neg	math	OK	<null>
bt.and	bit	OK	BigInteger:8
bt.or	bit	OK	BigInteger:14
bt.xor.duck	bit	ERR	(conn=4) You have an error in your SQL syntax; check the manual that corresponds to your MariaDB server version for the right syntax to use near 'xor(12, 10)' at line 1
bt.xor.c1	bit	OK	BigInteger:6
bt.shl	bit	OK	BigInteger:16
bt.shr	bit	OK	BigInteger:16
bt.not.duck	bit	ERR	(conn=4) You have an error in your SQL syntax; check the manual that corresponds to your MariaDB server version for the right syntax to use near 'xor(5, -1)' at line 1
bt.not.c1	bit	OK	BigInteger:18446744073709551610
bt.not.c2	bit	OK	BigInteger:18446744073709551610
bt.not.c3	bit	OK	Long:-6
bt.negshr	bit	OK	BigInteger:9223372036854775804
bt.negshl	bit	OK	BigInteger:18446744073709551614
bt.negand	bit	OK	BigInteger:8
bt.negand.cast	bit	OK	Long:8
bt.negxor	bit	OK	BigInteger:18446744073709551604
bt.xor.log.duck	bit	OK	Integer:1
bt.xor.log.c1	bit	OK	Integer:1
bt.xor.log.c2	bit	OK	Integer:0
bt.xor.log.null	bit	OK	<null>
nl.isnull	null	OK	Integer:1
nl.isnotnull	null	OK	Integer:0
nl.in	null	OK	Integer:1
nl.in.null	null	OK	<null>
nl.in.nullmem	null	OK	<null>
nl.coalesce	null	OK	Integer:5
nl.coalesce3	null	OK	String:x
nl.isdistinct.duck	null	ERR	(conn=4) You have an error in your SQL syntax; check the manual that corresponds to your MariaDB server version for the right syntax to use near 'DISTINCT FROM NULL)' at line 1
nl.isdistinct.c1	null	OK	Integer:1
nl.isdistinct.c2	null	OK	Integer:0
nl.isdistinct.c3	null	OK	Integer:1
nl.greatest	null	OK	Integer:3
nl.greatest.null	null	OK	<null>
nl.least	null	OK	Integer:1
nl.least.null	null	OK	<null>
nl.greatest.str	null	OK	String:B
nl.parseint.duck	null	ERR	(conn=4) You have an error in your SQL syntax; check the manual that corresponds to your MariaDB server version for the right syntax to use near 'BIGINT)' at line 1
nl.parseint.c1	null	OK	Integer:123
nl.parseint.max	null	OK	Long:9223372036854775807
nl.parseint.min	null	OK	Long:-9223372036854775808
nl.parseint.bad	null	OK	Integer:0
nl.parseint.c2	null	OK	Integer:123
rt.typeof.duck	rt	ERR	(conn=4) FUNCTION probe.typeof does not exist
rt.typeof.c1	rt	ERR	(conn=4) FUNCTION probe.COLUMN_TYPE does not exist
rt.error.duck	rt	ERR	(conn=4) FUNCTION probe.error does not exist. Check the 'Function Name Parsing and Resolution' section in the Reference Manual
rt.error.c1	rt	ERR	(conn=4) boom
rt.error.c2	rt	ERR	(conn=4) Subquery returns more than 1 row
rt.error.c3	rt	OK	<null>
rt.error.c4	rt	OK	<null>
rt.error.c5	rt	ERR	(conn=4) XPATH syntax error: ''
rt.curuser.duck	rt	OK	String:@
rt.curuser.c1	rt	OK	String:@
rt.curuser.c2	rt	OK	String:root@
rt.guid.duck	rt	OK	UUID:7eecdc74-8d4a-11f1-8fd4-de279254a736
rt.guid.c1	rt	OK	UUID:7eecfc22-8d4a-11f1-8fd4-de279254a736
rt.hash.duck	rt	ERR	(conn=4) FUNCTION probe.hash does not exist. Check the 'Function Name Parsing and Resolution' section in the Reference Manual
rt.hash.c1	rt	OK	Long:891568578
rt.hash.c2	rt	OK	String:10376663631224000432
rt.md5	rt	OK	String:900150983cd24fb0d6963f7d28e17f72
rt.sha1	rt	OK	String:a9993e364706816aba3e25717850c26c9cd0d89d
rt.sha256.duck	rt	ERR	(conn=4) FUNCTION probe.sha256 does not exist
rt.sha256.c1	rt	OK	String:ba7816bf8f01cfea414140de5dae2223b00361a396177a9cb410ff61f20015ad
a2.sqlmode1	cfg	OK	String:IGNORE_SPACE,STRICT_TRANS_TABLES,ERROR_FOR_DIVISION_BY_ZERO,NO_AUTO_CREATE_USER,NO_ENGINE_SUBSTITUTI
a2.sqlmode2	cfg	OK	String:ON
a2.onlyfullgb	cfg	OK	Integer:0
a2.ansiquotes	cfg	OK	Integer:0
a2.pipesconcat	cfg	OK	Integer:0
a2.pi.c1	math	OK	Double:3.141592653589793
a2.pi.c2	math	OK	Double:3.141592653589793
a2.pi.c3	math	OK	Double:3.141592653589793
a2.pi.c4	math	OK	Double:3.141592653589793
a2.pi.eq	math	OK	Integer:1
a2.intdiv.duckneg	arith	ERR	(conn=4) You have an error in your SQL syntax; check the manual that corresponds to your MariaDB server version for the right syntax to use near '/ 2)' at line 1
a2.intdiv.duckneg2	arith	ERR	(conn=4) You have an error in your SQL syntax; check the manual that corresponds to your MariaDB server version for the right syntax to use near '/ -2)' at line 1
a2.concat.null	str	OK	<null>
a2.concat.ws	str	OK	String:ab
a2.concat.coalesce	str	OK	String:ab
a2.greatest.skipnull	null	OK	Double:3.0
a2.err.xpath	rt	ERR	(conn=4) XPATH syntax error: ''
a2.err.jsonval	rt	OK	<null>
a2.err.subq	rt	ERR	(conn=4) Subquery returns more than 1 row
a2.err.jsonextract	rt	OK	<null>
a2.err.strict	rt	OK	<null>
a2.typeof.c2	rt	OK	String:INTEGER
a2.typeof.c3	rt	ERR	(conn=4) You have an error in your SQL syntax; check the manual that corresponds to your MariaDB server version for the right syntax to use near 'JSON))' at line 1
a2.typeof.c4	rt	OK	String:double
s.len.duck	str	OK	Integer:3
s.len.multi	str	OK	Integer:6
s.len.charlen	str	OK	Integer:5
s.upper	str	OK	String:ABC
s.lower	str	OK	String:abc
s.upper.multi	str	OK	String:HÉLLO
s.substr.duck	str	OK	String:bcd
s.substr.c1	str	OK	String:bcd
s.substr.neg	str	OK	String:de
s.substr.zero	str	OK	String:
s.substr.2arg	str	OK	String:cdef
s.substr.overrun	str	OK	String:bc
s.strpos.duck	str	ERR	(conn=4) FUNCTION probe.strpos does not exist
s.strpos.c1	str	OK	Integer:2
s.strpos.c2	str	OK	Integer:2
s.strpos.c3	str	OK	Integer:2
s.strpos.miss	str	OK	Integer:0
s.strpos.case	str	OK	Integer:2
s.startswith.duck	str	ERR	(conn=4) FUNCTION probe.starts_with does not exist
s.startswith.c1	str	OK	Integer:1
s.startswith.c2	str	OK	Integer:1
s.startswith.c3	str	OK	Integer:1
s.startswith.case	str	OK	Integer:1
s.startswith.casebin	str	OK	Integer:0
s.endswith.duck	str	ERR	(conn=4) FUNCTION probe.ends_with does not exist
s.endswith.c1	str	OK	Integer:1
s.endswith.c2	str	OK	Integer:1
s.left	str	OK	String:abc
s.left.neg	str	OK	String:
s.right	str	OK	String:def
s.lpad	str	OK	String:xxxab
s.lpad.trunc	str	OK	String:abc
s.lpad.sp	str	OK	String: ab
s.rpad	str	OK	String:abxxx
s.trim	str	OK	String:ab
s.trim.2arg.duck	str	ERR	(conn=4) You have an error in your SQL syntax; check the manual that corresponds to your MariaDB server version for the right syntax to use near ''x')' at line 1
s.trim.2arg.c1	str	OK	String:ab
s.ltrim	str	OK	String:ab
s.ltrim.2arg.duck	str	ERR	(conn=4) Incorrect parameter count in the call to native function 'ltrim'
s.ltrim.2arg.c1	str	OK	String:ab
s.rtrim	str	OK	String: ab
s.rtrim.2arg.c1	str	OK	String:ab
s.replace	str	OK	String:aZcaZc
s.replace.case	str	OK	String:ABCaZc
s.repeat.duck	str	OK	String:ababab
s.repeat.c1	str	OK	String:ababab
s.reverse.duck	str	OK	String:cba
s.reverse.c1	str	OK	String:cba
s.ascii.duck	str	OK	Integer:65
s.ascii.multi	str	OK	Integer:195
s.ascii.ord	str	OK	Integer:50089
s.ascii.duckmulti	str	OK	Integer:195
s.chr.duck	str	OK	String:A
s.chr.c1	str	OK	byte[]:A
s.chr.c2	str	OK	String:A
s.chr.multi	str	OK	<null>
s.chr.duckmulti	str	OK	<null>
s.ucfirst.duck	str	OK	Integer:0
s.ucfirst.c1	str	OK	String:Hello
s.lcfirst.c1	str	OK	String:hELLO
s.b64enc.duck	str	ERR	(conn=4) You have an error in your SQL syntax; check the manual that corresponds to your MariaDB server version for the right syntax to use near 'BLOB))' at line 1
s.b64enc.c1	str	OK	String:aGVsbG8=
s.b64enc.c2	str	OK	String:aGVsbG8=
s.b64dec.duck	str	ERR	(conn=4) You have an error in your SQL syntax; check the manual that corresponds to your MariaDB server version for the right syntax to use near ')' at line 1
s.b64dec.c1	str	OK	byte[]:hello
s.b64dec.c2	str	OK	String:hello
s.lev.duck	str	ERR	(conn=4) FUNCTION probe.levenshtein does not exist
s.lev.c1	str	ERR	(conn=4) FUNCTION probe.LEVENSHTEIN does not exist
s.lev.c2	str	ERR	(conn=4) FUNCTION probe.EDIT_DISTANCE does not exist
s.lev.c3	str	OK	String:K350
s.jw.duck	str	ERR	(conn=4) FUNCTION probe.jaro_winkler_similarity does not exist
s.jw.c1	str	ERR	(conn=4) FUNCTION probe.JARO_WINKLER_SIMILARITY does not exist
s.jw.c2	str	ERR	(conn=4) FUNCTION probe.JARO_WINKLER does not exist
s.fmt.duck	str	ERR	(conn=4) FUNCTION probe.printf does not exist
s.fmt.c1	str	OK	String:0
s.fmt.collide	str	OK	String:1,234.57
s.fmt.c2	str	OK	String:a-5
s.fmt.c3	str	OK	String:a-5
s.split.duck	str	ERR	(conn=4) FUNCTION probe.string_split does not exist
s.split.c1	str	ERR	(conn=4) FUNCTION probe.SPLIT does not exist
s.split.c2	str	OK	String:["a"]
s.split.c3	str	OK	String:["a","b","c"]
s.splitpart.duck	str	ERR	(conn=4) FUNCTION probe.split_part does not exist
s.splitpart.c1	str	OK	String:b
s.splitpart.oob.duck	str	ERR	(conn=4) FUNCTION probe.split_part does not exist
s.splitpart.oob.c1	str	OK	String:c
r.matches.duck	rx	ERR	(conn=4) FUNCTION probe.regexp_matches does not exist
r.matches.c1	rx	OK	Integer:1
r.matches.c2	rx	OK	Integer:1
r.matches.c3	rx	OK	Integer:1
r.matches.case	rx	OK	Integer:1
r.matches.casebin	rx	OK	Integer:0
r.matches.duckcase	rx	ERR	(conn=4) FUNCTION probe.regexp_matches does not exist
r.full.duck	rx	ERR	(conn=4) FUNCTION probe.regexp_full_match does not exist
r.full.part.duck	rx	ERR	(conn=4) FUNCTION probe.regexp_full_match does not exist
r.full.c1	rx	OK	Integer:1
r.full.c2	rx	OK	Integer:0
r.ext.duck	rx	ERR	(conn=4) FUNCTION probe.regexp_extract does not exist
r.ext.c1	rx	OK	String:123
r.ext.grp.duck	rx	ERR	(conn=4) FUNCTION probe.regexp_extract does not exist
r.ext.grp.c1	rx	ERR	(conn=4) Incorrect parameter count in the call to native function 'REGEXP_SUBSTR'
r.ext.grp.c2	rx	OK	String:01
r.ext.grp.c3	rx	OK	String:$2
r.extall.duck	rx	ERR	(conn=4) FUNCTION probe.regexp_extract_all does not exist
r.extall.c1	rx	ERR	(conn=4) FUNCTION probe.REGEXP_SUBSTR_ALL does not exist
r.extall.c2	rx	OK	String:,1,22,333
r.repl.duck	rx	OK	String:abc#
r.repl.c1	rx	OK	String:abc#
r.repl.all.duck	rx	OK	String:a#b#
r.repl.all.c1	rx	OK	String:a#b#
r.repl.backref.duck	rx	OK	String:21
r.repl.backref.c1	rx	OK	String:ba
r.repl.backref.c2	rx	OK	String:$2$1
r.instr	rx	OK	Integer:4
r.lookahead.mdb	rx	OK	Integer:1
r.lookahead.duck	rx	ERR	(conn=4) FUNCTION probe.regexp_matches does not exist
r.backrefpat.mdb	rx	OK	Integer:1
r.backrefpat.duck	rx	ERR	(conn=4) FUNCTION probe.regexp_matches does not exist
r.posixclass.mdb	rx	OK	Integer:1
r.posixclass.duck	rx	ERR	(conn=4) FUNCTION probe.regexp_matches does not exist
b2.bslash.len	lit	OK	Integer:1
b2.bslash.len2	lit	ERR	(conn=4) You have an error in your SQL syntax; check the manual that corresponds to your MariaDB server version for the right syntax to use near ''\')' at line 1
b2.bslash.n	lit	OK	Integer:1
b2.bslash.d	lit	OK	Integer:1
b2.nobslash	lit	OK	Integer:0
b2.quote.esc	lit	OK	Integer:3
b2.ascii.cp1	str	OK	String:233
b2.ascii.cp2	str	OK	Integer:50089
b2.chr.cp1	str	OK	String:é
b2.chr.cp2	str	OK	String:é
b2.chr.cp3	str	OK	String:é
b2.fmt.duck2	str	OK	String:0
b2.fmt.sformat	str	OK	String:a-5
b2.fmt.sformat2	str	OK	String:3.14
b2.regrepl.g.duck	rx	ERR	(conn=4) Incorrect parameter count in the call to native function 'regexp_replace'
b2.regrepl.first.mdb	rx	OK	String:a#b2
b2.err.xpath2	rt	ERR	(conn=4) XPATH syntax error: '~boom'
b2.err.xpath3	rt	ERR	(conn=4) XPATH syntax error: '~boom'
b2.lev.cte	str	OK	Long:3
b2.strcmp.bin	cfg	OK	Integer:-1
b2.coll.bin	cfg	OK	Integer:0
b2.coll.list	cfg	OK	Long:2
t.today.duck	tm	OK	Date:2026-07-31
t.today.c1	tm	OK	Date:2026-07-31
t.today.c2	tm	OK	Date:2026-07-31
t.now.duck	tm	OK	Timestamp:2026-07-31 21:44:12.0
t.now.c1	tm	OK	Timestamp:2026-07-31 21:44:12.0
t.now.c2	tm	OK	Timestamp:2026-07-31 21:44:12.0
t.now.c3	tm	OK	Timestamp:2026-07-31 21:44:12.0
t.now.type	tm	OK	Timestamp:2026-07-31 21:44:12.200431
t.ext.year.duck	tm	ERR	(conn=4) FUNCTION probe.date_part does not exist
t.ext.year.c1	tm	OK	Integer:2020
t.ext.year.c2	tm	OK	Integer:2020
t.ext.month.c1	tm	OK	Integer:1
t.ext.day.c1	tm	OK	Integer:15
t.ext.hour.c1	tm	OK	Integer:13
t.ext.min.c1	tm	OK	Integer:45
t.ext.sec.c1	tm	OK	Integer:12
t.ext.qtr.duck	tm	ERR	(conn=4) FUNCTION probe.date_part does not exist
t.ext.qtr.c1	tm	OK	Integer:2
t.ext.doy.duck	tm	ERR	(conn=4) FUNCTION probe.date_part does not exist
t.ext.doy.c1	tm	OK	Integer:136
t.ext.dow.duck	tm	ERR	(conn=4) FUNCTION probe.date_part does not exist
t.ext.dow.c1	tm	OK	Integer:4
t.ext.dow.c2	tm	OK	Integer:2
t.ext.isodow.duck	tm	ERR	(conn=4) FUNCTION probe.date_part does not exist
t.ext.isodow.c1	tm	OK	Integer:3
t.ext.week.duck	tm	ERR	(conn=4) FUNCTION probe.date_part does not exist
t.ext.week.c1	tm	OK	Integer:0
t.ext.week.c2	tm	OK	Integer:1
t.ext.week.c3	tm	OK	Integer:1
t.ext.week2.duck	tm	ERR	(conn=4) FUNCTION probe.date_part does not exist
t.ext.week2.c1	tm	OK	Integer:1
t.ext.week2.c2	tm	OK	Integer:53
t.ext.isoyear.duck	tm	ERR	(conn=4) FUNCTION probe.date_part does not exist
t.ext.isoyear.c1	tm	OK	Integer:2020
t.ext.epoch.duck	tm	ERR	(conn=4) FUNCTION probe.date_part does not exist
t.ext.epoch.c1	tm	OK	Long:1579064400
t.ext.ms.duck	tm	ERR	(conn=4) FUNCTION probe.date_part does not exist
t.ext.ms.c1	tm	OK	Integer:234
t.trunc.day.duck	tm	OK	Date:2020-05-15
t.trunc.day.c1	tm	OK	Date:2020-05-15
t.trunc.duck.mon	tm	ERR	(conn=4) FUNCTION probe.date_trunc does not exist
t.trunc.mdb.mon	tm	ERR	(conn=4) FUNCTION probe.DATE_TRUNC does not exist
t.trunc.mon.c1	tm	OK	String:2020-05-01
t.trunc.mon.c2	tm	OK	Timestamp:2020-05-01 00:00:00.0
t.trunc.duck.yr	tm	ERR	(conn=4) FUNCTION probe.date_trunc does not exist
t.trunc.yr.c1	tm	OK	Timestamp:2020-01-01 00:00:00.0
t.trunc.duck.hr	tm	ERR	(conn=4) FUNCTION probe.date_trunc does not exist
t.trunc.hr.c1	tm	OK	Timestamp:2020-05-15 13:00:00.0
t.trunc.duck.min	tm	ERR	(conn=4) FUNCTION probe.date_trunc does not exist
t.trunc.min.c1	tm	OK	Timestamp:2020-05-15 13:45:00.0
t.trunc.duck.wk	tm	ERR	(conn=4) FUNCTION probe.date_trunc does not exist
t.trunc.wk.c1	tm	OK	Date:2020-05-11
t.trunc.duck.qtr	tm	ERR	(conn=4) FUNCTION probe.date_trunc does not exist
t.trunc.qtr.c1	tm	ERR	(conn=4) Incorrect DATETIME value: '2020-05-15'
t.trunc.duck.dec	tm	ERR	(conn=4) FUNCTION probe.date_trunc does not exist
t.mkdate.duck	tm	ERR	(conn=4) FUNCTION probe.make_date does not exist
t.mkdate.collide	tm	OK	Date:2020-01-05
t.mkdate.c1	tm	OK	Date:2020-05-15
t.mkdate.c2	tm	OK	Date:2020-05-15
t.mkdate.c3	tm	OK	Date:2020-05-15
t.mkts.duck	tm	ERR	(conn=4) FUNCTION probe.make_timestamp does not exist
t.mkts.c1	tm	OK	Timestamp:2020-05-15 13:45:12.0
t.mkts.c2	tm	OK	Timestamp:2020-05-15 13:45:12.0
t.addint.duck	tm	ERR	(conn=4) FUNCTION probe.to_years does not exist
t.addint.c1	tm	OK	Date:2022-01-15
t.addint.c2	tm	OK	Date:2022-01-15
t.addint.expr	tm	OK	Date:2022-01-15
t.addint.mon	tm	OK	Date:2020-02-29
t.addint.mon.duck	tm	ERR	(conn=4) FUNCTION probe.to_months does not exist
t.addint.neg	tm	OK	Date:2020-01-13
t.addint.ms	tm	OK	Timestamp:2020-01-15 00:00:00.0005
t.datediff.duck	tm	ERR	(conn=4) FUNCTION probe.date_diff does not exist
t.datediff.c1	tm	OK	Integer:-46
t.datediff.c2	tm	OK	Integer:46
t.datediff.c3	tm	OK	Long:46
t.datediff.mon.duck	tm	ERR	(conn=4) FUNCTION probe.date_diff does not exist
t.datediff.mon.c3	tm	OK	Long:1
t.datediff.yr.duck	tm	ERR	(conn=4) FUNCTION probe.date_diff does not exist
t.datediff.yr.c3	tm	OK	Long:0
t.datediff.hr.duck	tm	ERR	(conn=4) FUNCTION probe.date_diff does not exist
t.datediff.hr.c3	tm	OK	Long:1
t.datediff.wk.duck	tm	ERR	(conn=4) FUNCTION probe.date_diff does not exist
t.datediff.wk.c3	tm	OK	Long:6
t.bucket.duck	tm	ERR	(conn=4) FUNCTION probe.time_bucket does not exist
t.bucket.c1	tm	OK	Timestamp:2020-05-13 20:00:00.0
t.tz.duck	tm	ERR	(conn=4) FUNCTION probe.timezone does not exist
t.tz.c1	tm	OK	<null>
t.tz.c2	tm	OK	Timestamp:2020-05-15 09:45:12.0
t.tz.count	tm	OK	Long:0
t.epochs.duck	tm	ERR	(conn=4) FUNCTION probe.epoch does not exist
t.epochs.c1	tm	OK	Long:1579064400
t.epochs.c2	tm	OK	Long:1579046400
t.epochms.duck	tm	ERR	(conn=4) FUNCTION probe.epoch_ms does not exist
t.epochms.c1	tm	OK	Long:1579064400000
t.epochms.c2	tm	OK	Long:1579064400123
t.fromepochs.duck	tm	ERR	(conn=4) FUNCTION probe.to_timestamp does not exist
t.fromepochs.c1	tm	OK	Timestamp:2020-01-14 19:00:00.0
t.fromepochms.duck	tm	ERR	(conn=4) You have an error in your SQL syntax; check the manual that corresponds to your MariaDB server version for the right syntax to use near 'BIGINT))' at line 1
t.fromepochms.c1	tm	OK	Timestamp:2020-01-14 19:00:00.123
t.fromepochms.c2	tm	OK	Timestamp:2020-01-14 19:00:00.123
t.dayname.duck	tm	OK	String:Wednesday
t.dayname.c1	tm	OK	String:Wednesday
t.monthname.duck	tm	OK	String:January
t.monthname.c1	tm	OK	String:January
t.lctime	tm	OK	String:en_US
t.strftime.duck	tm	ERR	(conn=4) FUNCTION probe.strftime does not exist
t.strftime.c1	tm	OK	String:2020/01/15
t.strftime.c2	tm	OK	String:2020-01-15 13:45:12
t.strftime.duck2	tm	ERR	(conn=4) FUNCTION probe.strftime does not exist
t.strptime.duck	tm	ERR	(conn=4) FUNCTION probe.strptime does not exist
t.strptime.c1	tm	OK	Date:2020-01-15
t.strptime.bad.duck	tm	ERR	(conn=4) FUNCTION probe.strptime does not exist
t.strptime.bad.c1	tm	OK	<null>
t.zerodate.lit	tm	OK	<null>
t.zerodate.c1	tm	OK	<null>
t.zerodate.c2	tm	OK	<null>
t.zerodate.c3	tm	OK	<null>
t.datelit	tm	OK	Date:2020-01-15
t.tslit	tm	OK	Timestamp:2020-01-15 13:45:12.0
t.hiredcol	tm	OK	Date:2020-01-15
t.datemath	tm	OK	Long:20200116
t.datemath2	tm	OK	Date:2020-01-16
d.re.even135	round	ERR	(conn=4) FUNCTION probe.ROUND_EVEN does not exist
d.re.dblcol	round	OK	Double:100.0
d.re.deccol	round	OK	BigDecimal:1000
d.re.he.gen	round	OK	Double:2.0
d.re.he.gen2	round	OK	Double:0.12
d.hu.gen	round	OK	BigDecimal:3
d.hu.gen2	round	OK	BigDecimal:0.13
d.trunc.qtr.c2	tm	OK	Timestamp:2020-04-01 00:00:00.0
d.trunc.dec.c1	tm	OK	Timestamp:2020-01-01 00:00:00.0
d.trunc.sec.duck	tm	ERR	(conn=4) FUNCTION probe.date_trunc does not exist
d.trunc.sec.c1	tm	OK	Timestamp:2020-05-15 13:45:12.0
d.trunc.ms.duck	tm	ERR	(conn=4) FUNCTION probe.date_trunc does not exist
d.trunc.ms.c1	tm	OK	Timestamp:2020-05-15 13:45:12.678999
d.trunc.wk.ts	tm	OK	Timestamp:2020-05-11 00:00:00.0
d.dd.mon.bx	tm	OK	Integer:2
d.dd.yr.bx	tm	OK	Integer:1
d.dd.hr.bx	tm	OK	Long:2
d.dd.wk2.duck	tm	ERR	(conn=4) FUNCTION probe.date_diff does not exist
d.dd.wk2.c3	tm	OK	Long:0
d.dd.wk2.bx	tm	OK	Integer:1
d.dd.day.bx	tm	OK	Integer:46
d.dd.min.duck	tm	ERR	(conn=4) FUNCTION probe.date_diff does not exist
d.dd.min.c3	tm	OK	Long:0
d.ms.duck	tm	ERR	(conn=4) FUNCTION probe.date_part does not exist
d.ms.c2	tm	OK	Integer:1234
d.us.duck	tm	ERR	(conn=4) FUNCTION probe.date_part does not exist
d.us.c1	tm	OK	Long:1234000
d.bucket.tzfree	tm	OK	Timestamp:2020-05-14 00:00:00.0
d.epoch.tzfree	tm	OK	Long:1579046400
d.epochms.tzfree	tm	OK	Long:1579046400123
d.fromepoch.tzfree	tm	OK	Timestamp:2020-01-15 00:00:00.0
d.fromepochms.tzfree	tm	OK	Timestamp:2020-01-15 00:00:00.123
d.tz.utcconv	tm	OK	Timestamp:2020-05-15 17:45:12.0
d.tz.named2	tm	OK	<null>
d.strf.j.duck	tm	ERR	(conn=4) FUNCTION probe.strftime does not exist
d.strf.j.c1	tm	OK	String:136
d.strf.p.duck	tm	ERR	(conn=4) FUNCTION probe.strftime does not exist
d.strf.p.c1	tm	OK	String:PM
d.strf.pct.duck	tm	ERR	(conn=4) FUNCTION probe.strftime does not exist
d.strf.pct.c1	tm	OK	String:15%
d.strf.M.duck	tm	ERR	(conn=4) FUNCTION probe.strftime does not exist
d.strf.M.c1	tm	OK	String:May
d.strf.S.c1	tm	OK	String:12
d.strf.B.duck	tm	ERR	(conn=4) FUNCTION probe.strftime does not exist
d.strf.B.c1	tm	OK	String:May
d.strp.hm.c1	tm	OK	Timestamp:2020-01-15 13:45:12.0
d.strp.ts.c2	tm	OK	Timestamp:2020-01-15 00:00:00.0
d.lev.cte1	str	OK	Long:1
d.typeof.c5	rt	OK	String:STRING
d.typeof.c6	rt	OK	String:ARRAY
d.ascii.final	str	OK	Double:233.0
d.ascii.ascii	str	OK	Double:65.0
d.splitpart.guard	str	OK	String:
d.startswith.bin	str	OK	Integer:0
d.strpos.bin	str	OK	Integer:0
d.eq.bin	cfg	OK	Integer:0
d.eq.pad	cfg	OK	Integer:0
d.regexp.bin	rx	OK	Integer:0
d.regexp.ci	rx	OK	Integer:1
z.set.tz	setup	OK	<nors>
z.epoch.after	tm	OK	Long:1579046400
z.fromepoch.after	tm	OK	Timestamp:2020-01-15 00:00:00.0
z.now.after	tm	OK	Timestamp:2026-08-01 01:44:12.0
z.set.mode	setup	OK	<nors>
z.dq.after	cfg	OK	String:alice
z.dqlit.after	cfg	ERR	(conn=4) Unknown column 'abc' in 'SELECT'
z.pipes.after	cfg	OK	String:ab
z.pipes.null	cfg	OK	Integer:1
z.bslash.after	cfg	OK	Integer:2
z.zerodate.after	tm	OK	<null>
z.strcmp.after	cfg	OK	Integer:1
z.div.after	arith	OK	<null>
z.set.coll	setup	OK	<nors>
z.strcmp.bin	cfg	OK	Integer:0
z.pad.bin	cfg	OK	Integer:1
z.strpos.bin	cfg	OK	Integer:0
z.regexp.bin	cfg	OK	Integer:0
z.greatest.bin	cfg	OK	String:a
z.set.nopad	setup	OK	<nors>
z.pad.nopad	cfg	OK	Integer:0
z.set.divprec	setup	OK	<nors>
z.div.prec	arith	OK	BigDecimal:0.333333333333333333333333333333
z.div.prec2	arith	OK	BigDecimal:3.5000000000000000000000000000000
e.cte.inscalar	str	OK	Integer:5
e.lev.dp	str	OK	Integer:6
e.lev.corr	str	ERR	(conn=4) Unknown column 'e.name' in 'WHERE'
e.bitagg.and	bit	OK	BigInteger:0
e.bitagg.2arg	bit	ERR	(conn=4) You have an error in your SQL syntax; check the manual that corresponds to your MariaDB server version for the right syntax to use near '10)' at line 1
e.rw.left	cfg	OK	Integer:1
e.rw.left2	cfg	OK	Integer:1
e.ignspace	cfg	ERR	(conn=4) You have an error in your SQL syntax; check the manual that corresponds to your MariaDB server version for the right syntax to use near '*) FROM emp' at line 1
e.zerodate.ins	tm	ERR	(conn=4) Incorrect date value: '0000-00-00' for column `probe`.`emp`.`hired` at row 1
e.zerodate.read	tm	OK	<norows>
e.jsontable	tm	OK	Integer:7
e.concatws.nullsep	str	OK	<null>
e.greatest.gen	null	OK	Integer:3
e.instr.empty	str	OK	Integer:1
e.instr.empty.duck	str	ERR	(conn=4) FUNCTION probe.strpos does not exist
e.substr.negzero	str	OK	String:
e.dd.hr.trunc	tm	OK	Long:2
e.pow.neg	math	ERR	(conn=4) DOUBLE value is out of range in 'pow(-8,1e0 / 3e0)'
e.mod.dblneg	arith	OK	Double:-1.0
e.div.castdbl	arith	OK	Double:3.5
e.div.castdbl2	arith	OK	Double:0.3333333333333333
f.shr.neg.duck	bit	OK	BigInteger:9223372036854775804
f.shr.neg.c1	bit	OK	Long:9223372036854775804
f.shr.neg.c2	bit	OK	Long:-4
f.shr.pos.c2	bit	OK	Long:16
f.shl.neg.c2	bit	OK	Long:-2
f.hu.dec65	round	OK	BigDecimal:3
f.hu.dec65b	round	OK	BigDecimal:0.13
f.he.dbl.col	round	OK	Double:2000.0
f.he.dbl.duck	round	ERR	(conn=4) FUNCTION probe.ROUND_EVEN does not exist
f.hash.signed	rt	OK	Long:-8070080442485551184
f.ascii.signed	str	OK	Long:233
f.parseint.strict	null	OK	Integer:12
f.trunc.day.cast	tm	OK	Date:2020-05-15
f.regexpsubstr.args	rx	ERR	(conn=4) Incorrect parameter count in the call to native function 'REGEXP_SUBSTR'
f.regexpinstr.args	rx	ERR	(conn=4) Incorrect parameter count in the call to native function 'REGEXP_INSTR'
