package	name	overloads
meta::core::runtime	currentUserId	1
meta::pure::functions::boolean	and	1
meta::pure::functions::boolean	between	4
meta::pure::functions::boolean	eq	1
meta::pure::functions::boolean	equal	1
meta::pure::functions::boolean	greaterThan	3
meta::pure::functions::boolean	greaterThanEqual	3
meta::pure::functions::boolean	lessThan	3
meta::pure::functions::boolean	lessThanEqual	3
meta::pure::functions::boolean	not	1
meta::pure::functions::boolean	or	1
meta::pure::functions::collection	add	1
meta::pure::functions::collection	and	1
meta::pure::functions::collection	concatenate	1
meta::pure::functions::collection	contains	1
meta::pure::functions::collection	count	1
meta::pure::functions::collection	distinct	1
meta::pure::functions::collection	drop	1
meta::pure::functions::collection	exists	1
meta::pure::functions::collection	filter	1
meta::pure::functions::collection	first	1
meta::pure::functions::collection	get	1
meta::pure::functions::collection	getAll	3
meta::pure::functions::collection	getAllForEachDate	1
meta::pure::functions::collection	getAllVersions	1
meta::pure::functions::collection	getAllVersionsInRange	1
meta::pure::functions::collection	greatest	2
meta::pure::functions::collection	in	2
meta::pure::functions::collection	init	1
meta::pure::functions::collection	isDistinct	1
meta::pure::functions::collection	isEmpty	2
meta::pure::functions::collection	isNotEmpty	1
meta::pure::functions::collection	keys	1
meta::pure::functions::collection	last	1
meta::pure::functions::collection	least	2
meta::pure::functions::collection	limit	1
meta::pure::functions::collection	list	1
meta::pure::functions::collection	map	3
meta::pure::functions::collection	newMap	1
meta::pure::functions::collection	objectReferenceIn	1
meta::pure::functions::collection	or	2
meta::pure::functions::collection	paginated	1
meta::pure::functions::collection	put	1
meta::pure::functions::collection	putAll	2
meta::pure::functions::collection	range	1
meta::pure::functions::collection	removeDuplicates	1
meta::pure::functions::collection	reverse	1
meta::pure::functions::collection	size	1
meta::pure::functions::collection	slice	1
meta::pure::functions::collection	sort	1
meta::pure::functions::collection	sortBy	1
meta::pure::functions::collection	sortByReversed	1
meta::pure::functions::collection	tail	1
meta::pure::functions::collection	take	1
meta::pure::functions::collection	union	1
meta::pure::functions::collection	values	1
meta::pure::functions::date	adjust	1
meta::pure::functions::date	convertTimeZone	1
meta::pure::functions::date	date	2
meta::pure::functions::date	dateDiff	1
meta::pure::functions::date	datePart	1
meta::pure::functions::date	dayOfMonth	1
meta::pure::functions::date	dayOfWeek	1
meta::pure::functions::date	dayOfWeekNumber	2
meta::pure::functions::date	dayOfYear	1
meta::pure::functions::date	firstDayOfMonth	1
meta::pure::functions::date	firstDayOfQuarter	1
meta::pure::functions::date	firstDayOfThisMonth	1
meta::pure::functions::date	firstDayOfThisQuarter	1
meta::pure::functions::date	firstDayOfThisYear	1
meta::pure::functions::date	firstDayOfWeek	1
meta::pure::functions::date	firstDayOfYear	1
meta::pure::functions::date	firstHourOfDay	1
meta::pure::functions::date	firstMillisecondOfSecond	1
meta::pure::functions::date	firstMinuteOfHour	1
meta::pure::functions::date	firstSecondOfMinute	1
meta::pure::functions::date	formatDate	2
meta::pure::functions::date	hour	1
meta::pure::functions::date	max	6
meta::pure::functions::date	min	6
meta::pure::functions::date	minute	1
meta::pure::functions::date	month	1
meta::pure::functions::date	monthNumber	1
meta::pure::functions::date	mostRecentDayOfWeek	2
meta::pure::functions::date	now	1
meta::pure::functions::date	previousDayOfWeek	2
meta::pure::functions::date	quarterNumber	1
meta::pure::functions::date	second	1
meta::pure::functions::date	timeBucket	4
meta::pure::functions::date	today	1
meta::pure::functions::date	weekOfYear	1
meta::pure::functions::date	year	1
meta::pure::functions::date::calendar	CYMinus2	1
meta::pure::functions::date::calendar	CYMinus3	1
meta::pure::functions::date::calendar	annualized	1
meta::pure::functions::date::calendar	cme	1
meta::pure::functions::date::calendar	cw	2
meta::pure::functions::date::calendar	mtd	1
meta::pure::functions::date::calendar	p12mtd	1
meta::pure::functions::date::calendar	p12wa	1
meta::pure::functions::date::calendar	p12wtd	1
meta::pure::functions::date::calendar	p4wa	1
meta::pure::functions::date::calendar	p4wtd	1
meta::pure::functions::date::calendar	p52wa	1
meta::pure::functions::date::calendar	p52wtd	1
meta::pure::functions::date::calendar	pma	1
meta::pure::functions::date::calendar	pmtd	1
meta::pure::functions::date::calendar	pqtd	1
meta::pure::functions::date::calendar	priorDay	1
meta::pure::functions::date::calendar	priorYear	1
meta::pure::functions::date::calendar	pw	2
meta::pure::functions::date::calendar	pwa	1
meta::pure::functions::date::calendar	pwtd	1
meta::pure::functions::date::calendar	pymtd	1
meta::pure::functions::date::calendar	pyqtd	1
meta::pure::functions::date::calendar	pytd	1
meta::pure::functions::date::calendar	pywa	1
meta::pure::functions::date::calendar	pywtd	1
meta::pure::functions::date::calendar	qtd	1
meta::pure::functions::date::calendar	reportEndDay	1
meta::pure::functions::date::calendar	wtd	1
meta::pure::functions::date::calendar	ytd	1
meta::pure::functions::flow	coalesce	6
meta::pure::functions::hash	hash	1
meta::pure::functions::hash	hashCode	1
meta::pure::functions::lang	cast	1
meta::pure::functions::lang	eval	3
meta::pure::functions::lang	extractEnumValue	1
meta::pure::functions::lang	if	2
meta::pure::functions::lang	subType	1
meta::pure::functions::lang	whenSubType	3
meta::pure::functions::math	abs	4
meta::pure::functions::math	acos	1
meta::pure::functions::math	asin	1
meta::pure::functions::math	atan	1
meta::pure::functions::math	atan2	1
meta::pure::functions::math	average	3
meta::pure::functions::math	bitAnd	1
meta::pure::functions::math	bitNot	1
meta::pure::functions::math	bitOr	1
meta::pure::functions::math	bitShiftLeft	1
meta::pure::functions::math	bitShiftRight	1
meta::pure::functions::math	bitXor	1
meta::pure::functions::math	cbrt	1
meta::pure::functions::math	ceiling	1
meta::pure::functions::math	corr	2
meta::pure::functions::math	cos	1
meta::pure::functions::math	cosh	1
meta::pure::functions::math	cot	1
meta::pure::functions::math	covarPopulation	2
meta::pure::functions::math	covarSample	2
meta::pure::functions::math	divide	2
meta::pure::functions::math	exp	1
meta::pure::functions::math	floor	1
meta::pure::functions::math	log	1
meta::pure::functions::math	log10	1
meta::pure::functions::math	max	6
meta::pure::functions::math	maxBy	4
meta::pure::functions::math	median	3
meta::pure::functions::math	min	6
meta::pure::functions::math	minBy	4
meta::pure::functions::math	minus	4
meta::pure::functions::math	mod	1
meta::pure::functions::math	mode	3
meta::pure::functions::math	percentile	2
meta::pure::functions::math	plus	4
meta::pure::functions::math	pow	1
meta::pure::functions::math	rem	1
meta::pure::functions::math	round	3
meta::pure::functions::math	sign	1
meta::pure::functions::math	sin	1
meta::pure::functions::math	sinh	1
meta::pure::functions::math	sqrt	1
meta::pure::functions::math	stdDevPopulation	1
meta::pure::functions::math	stdDevSample	1
meta::pure::functions::math	tan	1
meta::pure::functions::math	tanh	1
meta::pure::functions::math	times	3
meta::pure::functions::math	toDecimal	1
meta::pure::functions::math	toFloat	1
meta::pure::functions::math	variance	1
meta::pure::functions::math	variancePopulation	1
meta::pure::functions::math	varianceSample	1
meta::pure::functions::math	wavg	2
meta::pure::functions::math::mathUtility	rowMapper	1
meta::pure::functions::math::wavgUtility	wavgRowMapper	1
meta::pure::functions::multiplicity	toOne	1
meta::pure::functions::multiplicity	toOneMany	1
meta::pure::functions::relation	aggregate	2
meta::pure::functions::relation	asOfJoin	2
meta::pure::functions::relation	concatenate	1
meta::pure::functions::relation	cumulativeDistribution	1
meta::pure::functions::relation	denseRank	1
meta::pure::functions::relation	distinct	2
meta::pure::functions::relation	drop	1
meta::pure::functions::relation	extend	8
meta::pure::functions::relation	filter	1
meta::pure::functions::relation	first	1
meta::pure::functions::relation	groupBy	4
meta::pure::functions::relation	join	1
meta::pure::functions::relation	last	1
meta::pure::functions::relation	lateral	1
meta::pure::functions::relation	limit	1
meta::pure::functions::relation	nth	1
meta::pure::functions::relation	ntile	1
meta::pure::functions::relation	offset	1
meta::pure::functions::relation	percentRank	1
meta::pure::functions::relation	pivot	5
meta::pure::functions::relation	project	2
meta::pure::functions::relation	rank	1
meta::pure::functions::relation	reduce	1
meta::pure::functions::relation	rename	1
meta::pure::functions::relation	rowNumber	1
meta::pure::functions::relation	select	3
meta::pure::functions::relation	size	1
meta::pure::functions::relation	slice	1
meta::pure::functions::relation	sort	1
meta::pure::functions::relation::variant	flatten	1
meta::pure::functions::runtime	currentUserId	1
meta::pure::functions::string	ascii	1
meta::pure::functions::string	char	1
meta::pure::functions::string	contains	1
meta::pure::functions::string	decodeBase64	1
meta::pure::functions::string	encodeBase64	1
meta::pure::functions::string	endsWith	1
meta::pure::functions::string	indexOf	1
meta::pure::functions::string	isAlphaNumeric	1
meta::pure::functions::string	jaroWinklerSimilarity	1
meta::pure::functions::string	joinStrings	2
meta::pure::functions::string	left	1
meta::pure::functions::string	length	1
meta::pure::functions::string	levenshteinDistance	1
meta::pure::functions::string	lpad	2
meta::pure::functions::string	ltrim	1
meta::pure::functions::string	matches	1
meta::pure::functions::string	parseBoolean	1
meta::pure::functions::string	parseDate	1
meta::pure::functions::string	parseDecimal	2
meta::pure::functions::string	parseFloat	1
meta::pure::functions::string	parseInteger	1
meta::pure::functions::string	plus	1
meta::pure::functions::string	regexpCount	1
meta::pure::functions::string	regexpExtract	1
meta::pure::functions::string	regexpIndexOf	1
meta::pure::functions::string	regexpLike	1
meta::pure::functions::string	regexpReplace	1
meta::pure::functions::string	repeatString	1
meta::pure::functions::string	replace	1
meta::pure::functions::string	reverseString	1
meta::pure::functions::string	right	1
meta::pure::functions::string	rpad	2
meta::pure::functions::string	rtrim	1
meta::pure::functions::string	splitPart	1
meta::pure::functions::string	startsWith	1
meta::pure::functions::string	substring	2
meta::pure::functions::string	toLower	1
meta::pure::functions::string	toString	1
meta::pure::functions::string	toUpper	1
meta::pure::functions::string	trim	1
meta::pure::functions::string::generation	generateGuid	1
meta::pure::functions::variant::convert	fromJson	1
meta::pure::functions::variant::convert	to	2
meta::pure::functions::variant::convert	toJson	1
meta::pure::functions::variant::convert	toMany	2
meta::pure::functions::variant::convert	toVariant	1
meta::pure::graphFetch::execution	graphFetch	2
meta::pure::graphFetch::execution	graphFetchChecked	2
meta::pure::mutation	save	1
meta::pure::tds	concatenate	2
meta::pure::tds	distinct	1
meta::pure::tds	drop	1
meta::pure::tds	extend	1
meta::pure::tds	filter	1
meta::pure::tds	groupBy	2
meta::pure::tds	groupByWithWindowSubset	1
meta::pure::tds	join	2
meta::pure::tds	limit	2
meta::pure::tds	olapGroupBy	4
meta::pure::tds	paginated	1
meta::pure::tds	project	4
meta::pure::tds	projectWithColumnSubset	2
meta::pure::tds	renameColumns	1
meta::pure::tds	restrict	1
meta::pure::tds	slice	1
meta::pure::tds	sort	3
meta::pure::tds	tableToTDS	1
meta::pure::tds	take	1
meta::pure::tds	tdsContains	2
meta::pure::tds	tdsRows	1
meta::pure::tds	viewToTDS	1
meta::pure::tds::extensions	firstNotNull	1
meta::relational::functions	columnProjectionsFromRoot	1
