# REFUSAL-ASYMMETRY ALLOWLIST — every source the oracle rejects that a lite surface accepts, WITH ITS REASON
# THE RATCHET IS THIS FILE: RefusalSymmetryTest asserts every asymmetry is a line here; adding a line is a reviewed
# diff with a stated reason; lines are REMOVED as parity is fixed. POST-FLIP state (2026-08-12): the strict flip
# deleted 331 rows; 'document' rows are the SHIPPED surface's whole surplus (35), the rest is parse-only diagnostics.
# id	accepting-surfaces	reason
legend-engine-xts-persistence/legend-engine-xt-persistence-pure/src/main/resources/core_persistence/test/example/validation_rules_test_service_tds.pure	strict	parse-only asymmetry: the strict grammar accepts but the shipped DOCUMENT endpoint refuses at the EMITTER WALL (m3-only construct, no engine wire shape; ZStrictOnlyProbe) — does not ship
legend-engine-xts-relationalStore/legend-engine-xt-relationalStore-generation/legend-engine-xt-relationalStore-pure/legend-engine-xt-relationalStore-core-pure/src/main/resources/core_relational/relational/executionPlan/tests/m2m2rExecutionPlanTests.pure	strict	parse-only asymmetry: the strict grammar accepts but the shipped DOCUMENT endpoint refuses at the EMITTER WALL (m3-only construct, no engine wire shape; ZStrictOnlyProbe) — does not ship
legend-engine-xts-relationalStore/legend-engine-xt-relationalStore-generation/legend-engine-xt-relationalStore-pure/legend-engine-xt-relationalStore-core-pure/src/main/resources/core_relational/relational/tests/mapping/relation/relationMappingSetup.pure	document+strict	REVIEWED: oracle 4.138.2 refuses at a QUOTED relation-mapping column (`firstName: 'FIRST NAME',` L432) that the CHECKOUT's newer grammar and lite both accept — VERSION-SKEW suspect; re-adjudicate on next oracle re-pin
legend-engine-xts-sql/legend-engine-xt-sql-transformation/legend-engine-xt-sql-pure/src/main/resources/core_external_query_sql/binding/fromPure/tests/shared.pure	strict	parse-only asymmetry: the strict grammar accepts but the shipped DOCUMENT endpoint refuses at the EMITTER WALL (m3-only construct, no engine wire shape; ZStrictOnlyProbe) — does not ship
legend-pure-dsl/legend-pure-dsl-diagram/legend-pure-m2-dsl-diagram-grammar/src/test/java/org/finos/legend/pure/m2/dsl/diagram/TestImportGroups_Diagram.java#12	document+strict	REVIEWED dialect: m2-Diagram form `Diagram X(width=..., height=...)` — the engine's Diagram grammar has no argument list; lite's raw Diagram grammar accepts the m2 spelling; DEFENDED pending a Diagram-grammar strictness pass
legend-pure-dsl/legend-pure-dsl-diagram/legend-pure-m2-dsl-diagram-grammar/src/test/java/org/finos/legend/pure/m2/dsl/diagram/TestImportGroups_Diagram.java#20	document+strict	REVIEWED dialect: m2-Diagram form `Diagram X(width=..., height=...)` — the engine's Diagram grammar has no argument list; lite's raw Diagram grammar accepts the m2 spelling; DEFENDED pending a Diagram-grammar strictness pass
legend-pure-dsl/legend-pure-dsl-diagram/legend-pure-m2-dsl-diagram-grammar/src/test/java/org/finos/legend/pure/m2/dsl/diagram/TestImportGroups_Diagram.java#6	document+strict	REVIEWED dialect: m2-Diagram form `Diagram X(width=..., height=...)` — the engine's Diagram grammar has no argument list; lite's raw Diagram grammar accepts the m2 spelling; DEFENDED pending a Diagram-grammar strictness pass
legend-pure-dsl/legend-pure-dsl-graph/legend-pure-m2-dsl-graph-grammar/src/test/java/org/finos/legend/pure/m2/inlinedsl/graph/TestMilestonedPropertyUsageInGraph.java#5	strict	parse-only asymmetry: the strict grammar accepts but the shipped DOCUMENT endpoint refuses at the EMITTER WALL (m3-only construct, no engine wire shape; ZStrictOnlyProbe) — does not ship
