SETUP.pg_fuzzystrmatch	SETUP	CREATE EXTENSION IF NOT EXISTS fuzzystrmatch
SETUP.pg_pgcrypto	SETUP	CREATE EXTENSION IF NOT EXISTS pgcrypto
SETUP.pg_trgm	SETUP	CREATE EXTENSION IF NOT EXISTS pg_trgm
CENSUS.version	CENSUS	SELECT version()
CENSUS.sqlitever	CENSUS	SELECT sqlite_version()
CENSUS.fncount	CENSUS	SELECT count(DISTINCT name) FROM pragma_function_list
CENSUS.fnlist00	CENSUS	SELECT group_concat(n) FROM (SELECT DISTINCT name AS n FROM pragma_function_list ORDER BY name LIMIT 22 OFFSET 0)
CENSUS.fnlist01	CENSUS	SELECT group_concat(n) FROM (SELECT DISTINCT name AS n FROM pragma_function_list ORDER BY name LIMIT 22 OFFSET 22)
CENSUS.fnlist02	CENSUS	SELECT group_concat(n) FROM (SELECT DISTINCT name AS n FROM pragma_function_list ORDER BY name LIMIT 22 OFFSET 44)
CENSUS.fnlist03	CENSUS	SELECT group_concat(n) FROM (SELECT DISTINCT name AS n FROM pragma_function_list ORDER BY name LIMIT 22 OFFSET 66)
CENSUS.fnlist04	CENSUS	SELECT group_concat(n) FROM (SELECT DISTINCT name AS n FROM pragma_function_list ORDER BY name LIMIT 22 OFFSET 88)
CENSUS.fnlist05	CENSUS	SELECT group_concat(n) FROM (SELECT DISTINCT name AS n FROM pragma_function_list ORDER BY name LIMIT 22 OFFSET 110)
CENSUS.fnlist06	CENSUS	SELECT group_concat(n) FROM (SELECT DISTINCT name AS n FROM pragma_function_list ORDER BY name LIMIT 22 OFFSET 132)
CENSUS.fnlist07	CENSUS	SELECT group_concat(n) FROM (SELECT DISTINCT name AS n FROM pragma_function_list ORDER BY name LIMIT 22 OFFSET 154)
CENSUS.fnlist08	CENSUS	SELECT group_concat(n) FROM (SELECT DISTINCT name AS n FROM pragma_function_list ORDER BY name LIMIT 22 OFFSET 176)
CENSUS.fnlist09	CENSUS	SELECT group_concat(n) FROM (SELECT DISTINCT name AS n FROM pragma_function_list ORDER BY name LIMIT 22 OFFSET 198)
CENSUS.fnlist10	CENSUS	SELECT group_concat(n) FROM (SELECT DISTINCT name AS n FROM pragma_function_list ORDER BY name LIMIT 22 OFFSET 220)
CENSUS.fnlist11	CENSUS	SELECT group_concat(n) FROM (SELECT DISTINCT name AS n FROM pragma_function_list ORDER BY name LIMIT 22 OFFSET 242)
CENSUS.mathopt	CENSUS	SELECT sqlite_compileoption_used('ENABLE_MATH_FUNCTIONS')
CENSUS.jsonopt	CENSUS	SELECT sqlite_compileoption_used('ENABLE_JSON1')
CENSUS.loadext	CENSUS	SELECT load_extension('nonexistent_xyz')
CENSUS.pg_str_fns	CENSUS	SELECT string_agg(DISTINCT proname, ',') FROM pg_proc WHERE proname IN ('ends_with','starts_with','strpos','levenshtein','jaro_winkler','sha1','sha256','md5','hash','hashtext','uuid','gen_random_uuid','uuidv4','printf','format','regexp_extract','regexp_substr','regexp_like','regexp_count','regexp_instr','regexp_replace','regexp_matches','reverse','repeat','split_part','string_to_array','to_base64','from_base64','encode','decode','initcap','btrim')
CONCAT.c1	CONCAT	SELECT concat('a','b','c')
CONCAT.c2	CONCAT	SELECT concat('a',NULL,'c')
CONCAT.c3	CONCAT	SELECT 'a' || NULL || 'c'
CONCAT.c4	CONCAT	SELECT 'a' || 'b' || 'c'
CONCAT.c5	CONCAT	SELECT concat('a', 1, 2.5)
CONCAT.c6	CONCAT	SELECT concat_ws('-','a',NULL,'c')
CONCAT.c7	CONCAT	SELECT concat(NULL,NULL)
CONCAT.c8	CONCAT	SELECT coalesce(e.name,'') || coalesce(CAST(e.dept_id AS VARCHAR),'') FROM emp e WHERE e.id=5
LENGTH.c1	LENGTH	SELECT length('hello')
LENGTH.c2	LENGTH	SELECT length('héllo')
LENGTH.c3	LENGTH	SELECT length('日本語')
LENGTH.c4	LENGTH	SELECT length('a😀b')
LENGTH.c5	LENGTH	SELECT length(NULL)
LENGTH.c6	LENGTH	SELECT length('')
LENGTH.c7	LENGTH	SELECT char_length('héllo')
LENGTH.c8	LENGTH	SELECT length('ab  ')
LENGTH.c9	LENGTH	SELECT length(1234)
LENGTH.c10	LENGTH	SELECT octet_length('héllo')
UPPER.c1	UPPER	SELECT upper('abc')
UPPER.c2	UPPER	SELECT upper('héllo')
UPPER.c3	UPPER	SELECT upper('ß')
UPPER.c4	UPPER	SELECT upper(NULL)
LOWER.c1	LOWER	SELECT lower('ABC')
LOWER.c2	LOWER	SELECT lower('HÉLLO')
LOWER.c3	LOWER	SELECT lower('İ')
SUBSTRING.c1	SUBSTRING	SELECT substr('abcdef', 2, 3)
SUBSTRING.c2	SUBSTRING	SELECT substr('abcdef', 2)
SUBSTRING.c3	SUBSTRING	SELECT substr('abcdef', 0, 3)
SUBSTRING.c4	SUBSTRING	SELECT substr('abcdef', -3, 2)
SUBSTRING.c5	SUBSTRING	SELECT substr('abc', 10, 3) || '|'
SUBSTRING.c6	SUBSTRING	SELECT substr('abc', 2, 100)
SUBSTRING.c7	SUBSTRING	SELECT substr('abcdef', 2, -1) || '|'
SUBSTRING.c8	SUBSTRING	SELECT substring('abcdef' from 2 for 3)
SUBSTRING.c9	SUBSTRING	SELECT substring('abcdef', 2, 3)
SUBSTRING.c10	SUBSTRING	SELECT substr(NULL, 1, 2)
SUBSTRING.c11	SUBSTRING	SELECT substr('abcdef', 1, 0) || '|'
SUBSTRING.c12	SUBSTRING	SELECT substr('héllo', 2, 2)
SUBSTRING.c13	SUBSTRING	SELECT substr('abcdef', -3)
STRPOS.c1	STRPOS	SELECT strpos('abcdef','cd')
STRPOS.c2	STRPOS	SELECT strpos('abcdef','zz')
STRPOS.c3	STRPOS	SELECT strpos('abcdef','')
STRPOS.c4	STRPOS	SELECT instr('abcdef','cd')
STRPOS.c5	STRPOS	SELECT instr('abcdef','zz')
STRPOS.c6	STRPOS	SELECT instr('abcdef','')
STRPOS.c7	STRPOS	SELECT position('cd' in 'abcdef')
STRPOS.c8	STRPOS	SELECT strpos(NULL,'a')
STRPOS.c9	STRPOS	SELECT strpos('héllo','llo')
STRPOS.c10	STRPOS	SELECT instr('héllo','llo')
STRPOS.c11	STRPOS	SELECT charindex('cd','abcdef')
STARTS_WITH.c1	STARTS_WITH	SELECT starts_with('abcdef','abc')
STARTS_WITH.c2	STARTS_WITH	SELECT starts_with('abcdef','xyz')
STARTS_WITH.c3	STARTS_WITH	SELECT 'abcdef' LIKE 'abc%'
STARTS_WITH.c4	STARTS_WITH	SELECT 'ABCdef' LIKE 'abc%'
STARTS_WITH.c5	STARTS_WITH	SELECT substr('abcdef',1,length('abc'))='abc'
STARTS_WITH.c6	STARTS_WITH	SELECT instr('abcdef','abc')=1
STARTS_WITH.c7	STARTS_WITH	SELECT strpos('abcdef','abc')=1
STARTS_WITH.c8	STARTS_WITH	SELECT 'abcdef' GLOB 'abc*'
STARTS_WITH.c9	STARTS_WITH	SELECT starts_with('abc','')
STARTS_WITH.c10	STARTS_WITH	SELECT substr('abc',1,length(''))=''
STARTS_WITH.c11	STARTS_WITH	SELECT starts_with(NULL,'a')
STARTS_WITH.c12	STARTS_WITH	SELECT substr(NULL,1,length('a'))='a'
ENDS_WITH.c1	ENDS_WITH	SELECT ends_with('abcdef','def')
ENDS_WITH.c2	ENDS_WITH	SELECT ends_with('abcdef','xyz')
ENDS_WITH.c3	ENDS_WITH	SELECT 'abcdef' LIKE '%def'
ENDS_WITH.c4	ENDS_WITH	SELECT substr('abcdef',-length('def'))='def'
ENDS_WITH.c5	ENDS_WITH	SELECT right('abcdef',length('def'))='def'
ENDS_WITH.c6	ENDS_WITH	SELECT substr('abcdef', length('abcdef')-length('def')+1)='def'
ENDS_WITH.c7	ENDS_WITH	SELECT ends_with('abc','')
ENDS_WITH.c8	ENDS_WITH	SELECT substr('abc',-length(''))=''
ENDS_WITH.c9	ENDS_WITH	SELECT substr('abc', length('abc')-length('')+1)=''
ENDS_WITH.c10	ENDS_WITH	SELECT 'abcdef' GLOB '*def'
MATCHES.c1	MATCHES	SELECT regexp_matches('abc123','[0-9]+')
MATCHES.c2	MATCHES	SELECT regexp_matches('abcdef','[0-9]+')
MATCHES.c3	MATCHES	SELECT 'abc123' ~ '[0-9]+'
MATCHES.c4	MATCHES	SELECT 'abcdef' ~ '[0-9]+'
MATCHES.c5	MATCHES	SELECT regexp_like('abc123','[0-9]+')
MATCHES.c6	MATCHES	SELECT 'abc123' REGEXP '[0-9]+'
MATCHES.c7	MATCHES	SELECT regexp('[0-9]+','abc123')
MATCHES.c8	MATCHES	SELECT regexp_instr('abc123','[0-9]+') > 0
MATCHES.c9	MATCHES	SELECT regexp_count('abc123','[0-9]+') > 0
MATCHES.c10	MATCHES	SELECT regexp_matches('abc123','[0-9]+') IS NOT NULL
MATCHES.c11	MATCHES	SELECT (SELECT count(*) FROM regexp_matches('abc123','[0-9]+')) > 0
LEFT.c1	LEFT	SELECT left('abcdef',3)
LEFT.c2	LEFT	SELECT substr('abcdef',1,3)
LEFT.c3	LEFT	SELECT left('abcdef',-2)
LEFT.c4	LEFT	SELECT left('abc',10)
LEFT.c5	LEFT	SELECT substr('abc',1,10)
LEFT.c6	LEFT	SELECT left('abc',0) || '|'
LEFT.c7	LEFT	SELECT substr('abc',1,0) || '|'
RIGHT.c1	RIGHT	SELECT right('abcdef',3)
RIGHT.c2	RIGHT	SELECT substr('abcdef',-3)
RIGHT.c3	RIGHT	SELECT right('abc',10)
RIGHT.c4	RIGHT	SELECT substr('abc',-10)
RIGHT.c5	RIGHT	SELECT right('abc',0) || '|'
RIGHT.c6	RIGHT	SELECT substr('abc',-0) || '|'
RIGHT.c7	RIGHT	SELECT right('abcdef',-2)
RIGHT.c8	RIGHT	SELECT substr('abc', length('abc')-3+1) || '|'
RIGHT.c9	RIGHT	SELECT substr('abc', max(1, length('abc')-10+1)) || '|'
LPAD.c1	LPAD	SELECT lpad('ab',5,'*')
LPAD.c2	LPAD	SELECT lpad('abcdef',3,'*')
LPAD.c3	LPAD	SELECT lpad('ab',5,' ') || '|'
LPAD.c4	LPAD	SELECT lpad('ab',7,'xy')
LPAD.c5	LPAD	SELECT printf('%5s','ab') || '|'
LPAD.c6	LPAD	SELECT printf('%*s',5,'ab') || '|'
LPAD.c7	LPAD	SELECT substr(replace(hex(zeroblob(5)),'00','*') || 'ab', -5)
LPAD.c8	LPAD	SELECT substr(substr(replace(hex(zeroblob(5)),'00','*'),1,max(0,5-length('ab'))) || 'ab', 1, 5)
LPAD.c9	LPAD	SELECT substr(substr(replace(hex(zeroblob(3)),'00','*'),1,max(0,3-length('abcdef'))) || 'abcdef', 1, 3)
LPAD.c10	LPAD	SELECT substr(substr(replace(hex(zeroblob(7)),'00','xy'),1,max(0,7-length('ab'))) || 'ab', 1, 7)
LPAD.c11	LPAD	SELECT lpad('ab',0,'*') || '|'
LPAD.c12	LPAD	SELECT lpad(NULL,5,'*')
RPAD.c1	RPAD	SELECT rpad('ab',5,'*')
RPAD.c2	RPAD	SELECT rpad('abcdef',3,'*')
RPAD.c3	RPAD	SELECT rpad('ab',7,'xy')
RPAD.c4	RPAD	SELECT printf('%-5s','ab') || '|'
RPAD.c5	RPAD	SELECT substr('ab' || replace(hex(zeroblob(5)),'00','*'), 1, 5)
RPAD.c6	RPAD	SELECT substr('abcdef' || replace(hex(zeroblob(3)),'00','*'), 1, 3)
RPAD.c7	RPAD	SELECT substr('ab' || replace(hex(zeroblob(7)),'00','xy'), 1, 7)
TRIM.c1	TRIM	SELECT trim('  ab  ') || '|'
TRIM.c2	TRIM	SELECT trim('xxabxx','x')
TRIM.c3	TRIM	SELECT trim('xyabyx','xy')
TRIM.c4	TRIM	SELECT trim(both 'x' from 'xxabxx')
TRIM.c5	TRIM	SELECT btrim('xxabxx','x')
TRIM.c6	TRIM	SELECT btrim('  ab  ') || '|'
TRIM.c7	TRIM	SELECT trim('x','xxabxx')
TRIM.c8	TRIM	SELECT trim(NULL)
TRIM.c9	TRIM	SELECT trim('\tab\t') || '|'
LTRIM.c1	LTRIM	SELECT ltrim('  ab') || '|'
LTRIM.c2	LTRIM	SELECT ltrim('xxab','x')
LTRIM.c3	LTRIM	SELECT ltrim('yxab','xy')
LTRIM.c4	LTRIM	SELECT trim(leading 'x' from 'xxabxx')
LTRIM.c5	LTRIM	SELECT ltrim('abxx','x')
RTRIM.c1	RTRIM	SELECT rtrim('ab  ') || '|'
RTRIM.c2	RTRIM	SELECT rtrim('abxx','x')
RTRIM.c3	RTRIM	SELECT rtrim('abxy','xy')
RTRIM.c4	RTRIM	SELECT trim(trailing 'x' from 'xxabxx')
REPLACE.c1	REPLACE	SELECT replace('abcabc','b','X')
REPLACE.c2	REPLACE	SELECT replace('abc','','X')
REPLACE.c3	REPLACE	SELECT replace('abcabc','b','') 
REPLACE.c4	REPLACE	SELECT replace('abc',NULL,'X')
REPLACE.c5	REPLACE	SELECT replace('abc','b',NULL)
REPLACE.c6	REPLACE	SELECT replace('aaa','aa','X')
SPLIT.c1	SPLIT	SELECT string_split('a,b,c',',')
SPLIT.c2	SPLIT	SELECT string_to_array('a,b,c',',')
SPLIT.c3	SPLIT	SELECT regexp_split_to_array('a,b,c',',')
SPLIT.c4	SPLIT	SELECT split('a,b,c',',')
SPLIT.c5	SPLIT	SELECT str_split('a,b,c',',')
SPLIT.c6	SPLIT	SELECT json_array('a','b','c')
SPLIT.c7	SPLIT	SELECT json_group_array(value) FROM json_each('["a","b"]')
SPLIT.c8	SPLIT	SELECT string_split('a,,c',',')
SPLIT.c9	SPLIT	SELECT string_to_array('a,,c',',')
SPLIT.c10	SPLIT	SELECT ARRAY['a','b','c']
SPLIT.c11	SPLIT	SELECT list_value('a','b')
SPLIT_PART.c1	SPLIT_PART	SELECT split_part('a,b,c',',',2)
SPLIT_PART.c2	SPLIT_PART	SELECT split_part('a,b,c',',',9) || '|'
SPLIT_PART.c3	SPLIT_PART	SELECT split_part('a,b,c',',',1)
SPLIT_PART.c4	SPLIT_PART	SELECT split_part('a,b,c',',',0)
SPLIT_PART.c5	SPLIT_PART	SELECT (string_to_array('a,b,c',','))[2]
SPLIT_PART.c6	SPLIT_PART	SELECT json_extract('["a","b","c"]','$[1]')
SPLIT_PART.c7	SPLIT_PART	SELECT CASE WHEN instr(substr('a,b,c', instr('a,b,c',',')+1),',')=0 THEN substr('a,b,c', instr('a,b,c',',')+1) ELSE substr(substr('a,b,c', instr('a,b,c',',')+1),1,instr(substr('a,b,c', instr('a,b,c',',')+1),',')-1) END
SPLIT_PART.c8	SPLIT_PART	SELECT substr(substr(substr(substr(substr(substr(substr(substr(substr(('a,b,c' || replace(hex(zeroblob(9)),'00',',')), instr(('a,b,c' || replace(hex(zeroblob(9)),'00',',')),',')+1), instr(substr(('a,b,c' || replace(hex(zeroblob(9)),'00',',')), instr(('a,b,c' || replace(hex(zeroblob(9)),'00',',')),',')+1),',')+1), instr(substr(substr(('a,b,c' || replace(hex(zeroblob(9)),'00',',')), instr(('a,b,c' || replace(hex(zeroblob(9)),'00',',')),',')+1), instr(substr(('a,b,c' || replace(hex(zeroblob(9)),'00',',')), instr(('a,b,c' || replace(hex(zeroblob(9)),'00',',')),',')+1),',')+1),',')+1), instr(substr(substr(substr(('a,b,c' || replace(hex(zeroblob(9)),'00',',')), instr(('a,b,c' || replace(hex(zeroblob(9)),'00',',')),',')+1), instr(substr(('a,b,c' || replace(hex(zeroblob(9)),'00',',')), instr(('a,b,c' || replace(hex(zeroblob(9)),'00',',')),',')+1),',')+1), instr(substr(substr(('a,b,c' || replace(hex(zeroblob(9)),'00',',')), instr(('a,b,c' || replace(hex(zeroblob(9)),'00',',')),',')+1), instr(substr(('a,b,c' || replace(hex(zeroblob(9)),'00',',')), instr(('a,b,c' || replace(hex(zeroblob(9)),'00',',')),',')+1),',')+1),',')+1),',')+1), instr(substr(substr(substr(substr(('a,b,c' || replace(hex(zeroblob(9)),'00',',')), instr(('a,b,c' || replace(hex(zeroblob(9)),'00',',')),',')+1), instr(substr(('a,b,c' || replace(hex(zeroblob(9)),'00',',')), instr(('a,b,c' || replace(hex(zeroblob(9)),'00',',')),',')+1),',')+1), instr(substr(substr(('a,b,c' || replace(hex(zeroblob(9)),'00',',')), instr(('a,b,c' || replace(hex(zeroblob(9)),'00',',')),',')+1), instr(substr(('a,b,c' || replace(hex(zeroblob(9)),'00',',')), instr(('a,b,c' || replace(hex(zeroblob(9)),'00',',')),',')+1),',')+1),',')+1), instr(substr(substr(substr(('a,b,c' || replace(hex(zeroblob(9)),'00',',')), instr(('a,b,c' || replace(hex(zeroblob(9)),'00',',')),',')+1), instr(substr(('a,b,c' || replace(hex(zeroblob(9)),'00',',')), instr(('a,b,c' || replace(hex(zeroblob(9)),'00',',')),',')+1),',')+1), instr(substr(substr(('a,b,c' || replace(hex(zeroblob(9)),'00',',')), instr(('a,b,c' || replace(hex(zeroblob(9)),'00',',')),',')+1), instr(substr(('a,b,c' || replace(hex(zeroblob(9)),'00',',')), instr(('a,b,c' || replace(hex(zeroblob(9)),'00',',')),',')+1),',')+1),',')+1),',')+1),',')+1), instr(substr(substr(substr(substr(substr(('a,b,c' || replace(hex(zeroblob(9)),'00',',')), instr(('a,b,c' || replace(hex(zeroblob(9)),'00',',')),',')+1), instr(substr(('a,b,c' || replace(hex(zeroblob(9)),'00',',')), instr(('a,b,c' || replace(hex(zeroblob(9)),'00',',')),',')+1),',')+1), instr(substr(substr(('a,b,c' || replace(hex(zeroblob(9)),'00',',')), instr(('a,b,c' || replace(hex(zeroblob(9)),'00',',')),',')+1), instr(substr(('a,b,c' || replace(hex(zeroblob(9)),'00',',')), instr(('a,b,c' || replace(hex(zeroblob(9)),'00',',')),',')+1),',')+1),',')+1), instr(substr(substr(substr(('a,b,c' || replace(hex(zeroblob(9)),'00',',')), instr(('a,b,c' || replace(hex(zeroblob(9)),'00',',')),',')+1), instr(substr(('a,b,c' || replace(hex(zeroblob(9)),'00',',')), instr(('a,b,c' || replace(hex(zeroblob(9)),'00',',')),',')+1),',')+1), instr(substr(substr(('a,b,c' || replace(hex(zeroblob(9)),'00',',')), instr(('a,b,c' || replace(hex(zeroblob(9)),'00',',')),',')+1), instr(substr(('a,b,c' || replace(hex(zeroblob(9)),'00',',')), instr(('a,b,c' || replace(hex(zeroblob(9)),'00',',')),',')+1),',')+1),',')+1),',')+1), instr(substr(substr(substr(substr(('a,b,c' || replace(hex(zeroblob(9)),'00',',')), instr(('a,b,c' || replace(hex(zeroblob(9)),'00',',')),',')+1), instr(substr(('a,b,c' || replace(hex(zeroblob(9)),'00',',')), instr(('a,b,c' || replace(hex(zeroblob(9)),'00',',')),',')+1),',')+1), instr(substr(substr(('a,b,c' || replace(hex(zeroblob(9)),'00',',')), instr(('a,b,c' || replace(hex(zeroblob(9)),'00',',')),',')+1), instr(substr(('a,b,c' || replace(hex(zeroblob(9)),'00',',')), instr(('a,b,c' || replace(hex(zeroblob(9)),'00',',')),',')+1),',')+1),',')+1), instr(substr(substr(substr(('a,b,c' || replace(hex(zeroblob(9)),'00',',')), instr(('a,b,c' || replace(hex(zeroblob(9)),'00',',')),',')+1), instr(substr(('a,b,c' || replace(hex(zeroblob(9)),'00',',')), instr(('a,b,c' || replace(hex(zeroblob(9)),'00',',')),',')+1),',')+1), instr(substr(substr(('a,b,c' || replace(hex(zeroblob(9)),'00',',')), instr(('a,b,c' || replace(hex(zeroblob(9)),'00',',')),',')+1), instr(substr(('a,b,c' || replace(hex(zeroblob(9)),'00',',')), instr(('a,b,c' || replace(hex(zeroblob(9)),'00',',')),',')+1),',')+1),',')+1),',')+1),',')+1),',')+1), instr(substr(substr(substr(substr(substr(substr(('a,b,c' || replace(hex(zeroblob(9)),'00',',')), instr(('a,b,c' || replace(hex(zeroblob(9)),'00',',')),',')+1), instr(substr(('a,b,c' || replace(hex(zeroblob(9)),'00',',')), instr(('a,b,c' || replace(hex(zeroblob(9)),'00',',')),',')+1),',')+1), instr(substr(substr(('a,b,c' || replace(hex(zeroblob(9)),'00',',')), instr(('a,b,c' || replace(hex(zeroblob(9)),'00',',')),',')+1), instr(substr(('a,b,c' || replace(hex(zeroblob(9)),'00',',')), instr(('a,b,c' || replace(hex(zeroblob(9)),'00',',')),',')+1),',')+1),',')+1), instr(substr(substr(substr(('a,b,c' || replace(hex(zeroblob(9)),'00',',')), instr(('a,b,c' || replace(hex(zeroblob(9)),'00',',')),',')+1), instr(substr(('a,b,c' || replace(hex(zeroblob(9)),'00',',')), instr(('a,b,c' || replace(hex(zeroblob(9)),'00',',')),',')+1),',')+1), instr(substr(substr(('a,b,c' || replace(hex(zeroblob(9)),'00',',')), instr(('a,b,c' || replace(hex(zeroblob(9)),'00',',')),',')+1), instr(substr(('a,b,c' || replace(hex(zeroblob(9)),'00',',')), instr(('a,b,c' || replace(hex(zeroblob(9)),'00',',')),',')+1),',')+1),',')+1),',')+1), instr(substr(substr(substr(substr(('a,b,c' || replace(hex(zeroblob(9)),'00',',')), instr(('a,b,c' || replace(hex(zeroblob(9)),'00',',')),',')+1), instr(substr(('a,b,c' || replace(hex(zeroblob(9)),'00',',')), instr(('a,b,c' || replace(hex(zeroblob(9)),'00',',')),',')+1),',')+1), instr(substr(substr(('a,b,c' || replace(hex(zeroblob(9)),'00',',')), instr(('a,b,c' || replace(hex(zeroblob(9)),'00',',')),',')+1), instr(substr(('a,b,c' || replace(hex(zeroblob(9)),'00',',')), instr(('a,b,c' || replace(hex(zeroblob(9)),'00',',')),',')+1),',')+1),',')+1), instr(substr(substr(substr(('a,b,c' || replace(hex(zeroblob(9)),'00',',')), instr(('a,b,c' || replace(hex(zeroblob(9)),'00',',')),',')+1), instr(substr(('a,b,c' || replace(hex(zeroblob(9)),'00',',')), instr(('a,b,c' || replace(hex(zeroblob(9)),'00',',')),',')+1),',')+1), instr(substr(substr(('a,b,c' || replace(hex(zeroblob(9)),'00',',')), instr(('a,b,c' || replace(hex(zeroblob(9)),'00',',')),',')+1), instr(substr(('a,b,c' || replace(hex(zeroblob(9)),'00',',')), instr(('a,b,c' || replace(hex(zeroblob(9)),'00',',')),',')+1),',')+1),',')+1),',')+1),',')+1), instr(substr(substr(substr(substr(substr(('a,b,c' || replace(hex(zeroblob(9)),'00',',')), instr(('a,b,c' || replace(hex(zeroblob(9)),'00',',')),',')+1), instr(substr(('a,b,c' || replace(hex(zeroblob(9)),'00',',')), instr(('a,b,c' || replace(hex(zeroblob(9)),'00',',')),',')+1),',')+1), instr(substr(substr(('a,b,c' || replace(hex(zeroblob(9)),'00',',')), instr(('a,b,c' || replace(hex(zeroblob(9)),'00',',')),',')+1), instr(substr(('a,b,c' || replace(hex(zeroblob(9)),'00',',')), instr(('a,b,c' || replace(hex(zeroblob(9)),'00',',')),',')+1),',')+1),',')+1), instr(substr(substr(substr(('a,b,c' || replace(hex(zeroblob(9)),'00',',')), instr(('a,b,c' || replace(hex(zeroblob(9)),'00',',')),',')+1), instr(substr(('a,b,c' || replace(hex(zeroblob(9)),'00',',')), instr(('a,b,c' || replace(hex(zeroblob(9)),'00',',')),',')+1),',')+1), instr(substr(substr(('a,b,c' || replace(hex(zeroblob(9)),'00',',')), instr(('a,b,c' || replace(hex(zeroblob(9)),'00',',')),',')+1), instr(substr(('a,b,c' || replace(hex(zeroblob(9)),'00',',')), instr(('a,b,c' || replace(hex(zeroblob(9)),'00',',')),',')+1),',')+1),',')+1),',')+1), instr(substr(substr(substr(substr(('a,b,c' || replace(hex(zeroblob(9)),'00',',')), instr(('a,b,c' || replace(hex(zeroblob(9)),'00',',')),',')+1), instr(substr(('a,b,c' || replace(hex(zeroblob(9)),'00',',')), instr(('a,b,c' || replace(hex(zeroblob(9)),'00',',')),',')+1),',')+1), instr(substr(substr(('a,b,c' || replace(hex(zeroblob(9)),'00',',')), instr(('a,b,c' || replace(hex(zeroblob(9)),'00',',')),',')+1), instr(substr(('a,b,c' || replace(hex(zeroblob(9)),'00',',')), instr(('a,b,c' || replace(hex(zeroblob(9)),'00',',')),',')+1),',')+1),',')+1), instr(substr(substr(substr(('a,b,c' || replace(hex(zeroblob(9)),'00',',')), instr(('a,b,c' || replace(hex(zeroblob(9)),'00',',')),',')+1), instr(substr(('a,b,c' || replace(hex(zeroblob(9)),'00',',')), instr(('a,b,c' || replace(hex(zeroblob(9)),'00',',')),',')+1),',')+1), instr(substr(substr(('a,b,c' || replace(hex(zeroblob(9)),'00',',')), instr(('a,b,c' || replace(hex(zeroblob(9)),'00',',')),',')+1), instr(substr(('a,b,c' || replace(hex(zeroblob(9)),'00',',')), instr(('a,b,c' || replace(hex(zeroblob(9)),'00',',')),',')+1),',')+1),',')+1),',')+1),',')+1),',')+1),',')+1), instr(substr(substr(substr(substr(substr(substr(substr(('a,b,c' || replace(hex(zeroblob(9)),'00',',')), instr(('a,b,c' || replace(hex(zeroblob(9)),'00',',')),',')+1), instr(substr(('a,b,c' || replace(hex(zeroblob(9)),'00',',')), instr(('a,b,c' || replace(hex(zeroblob(9)),'00',',')),',')+1),',')+1), instr(substr(substr(('a,b,c' || replace(hex(zeroblob(9)),'00',',')), instr(('a,b,c' || replace(hex(zeroblob(9)),'00',',')),',')+1), instr(substr(('a,b,c' || replace(hex(zeroblob(9)),'00',',')), instr(('a,b,c' || replace(hex(zeroblob(9)),'00',',')),',')+1),',')+1),',')+1), instr(substr(substr(substr(('a,b,c' || replace(hex(zeroblob(9)),'00',',')), instr(('a,b,c' || replace(hex(zeroblob(9)),'00',',')),',')+1), instr(substr(('a,b,c' || replace(hex(zeroblob(9)),'00',',')), instr(('a,b,c' || replace(hex(zeroblob(9)),'00',',')),',')+1),',')+1), instr(substr(substr(('a,b,c' || replace(hex(zeroblob(9)),'00',',')), instr(('a,b,c' || replace(hex(zeroblob(9)),'00',',')),',')+1), instr(substr(('a,b,c' || replace(hex(zeroblob(9)),'00',',')), instr(('a,b,c' || replace(hex(zeroblob(9)),'00',',')),',')+1),',')+1),',')+1),',')+1), instr(substr(substr(substr(substr(('a,b,c' || replace(hex(zeroblob(9)),'00',',')), instr(('a,b,c' || replace(hex(zeroblob(9)),'00',',')),',')+1), instr(substr(('a,b,c' || replace(hex(zeroblob(9)),'00',',')), instr(('a,b,c' || replace(hex(zeroblob(9)),'00',',')),',')+1),',')+1), instr(substr(substr(('a,b,c' || replace(hex(zeroblob(9)),'00',',')), instr(('a,b,c' || replace(hex(zeroblob(9)),'00',',')),',')+1), instr(substr(('a,b,c' || replace(hex(zeroblob(9)),'00',',')), instr(('a,b,c' || replace(hex(zeroblob(9)),'00',',')),',')+1),',')+1),',')+1), instr(substr(substr(substr(('a,b,c' || replace(hex(zeroblob(9)),'00',',')), instr(('a,b,c' || replace(hex(zeroblob(9)),'00',',')),',')+1), instr(substr(('a,b,c' || replace(hex(zeroblob(9)),'00',',')), instr(('a,b,c' || replace(hex(zeroblob(9)),'00',',')),',')+1),',')+1), instr(substr(substr(('a,b,c' || replace(hex(zeroblob(9)),'00',',')), instr(('a,b,c' || replace(hex(zeroblob(9)),'00',',')),',')+1), instr(substr(('a,b,c' || replace(hex(zeroblob(9)),'00',',')), instr(('a,b,c' || replace(hex(zeroblob(9)),'00',',')),',')+1),',')+1),',')+1),',')+1),',')+1), instr(substr(substr(substr(substr(substr(('a,b,c' || replace(hex(zeroblob(9)),'00',',')), instr(('a,b,c' || replace(hex(zeroblob(9)),'00',',')),',')+1), instr(substr(('a,b,c' || replace(hex(zeroblob(9)),'00',',')), instr(('a,b,c' || replace(hex(zeroblob(9)),'00',',')),',')+1),',')+1), instr(substr(substr(('a,b,c' || replace(hex(zeroblob(9)),'00',',')), instr(('a,b,c' || replace(hex(zeroblob(9)),'00',',')),',')+1), instr(substr(('a,b,c' || replace(hex(zeroblob(9)),'00',',')), instr(('a,b,c' || replace(hex(zeroblob(9)),'00',',')),',')+1),',')+1),',')+1), instr(substr(substr(substr(('a,b,c' || replace(hex(zeroblob(9)),'00',',')), instr(('a,b,c' || replace(hex(zeroblob(9)),'00',',')),',')+1), instr(substr(('a,b,c' || replace(hex(zeroblob(9)),'00',',')), instr(('a,b,c' || replace(hex(zeroblob(9)),'00',',')),',')+1),',')+1), instr(substr(substr(('a,b,c' || replace(hex(zeroblob(9)),'00',',')), instr(('a,b,c' || replace(hex(zeroblob(9)),'00',',')),',')+1), instr(substr(('a,b,c' || replace(hex(zeroblob(9)),'00',',')), instr(('a,b,c' || replace(hex(zeroblob(9)),'00',',')),',')+1),',')+1),',')+1),',')+1), instr(substr(substr(substr(substr(('a,b,c' || replace(hex(zeroblob(9)),'00',',')), instr(('a,b,c' || replace(hex(zeroblob(9)),'00',',')),',')+1), instr(substr(('a,b,c' || replace(hex(zeroblob(9)),'00',',')), instr(('a,b,c' || replace(hex(zeroblob(9)),'00',',')),',')+1),',')+1), instr(substr(substr(('a,b,c' || replace(hex(zeroblob(9)),'00',',')), instr(('a,b,c' || replace(hex(zeroblob(9)),'00',',')),',')+1), instr(substr(('a,b,c' || replace(hex(zeroblob(9)),'00',',')), instr(('a,b,c' || replace(hex(zeroblob(9)),'00',',')),',')+1),',')+1),',')+1), instr(substr(substr(substr(('a,b,c' || replace(hex(zeroblob(9)),'00',',')), instr(('a,b,c' || replace(hex(zeroblob(9)),'00',',')),',')+1), instr(substr(('a,b,c' || replace(hex(zeroblob(9)),'00',',')), instr(('a,b,c' || replace(hex(zeroblob(9)),'00',',')),',')+1),',')+1), instr(substr(substr(('a,b,c' || replace(hex(zeroblob(9)),'00',',')), instr(('a,b,c' || replace(hex(zeroblob(9)),'00',',')),',')+1), instr(substr(('a,b,c' || replace(hex(zeroblob(9)),'00',',')), instr(('a,b,c' || replace(hex(zeroblob(9)),'00',',')),',')+1),',')+1),',')+1),',')+1),',')+1),',')+1), instr(substr(substr(substr(substr(substr(substr(('a,b,c' || replace(hex(zeroblob(9)),'00',',')), instr(('a,b,c' || replace(hex(zeroblob(9)),'00',',')),',')+1), instr(substr(('a,b,c' || replace(hex(zeroblob(9)),'00',',')), instr(('a,b,c' || replace(hex(zeroblob(9)),'00',',')),',')+1),',')+1), instr(substr(substr(('a,b,c' || replace(hex(zeroblob(9)),'00',',')), instr(('a,b,c' || replace(hex(zeroblob(9)),'00',',')),',')+1), instr(substr(('a,b,c' || replace(hex(zeroblob(9)),'00',',')), instr(('a,b,c' || replace(hex(zeroblob(9)),'00',',')),',')+1),',')+1),',')+1), instr(substr(substr(substr(('a,b,c' || replace(hex(zeroblob(9)),'00',',')), instr(('a,b,c' || replace(hex(zeroblob(9)),'00',',')),',')+1), instr(substr(('a,b,c' || replace(hex(zeroblob(9)),'00',',')), instr(('a,b,c' || replace(hex(zeroblob(9)),'00',',')),',')+1),',')+1), instr(substr(substr(('a,b,c' || replace(hex(zeroblob(9)),'00',',')), instr(('a,b,c' || replace(hex(zeroblob(9)),'00',',')),',')+1), instr(substr(('a,b,c' || replace(hex(zeroblob(9)),'00',',')), instr(('a,b,c' || replace(hex(zeroblob(9)),'00',',')),',')+1),',')+1),',')+1),',')+1), instr(substr(substr(substr(substr(('a,b,c' || replace(hex(zeroblob(9)),'00',',')), instr(('a,b,c' || replace(hex(zeroblob(9)),'00',',')),',')+1), instr(substr(('a,b,c' || replace(hex(zeroblob(9)),'00',',')), instr(('a,b,c' || replace(hex(zeroblob(9)),'00',',')),',')+1),',')+1), instr(substr(substr(('a,b,c' || replace(hex(zeroblob(9)),'00',',')), instr(('a,b,c' || replace(hex(zeroblob(9)),'00',',')),',')+1), instr(substr(('a,b,c' || replace(hex(zeroblob(9)),'00',',')), instr(('a,b,c' || replace(hex(zeroblob(9)),'00',',')),',')+1),',')+1),',')+1), instr(substr(substr(substr(('a,b,c' || replace(hex(zeroblob(9)),'00',',')), instr(('a,b,c' || replace(hex(zeroblob(9)),'00',',')),',')+1), instr(substr(('a,b,c' || replace(hex(zeroblob(9)),'00',',')), instr(('a,b,c' || replace(hex(zeroblob(9)),'00',',')),',')+1),',')+1), instr(substr(substr(('a,b,c' || replace(hex(zeroblob(9)),'00',',')), instr(('a,b,c' || replace(hex(zeroblob(9)),'00',',')),',')+1), instr(substr(('a,b,c' || replace(hex(zeroblob(9)),'00',',')), instr(('a,b,c' || replace(hex(zeroblob(9)),'00',',')),',')+1),',')+1),',')+1),',')+1),',')+1), instr(substr(substr(substr(substr(substr(('a,b,c' || replace(hex(zeroblob(9)),'00',',')), instr(('a,b,c' || replace(hex(zeroblob(9)),'00',',')),',')+1), instr(substr(('a,b,c' || replace(hex(zeroblob(9)),'00',',')), instr(('a,b,c' || replace(hex(zeroblob(9)),'00',',')),',')+1),',')+1), instr(substr(substr(('a,b,c' || replace(hex(zeroblob(9)),'00',',')), instr(('a,b,c' || replace(hex(zeroblob(9)),'00',',')),',')+1), instr(substr(('a,b,c' || replace(hex(zeroblob(9)),'00',',')), instr(('a,b,c' || replace(hex(zeroblob(9)),'00',',')),',')+1),',')+1),',')+1), instr(substr(substr(substr(('a,b,c' || replace(hex(zeroblob(9)),'00',',')), instr(('a,b,c' || replace(hex(zeroblob(9)),'00',',')),',')+1), instr(substr(('a,b,c' || replace(hex(zeroblob(9)),'00',',')), instr(('a,b,c' || replace(hex(zeroblob(9)),'00',',')),',')+1),',')+1), instr(substr(substr(('a,b,c' || replace(hex(zeroblob(9)),'00',',')), instr(('a,b,c' || replace(hex(zeroblob(9)),'00',',')),',')+1), instr(substr(('a,b,c' || replace(hex(zeroblob(9)),'00',',')), instr(('a,b,c' || replace(hex(zeroblob(9)),'00',',')),',')+1),',')+1),',')+1),',')+1), instr(substr(substr(substr(substr(('a,b,c' || replace(hex(zeroblob(9)),'00',',')), instr(('a,b,c' || replace(hex(zeroblob(9)),'00',',')),',')+1), instr(substr(('a,b,c' || replace(hex(zeroblob(9)),'00',',')), instr(('a,b,c' || replace(hex(zeroblob(9)),'00',',')),',')+1),',')+1), instr(substr(substr(('a,b,c' || replace(hex(zeroblob(9)),'00',',')), instr(('a,b,c' || replace(hex(zeroblob(9)),'00',',')),',')+1), instr(substr(('a,b,c' || replace(hex(zeroblob(9)),'00',',')), instr(('a,b,c' || replace(hex(zeroblob(9)),'00',',')),',')+1),',')+1),',')+1), instr(substr(substr(substr(('a,b,c' || replace(hex(zeroblob(9)),'00',',')), instr(('a,b,c' || replace(hex(zeroblob(9)),'00',',')),',')+1), instr(substr(('a,b,c' || replace(hex(zeroblob(9)),'00',',')), instr(('a,b,c' || replace(hex(zeroblob(9)),'00',',')),',')+1),',')+1), instr(substr(substr(('a,b,c' || replace(hex(zeroblob(9)),'00',',')), instr(('a,b,c' || replace(hex(zeroblob(9)),'00',',')),',')+1), instr(substr(('a,b,c' || replace(hex(zeroblob(9)),'00',',')), instr(('a,b,c' || replace(hex(zeroblob(9)),'00',',')),',')+1),',')+1),',')+1),',')+1),',')+1),',')+1),',')+1),',')+1),1,instr(substr(substr(substr(substr(substr(substr(substr(substr(('a,b,c' || replace(hex(zeroblob(9)),'00',',')), instr(('a,b,c' || replace(hex(zeroblob(9)),'00',',')),',')+1), instr(substr(('a,b,c' || replace(hex(zeroblob(9)),'00',',')), instr(('a,b,c' || replace(hex(zeroblob(9)),'00',',')),',')+1),',')+1), instr(substr(substr(('a,b,c' || replace(hex(zeroblob(9)),'00',',')), instr(('a,b,c' || replace(hex(zeroblob(9)),'00',',')),',')+1), instr(substr(('a,b,c' || replace(hex(zeroblob(9)),'00',',')), instr(('a,b,c' || replace(hex(zeroblob(9)),'00',',')),',')+1),',')+1),',')+1), instr(substr(substr(substr(('a,b,c' || replace(hex(zeroblob(9)),'00',',')), instr(('a,b,c' || replace(hex(zeroblob(9)),'00',',')),',')+1), instr(substr(('a,b,c' || replace(hex(zeroblob(9)),'00',',')), instr(('a,b,c' || replace(hex(zeroblob(9)),'00',',')),',')+1),',')+1), instr(substr(substr(('a,b,c' || replace(hex(zeroblob(9)),'00',',')), instr(('a,b,c' || replace(hex(zeroblob(9)),'00',',')),',')+1), instr(substr(('a,b,c' || replace(hex(zeroblob(9)),'00',',')), instr(('a,b,c' || replace(hex(zeroblob(9)),'00',',')),',')+1),',')+1),',')+1),',')+1), instr(substr(substr(substr(substr(('a,b,c' || replace(hex(zeroblob(9)),'00',',')), instr(('a,b,c' || replace(hex(zeroblob(9)),'00',',')),',')+1), instr(substr(('a,b,c' || replace(hex(zeroblob(9)),'00',',')), instr(('a,b,c' || replace(hex(zeroblob(9)),'00',',')),',')+1),',')+1), instr(substr(substr(('a,b,c' || replace(hex(zeroblob(9)),'00',',')), instr(('a,b,c' || replace(hex(zeroblob(9)),'00',',')),',')+1), instr(substr(('a,b,c' || replace(hex(zeroblob(9)),'00',',')), instr(('a,b,c' || replace(hex(zeroblob(9)),'00',',')),',')+1),',')+1),',')+1), instr(substr(substr(substr(('a,b,c' || replace(hex(zeroblob(9)),'00',',')), instr(('a,b,c' || replace(hex(zeroblob(9)),'00',',')),',')+1), instr(substr(('a,b,c' || replace(hex(zeroblob(9)),'00',',')), instr(('a,b,c' || replace(hex(zeroblob(9)),'00',',')),',')+1),',')+1), instr(substr(substr(('a,b,c' || replace(hex(zeroblob(9)),'00',',')), instr(('a,b,c' || replace(hex(zeroblob(9)),'00',',')),',')+1), instr(substr(('a,b,c' || replace(hex(zeroblob(9)),'00',',')), instr(('a,b,c' || replace(hex(zeroblob(9)),'00',',')),',')+1),',')+1),',')+1),',')+1),',')+1), instr(substr(substr(substr(substr(substr(('a,b,c' || replace(hex(zeroblob(9)),'00',',')), instr(('a,b,c' || replace(hex(zeroblob(9)),'00',',')),',')+1), instr(substr(('a,b,c' || replace(hex(zeroblob(9)),'00',',')), instr(('a,b,c' || replace(hex(zeroblob(9)),'00',',')),',')+1),',')+1), instr(substr(substr(('a,b,c' || replace(hex(zeroblob(9)),'00',',')), instr(('a,b,c' || replace(hex(zeroblob(9)),'00',',')),',')+1), instr(substr(('a,b,c' || replace(hex(zeroblob(9)),'00',',')), instr(('a,b,c' || replace(hex(zeroblob(9)),'00',',')),',')+1),',')+1),',')+1), instr(substr(substr(substr(('a,b,c' || replace(hex(zeroblob(9)),'00',',')), instr(('a,b,c' || replace(hex(zeroblob(9)),'00',',')),',')+1), instr(substr(('a,b,c' || replace(hex(zeroblob(9)),'00',',')), instr(('a,b,c' || replace(hex(zeroblob(9)),'00',',')),',')+1),',')+1), instr(substr(substr(('a,b,c' || replace(hex(zeroblob(9)),'00',',')), instr(('a,b,c' || replace(hex(zeroblob(9)),'00',',')),',')+1), instr(substr(('a,b,c' || replace(hex(zeroblob(9)),'00',',')), instr(('a,b,c' || replace(hex(zeroblob(9)),'00',',')),',')+1),',')+1),',')+1),',')+1), instr(substr(substr(substr(substr(('a,b,c' || replace(hex(zeroblob(9)),'00',',')), instr(('a,b,c' || replace(hex(zeroblob(9)),'00',',')),',')+1), instr(substr(('a,b,c' || replace(hex(zeroblob(9)),'00',',')), instr(('a,b,c' || replace(hex(zeroblob(9)),'00',',')),',')+1),',')+1), instr(substr(substr(('a,b,c' || replace(hex(zeroblob(9)),'00',',')), instr(('a,b,c' || replace(hex(zeroblob(9)),'00',',')),',')+1), instr(substr(('a,b,c' || replace(hex(zeroblob(9)),'00',',')), instr(('a,b,c' || replace(hex(zeroblob(9)),'00',',')),',')+1),',')+1),',')+1), instr(substr(substr(substr(('a,b,c' || replace(hex(zeroblob(9)),'00',',')), instr(('a,b,c' || replace(hex(zeroblob(9)),'00',',')),',')+1), instr(substr(('a,b,c' || replace(hex(zeroblob(9)),'00',',')), instr(('a,b,c' || replace(hex(zeroblob(9)),'00',',')),',')+1),',')+1), instr(substr(substr(('a,b,c' || replace(hex(zeroblob(9)),'00',',')), instr(('a,b,c' || replace(hex(zeroblob(9)),'00',',')),',')+1), instr(substr(('a,b,c' || replace(hex(zeroblob(9)),'00',',')), instr(('a,b,c' || replace(hex(zeroblob(9)),'00',',')),',')+1),',')+1),',')+1),',')+1),',')+1),',')+1), instr(substr(substr(substr(substr(substr(substr(('a,b,c' || replace(hex(zeroblob(9)),'00',',')), instr(('a,b,c' || replace(hex(zeroblob(9)),'00',',')),',')+1), instr(substr(('a,b,c' || replace(hex(zeroblob(9)),'00',',')), instr(('a,b,c' || replace(hex(zeroblob(9)),'00',',')),',')+1),',')+1), instr(substr(substr(('a,b,c' || replace(hex(zeroblob(9)),'00',',')), instr(('a,b,c' || replace(hex(zeroblob(9)),'00',',')),',')+1), instr(substr(('a,b,c' || replace(hex(zeroblob(9)),'00',',')), instr(('a,b,c' || replace(hex(zeroblob(9)),'00',',')),',')+1),',')+1),',')+1), instr(substr(substr(substr(('a,b,c' || replace(hex(zeroblob(9)),'00',',')), instr(('a,b,c' || replace(hex(zeroblob(9)),'00',',')),',')+1), instr(substr(('a,b,c' || replace(hex(zeroblob(9)),'00',',')), instr(('a,b,c' || replace(hex(zeroblob(9)),'00',',')),',')+1),',')+1), instr(substr(substr(('a,b,c' || replace(hex(zeroblob(9)),'00',',')), instr(('a,b,c' || replace(hex(zeroblob(9)),'00',',')),',')+1), instr(substr(('a,b,c' || replace(hex(zeroblob(9)),'00',',')), instr(('a,b,c' || replace(hex(zeroblob(9)),'00',',')),',')+1),',')+1),',')+1),',')+1), instr(substr(substr(substr(substr(('a,b,c' || replace(hex(zeroblob(9)),'00',',')), instr(('a,b,c' || replace(hex(zeroblob(9)),'00',',')),',')+1), instr(substr(('a,b,c' || replace(hex(zeroblob(9)),'00',',')), instr(('a,b,c' || replace(hex(zeroblob(9)),'00',',')),',')+1),',')+1), instr(substr(substr(('a,b,c' || replace(hex(zeroblob(9)),'00',',')), instr(('a,b,c' || replace(hex(zeroblob(9)),'00',',')),',')+1), instr(substr(('a,b,c' || replace(hex(zeroblob(9)),'00',',')), instr(('a,b,c' || replace(hex(zeroblob(9)),'00',',')),',')+1),',')+1),',')+1), instr(substr(substr(substr(('a,b,c' || replace(hex(zeroblob(9)),'00',',')), instr(('a,b,c' || replace(hex(zeroblob(9)),'00',',')),',')+1), instr(substr(('a,b,c' || replace(hex(zeroblob(9)),'00',',')), instr(('a,b,c' || replace(hex(zeroblob(9)),'00',',')),',')+1),',')+1), instr(substr(substr(('a,b,c' || replace(hex(zeroblob(9)),'00',',')), instr(('a,b,c' || replace(hex(zeroblob(9)),'00',',')),',')+1), instr(substr(('a,b,c' || replace(hex(zeroblob(9)),'00',',')), instr(('a,b,c' || replace(hex(zeroblob(9)),'00',',')),',')+1),',')+1),',')+1),',')+1),',')+1), instr(substr(substr(substr(substr(substr(('a,b,c' || replace(hex(zeroblob(9)),'00',',')), instr(('a,b,c' || replace(hex(zeroblob(9)),'00',',')),',')+1), instr(substr(('a,b,c' || replace(hex(zeroblob(9)),'00',',')), instr(('a,b,c' || replace(hex(zeroblob(9)),'00',',')),',')+1),',')+1), instr(substr(substr(('a,b,c' || replace(hex(zeroblob(9)),'00',',')), instr(('a,b,c' || replace(hex(zeroblob(9)),'00',',')),',')+1), instr(substr(('a,b,c' || replace(hex(zeroblob(9)),'00',',')), instr(('a,b,c' || replace(hex(zeroblob(9)),'00',',')),',')+1),',')+1),',')+1), instr(substr(substr(substr(('a,b,c' || replace(hex(zeroblob(9)),'00',',')), instr(('a,b,c' || replace(hex(zeroblob(9)),'00',',')),',')+1), instr(substr(('a,b,c' || replace(hex(zeroblob(9)),'00',',')), instr(('a,b,c' || replace(hex(zeroblob(9)),'00',',')),',')+1),',')+1), instr(substr(substr(('a,b,c' || replace(hex(zeroblob(9)),'00',',')), instr(('a,b,c' || replace(hex(zeroblob(9)),'00',',')),',')+1), instr(substr(('a,b,c' || replace(hex(zeroblob(9)),'00',',')), instr(('a,b,c' || replace(hex(zeroblob(9)),'00',',')),',')+1),',')+1),',')+1),',')+1), instr(substr(substr(substr(substr(('a,b,c' || replace(hex(zeroblob(9)),'00',',')), instr(('a,b,c' || replace(hex(zeroblob(9)),'00',',')),',')+1), instr(substr(('a,b,c' || replace(hex(zeroblob(9)),'00',',')), instr(('a,b,c' || replace(hex(zeroblob(9)),'00',',')),',')+1),',')+1), instr(substr(substr(('a,b,c' || replace(hex(zeroblob(9)),'00',',')), instr(('a,b,c' || replace(hex(zeroblob(9)),'00',',')),',')+1), instr(substr(('a,b,c' || replace(hex(zeroblob(9)),'00',',')), instr(('a,b,c' || replace(hex(zeroblob(9)),'00',',')),',')+1),',')+1),',')+1), instr(substr(substr(substr(('a,b,c' || replace(hex(zeroblob(9)),'00',',')), instr(('a,b,c' || replace(hex(zeroblob(9)),'00',',')),',')+1), instr(substr(('a,b,c' || replace(hex(zeroblob(9)),'00',',')), instr(('a,b,c' || replace(hex(zeroblob(9)),'00',',')),',')+1),',')+1), instr(substr(substr(('a,b,c' || replace(hex(zeroblob(9)),'00',',')), instr(('a,b,c' || replace(hex(zeroblob(9)),'00',',')),',')+1), instr(substr(('a,b,c' || replace(hex(zeroblob(9)),'00',',')), instr(('a,b,c' || replace(hex(zeroblob(9)),'00',',')),',')+1),',')+1),',')+1),',')+1),',')+1),',')+1),',')+1), instr(substr(substr(substr(substr(substr(substr(substr(('a,b,c' || replace(hex(zeroblob(9)),'00',',')), instr(('a,b,c' || replace(hex(zeroblob(9)),'00',',')),',')+1), instr(substr(('a,b,c' || replace(hex(zeroblob(9)),'00',',')), instr(('a,b,c' || replace(hex(zeroblob(9)),'00',',')),',')+1),',')+1), instr(substr(substr(('a,b,c' || replace(hex(zeroblob(9)),'00',',')), instr(('a,b,c' || replace(hex(zeroblob(9)),'00',',')),',')+1), instr(substr(('a,b,c' || replace(hex(zeroblob(9)),'00',',')), instr(('a,b,c' || replace(hex(zeroblob(9)),'00',',')),',')+1),',')+1),',')+1), instr(substr(substr(substr(('a,b,c' || replace(hex(zeroblob(9)),'00',',')), instr(('a,b,c' || replace(hex(zeroblob(9)),'00',',')),',')+1), instr(substr(('a,b,c' || replace(hex(zeroblob(9)),'00',',')), instr(('a,b,c' || replace(hex(zeroblob(9)),'00',',')),',')+1),',')+1), instr(substr(substr(('a,b,c' || replace(hex(zeroblob(9)),'00',',')), instr(('a,b,c' || replace(hex(zeroblob(9)),'00',',')),',')+1), instr(substr(('a,b,c' || replace(hex(zeroblob(9)),'00',',')), instr(('a,b,c' || replace(hex(zeroblob(9)),'00',',')),',')+1),',')+1),',')+1),',')+1), instr(substr(substr(substr(substr(('a,b,c' || replace(hex(zeroblob(9)),'00',',')), instr(('a,b,c' || replace(hex(zeroblob(9)),'00',',')),',')+1), instr(substr(('a,b,c' || replace(hex(zeroblob(9)),'00',',')), instr(('a,b,c' || replace(hex(zeroblob(9)),'00',',')),',')+1),',')+1), instr(substr(substr(('a,b,c' || replace(hex(zeroblob(9)),'00',',')), instr(('a,b,c' || replace(hex(zeroblob(9)),'00',',')),',')+1), instr(substr(('a,b,c' || replace(hex(zeroblob(9)),'00',',')), instr(('a,b,c' || replace(hex(zeroblob(9)),'00',',')),',')+1),',')+1),',')+1), instr(substr(substr(substr(('a,b,c' || replace(hex(zeroblob(9)),'00',',')), instr(('a,b,c' || replace(hex(zeroblob(9)),'00',',')),',')+1), instr(substr(('a,b,c' || replace(hex(zeroblob(9)),'00',',')), instr(('a,b,c' || replace(hex(zeroblob(9)),'00',',')),',')+1),',')+1), instr(substr(substr(('a,b,c' || replace(hex(zeroblob(9)),'00',',')), instr(('a,b,c' || replace(hex(zeroblob(9)),'00',',')),',')+1), instr(substr(('a,b,c' || replace(hex(zeroblob(9)),'00',',')), instr(('a,b,c' || replace(hex(zeroblob(9)),'00',',')),',')+1),',')+1),',')+1),',')+1),',')+1), instr(substr(substr(substr(substr(substr(('a,b,c' || replace(hex(zeroblob(9)),'00',',')), instr(('a,b,c' || replace(hex(zeroblob(9)),'00',',')),',')+1), instr(substr(('a,b,c' || replace(hex(zeroblob(9)),'00',',')), instr(('a,b,c' || replace(hex(zeroblob(9)),'00',',')),',')+1),',')+1), instr(substr(substr(('a,b,c' || replace(hex(zeroblob(9)),'00',',')), instr(('a,b,c' || replace(hex(zeroblob(9)),'00',',')),',')+1), instr(substr(('a,b,c' || replace(hex(zeroblob(9)),'00',',')), instr(('a,b,c' || replace(hex(zeroblob(9)),'00',',')),',')+1),',')+1),',')+1), instr(substr(substr(substr(('a,b,c' || replace(hex(zeroblob(9)),'00',',')), instr(('a,b,c' || replace(hex(zeroblob(9)),'00',',')),',')+1), instr(substr(('a,b,c' || replace(hex(zeroblob(9)),'00',',')), instr(('a,b,c' || replace(hex(zeroblob(9)),'00',',')),',')+1),',')+1), instr(substr(substr(('a,b,c' || replace(hex(zeroblob(9)),'00',',')), instr(('a,b,c' || replace(hex(zeroblob(9)),'00',',')),',')+1), instr(substr(('a,b,c' || replace(hex(zeroblob(9)),'00',',')), instr(('a,b,c' || replace(hex(zeroblob(9)),'00',',')),',')+1),',')+1),',')+1),',')+1), instr(substr(substr(substr(substr(('a,b,c' || replace(hex(zeroblob(9)),'00',',')), instr(('a,b,c' || replace(hex(zeroblob(9)),'00',',')),',')+1), instr(substr(('a,b,c' || replace(hex(zeroblob(9)),'00',',')), instr(('a,b,c' || replace(hex(zeroblob(9)),'00',',')),',')+1),',')+1), instr(substr(substr(('a,b,c' || replace(hex(zeroblob(9)),'00',',')), instr(('a,b,c' || replace(hex(zeroblob(9)),'00',',')),',')+1), instr(substr(('a,b,c' || replace(hex(zeroblob(9)),'00',',')), instr(('a,b,c' || replace(hex(zeroblob(9)),'00',',')),',')+1),',')+1),',')+1), instr(substr(substr(substr(('a,b,c' || replace(hex(zeroblob(9)),'00',',')), instr(('a,b,c' || replace(hex(zeroblob(9)),'00',',')),',')+1), instr(substr(('a,b,c' || replace(hex(zeroblob(9)),'00',',')), instr(('a,b,c' || replace(hex(zeroblob(9)),'00',',')),',')+1),',')+1), instr(substr(substr(('a,b,c' || replace(hex(zeroblob(9)),'00',',')), instr(('a,b,c' || replace(hex(zeroblob(9)),'00',',')),',')+1), instr(substr(('a,b,c' || replace(hex(zeroblob(9)),'00',',')), instr(('a,b,c' || replace(hex(zeroblob(9)),'00',',')),',')+1),',')+1),',')+1),',')+1),',')+1),',')+1), instr(substr(substr(substr(substr(substr(substr(('a,b,c' || replace(hex(zeroblob(9)),'00',',')), instr(('a,b,c' || replace(hex(zeroblob(9)),'00',',')),',')+1), instr(substr(('a,b,c' || replace(hex(zeroblob(9)),'00',',')), instr(('a,b,c' || replace(hex(zeroblob(9)),'00',',')),',')+1),',')+1), instr(substr(substr(('a,b,c' || replace(hex(zeroblob(9)),'00',',')), instr(('a,b,c' || replace(hex(zeroblob(9)),'00',',')),',')+1), instr(substr(('a,b,c' || replace(hex(zeroblob(9)),'00',',')), instr(('a,b,c' || replace(hex(zeroblob(9)),'00',',')),',')+1),',')+1),',')+1), instr(substr(substr(substr(('a,b,c' || replace(hex(zeroblob(9)),'00',',')), instr(('a,b,c' || replace(hex(zeroblob(9)),'00',',')),',')+1), instr(substr(('a,b,c' || replace(hex(zeroblob(9)),'00',',')), instr(('a,b,c' || replace(hex(zeroblob(9)),'00',',')),',')+1),',')+1), instr(substr(substr(('a,b,c' || replace(hex(zeroblob(9)),'00',',')), instr(('a,b,c' || replace(hex(zeroblob(9)),'00',',')),',')+1), instr(substr(('a,b,c' || replace(hex(zeroblob(9)),'00',',')), instr(('a,b,c' || replace(hex(zeroblob(9)),'00',',')),',')+1),',')+1),',')+1),',')+1), instr(substr(substr(substr(substr(('a,b,c' || replace(hex(zeroblob(9)),'00',',')), instr(('a,b,c' || replace(hex(zeroblob(9)),'00',',')),',')+1), instr(substr(('a,b,c' || replace(hex(zeroblob(9)),'00',',')), instr(('a,b,c' || replace(hex(zeroblob(9)),'00',',')),',')+1),',')+1), instr(substr(substr(('a,b,c' || replace(hex(zeroblob(9)),'00',',')), instr(('a,b,c' || replace(hex(zeroblob(9)),'00',',')),',')+1), instr(substr(('a,b,c' || replace(hex(zeroblob(9)),'00',',')), instr(('a,b,c' || replace(hex(zeroblob(9)),'00',',')),',')+1),',')+1),',')+1), instr(substr(substr(substr(('a,b,c' || replace(hex(zeroblob(9)),'00',',')), instr(('a,b,c' || replace(hex(zeroblob(9)),'00',',')),',')+1), instr(substr(('a,b,c' || replace(hex(zeroblob(9)),'00',',')), instr(('a,b,c' || replace(hex(zeroblob(9)),'00',',')),',')+1),',')+1), instr(substr(substr(('a,b,c' || replace(hex(zeroblob(9)),'00',',')), instr(('a,b,c' || replace(hex(zeroblob(9)),'00',',')),',')+1), instr(substr(('a,b,c' || replace(hex(zeroblob(9)),'00',',')), instr(('a,b,c' || replace(hex(zeroblob(9)),'00',',')),',')+1),',')+1),',')+1),',')+1),',')+1), instr(substr(substr(substr(substr(substr(('a,b,c' || replace(hex(zeroblob(9)),'00',',')), instr(('a,b,c' || replace(hex(zeroblob(9)),'00',',')),',')+1), instr(substr(('a,b,c' || replace(hex(zeroblob(9)),'00',',')), instr(('a,b,c' || replace(hex(zeroblob(9)),'00',',')),',')+1),',')+1), instr(substr(substr(('a,b,c' || replace(hex(zeroblob(9)),'00',',')), instr(('a,b,c' || replace(hex(zeroblob(9)),'00',',')),',')+1), instr(substr(('a,b,c' || replace(hex(zeroblob(9)),'00',',')), instr(('a,b,c' || replace(hex(zeroblob(9)),'00',',')),',')+1),',')+1),',')+1), instr(substr(substr(substr(('a,b,c' || replace(hex(zeroblob(9)),'00',',')), instr(('a,b,c' || replace(hex(zeroblob(9)),'00',',')),',')+1), instr(substr(('a,b,c' || replace(hex(zeroblob(9)),'00',',')), instr(('a,b,c' || replace(hex(zeroblob(9)),'00',',')),',')+1),',')+1), instr(substr(substr(('a,b,c' || replace(hex(zeroblob(9)),'00',',')), instr(('a,b,c' || replace(hex(zeroblob(9)),'00',',')),',')+1), instr(substr(('a,b,c' || replace(hex(zeroblob(9)),'00',',')), instr(('a,b,c' || replace(hex(zeroblob(9)),'00',',')),',')+1),',')+1),',')+1),',')+1), instr(substr(substr(substr(substr(('a,b,c' || replace(hex(zeroblob(9)),'00',',')), instr(('a,b,c' || replace(hex(zeroblob(9)),'00',',')),',')+1), instr(substr(('a,b,c' || replace(hex(zeroblob(9)),'00',',')), instr(('a,b,c' || replace(hex(zeroblob(9)),'00',',')),',')+1),',')+1), instr(substr(substr(('a,b,c' || replace(hex(zeroblob(9)),'00',',')), instr(('a,b,c' || replace(hex(zeroblob(9)),'00',',')),',')+1), instr(substr(('a,b,c' || replace(hex(zeroblob(9)),'00',',')), instr(('a,b,c' || replace(hex(zeroblob(9)),'00',',')),',')+1),',')+1),',')+1), instr(substr(substr(substr(('a,b,c' || replace(hex(zeroblob(9)),'00',',')), instr(('a,b,c' || replace(hex(zeroblob(9)),'00',',')),',')+1), instr(substr(('a,b,c' || replace(hex(zeroblob(9)),'00',',')), instr(('a,b,c' || replace(hex(zeroblob(9)),'00',',')),',')+1),',')+1), instr(substr(substr(('a,b,c' || replace(hex(zeroblob(9)),'00',',')), instr(('a,b,c' || replace(hex(zeroblob(9)),'00',',')),',')+1), instr(substr(('a,b,c' || replace(hex(zeroblob(9)),'00',',')), instr(('a,b,c' || replace(hex(zeroblob(9)),'00',',')),',')+1),',')+1),',')+1),',')+1),',')+1),',')+1),',')+1),',')+1),',')-1) || '|'
SPLIT_PART.c9	SPLIT_PART	SELECT substr(substr(('a,b,c' || replace(hex(zeroblob(2)),'00',',')), instr(('a,b,c' || replace(hex(zeroblob(2)),'00',',')),',')+1),1,instr(substr(('a,b,c' || replace(hex(zeroblob(2)),'00',',')), instr(('a,b,c' || replace(hex(zeroblob(2)),'00',',')),',')+1),',')-1)
REVERSE.c1	REVERSE_STRING	SELECT reverse('abc')
REVERSE.c2	REVERSE_STRING	SELECT reverse('héllo')
REVERSE.c3	REVERSE_STRING	SELECT reverse_string('abc')
REVERSE.c4	REVERSE_STRING	WITH RECURSIVE r(i,o) AS (SELECT 1, '' UNION ALL SELECT i+1, substr('abc',i,1) || o FROM r WHERE i<=length('abc')) SELECT o FROM r ORDER BY i DESC LIMIT 1
REVERSE.c5	REVERSE_STRING	SELECT (WITH RECURSIVE r(i,o) AS (SELECT 1, '' UNION ALL SELECT i+1, substr('abc',i,1) || o FROM r WHERE i<=length('abc')) SELECT o FROM r ORDER BY i DESC LIMIT 1)
REVERSE.c6	REVERSE_STRING	SELECT (WITH RECURSIVE r(i,o) AS (SELECT 1, '' UNION ALL SELECT i+1, substr(e.name,i,1) || o FROM r WHERE i<=length(e.name)) SELECT o FROM r ORDER BY i DESC LIMIT 1) FROM emp e WHERE e.id=1
ASCII_CODE.c1	ASCII_CODE	SELECT ascii('A')
ASCII_CODE.c2	ASCII_CODE	SELECT unicode('A')
ASCII_CODE.c3	ASCII_CODE	SELECT ascii('abc')
ASCII_CODE.c4	ASCII_CODE	SELECT unicode('abc')
ASCII_CODE.c5	ASCII_CODE	SELECT ascii('')
ASCII_CODE.c6	ASCII_CODE	SELECT unicode('')
ASCII_CODE.c7	ASCII_CODE	SELECT ascii('é')
ASCII_CODE.c8	ASCII_CODE	SELECT unicode('é')
CHR.c1	CHR	SELECT chr(65)
CHR.c2	CHR	SELECT char(65)
CHR.c3	CHR	SELECT chr(233)
CHR.c4	CHR	SELECT char(233)
CHR.c5	CHR	SELECT chr(0) || '|'
CHR.c6	CHR	SELECT char(0) || '|'
CHR.c7	CHR	SELECT chr(128512)
CHR.c8	CHR	SELECT char(128512)
UC_FIRST.c1	UC_FIRST	SELECT upper(substr('hello',1,1)) || substr('hello',2)
UC_FIRST.c2	UC_FIRST	SELECT initcap('hello world')
UC_FIRST.c3	UC_FIRST	SELECT upper(substr('hello world',1,1)) || substr('hello world',2)
UC_FIRST.c4	UC_FIRST	SELECT upper(substr('',1,1)) || substr('',2) || '|'
UC_FIRST.c5	UC_FIRST	SELECT upper(substr(NULL,1,1)) || substr(NULL,2)
UC_FIRST.c6	UC_FIRST	SELECT upper(substr('école',1,1)) || substr('école',2)
LC_FIRST.c1	LC_FIRST	SELECT lower(substr('HELLO',1,1)) || substr('HELLO',2)
LC_FIRST.c2	LC_FIRST	SELECT lower(substr('ÉCOLE',1,1)) || substr('ÉCOLE',2)
ENCODE_BASE64.c1	ENCODE_BASE64	SELECT to_base64(CAST('hello' AS BLOB))
ENCODE_BASE64.c2	ENCODE_BASE64	SELECT base64(CAST('hello' AS BLOB))
ENCODE_BASE64.c3	ENCODE_BASE64	SELECT encode(CAST('hello' AS bytea),'base64')
ENCODE_BASE64.c4	ENCODE_BASE64	SELECT to_base64('hello')
ENCODE_BASE64.c5	ENCODE_BASE64	SELECT base64('hello')
ENCODE_BASE64.c6	ENCODE_BASE64	SELECT to_base64(CAST(repeat('a',100) AS BLOB))
ENCODE_BASE64.c7	ENCODE_BASE64	SELECT encode(CAST(repeat('a',100) AS bytea),'base64')
ENCODE_BASE64.c8	ENCODE_BASE64	SELECT replace(encode(CAST(repeat('a',100) AS bytea),'base64'), chr(10), '')
ENCODE_BASE64.c9	ENCODE_BASE64	SELECT encode(CAST('héllo' AS bytea),'base64')
ENCODE_BASE64.c10	ENCODE_BASE64	SELECT to_base64(CAST('héllo' AS BLOB))
DECODE_BASE64.c1	DECODE_BASE64	SELECT CAST(from_base64('aGVsbG8=') AS VARCHAR)
DECODE_BASE64.c2	DECODE_BASE64	SELECT convert_from(decode('aGVsbG8=','base64'),'UTF8')
DECODE_BASE64.c3	DECODE_BASE64	SELECT CAST(decode('aGVsbG8=','base64') AS text)
DECODE_BASE64.c4	DECODE_BASE64	SELECT from_base64('aGVsbG8=')
DECODE_BASE64.c5	DECODE_BASE64	SELECT unbase64('aGVsbG8=')
DECODE_BASE64.c6	DECODE_BASE64	SELECT base64_decode('aGVsbG8=')
DECODE_BASE64.c7	DECODE_BASE64	SELECT CAST(CAST(from_base64('aGVsbG8=') AS BLOB) AS VARCHAR)
LEVENSHTEIN.c1	LEVENSHTEIN	SELECT levenshtein('kitten','sitting')
LEVENSHTEIN.c2	LEVENSHTEIN	SELECT editdist3('kitten','sitting')
LEVENSHTEIN.c3	LEVENSHTEIN	SELECT edit_distance('kitten','sitting')
LEVENSHTEIN.c4	LEVENSHTEIN	SELECT levenshtein_less_equal('kitten','sitting',10)
LEVENSHTEIN.c5	LEVENSHTEIN	SELECT difference('kitten','sitting')
LEVENSHTEIN.c6	LEVENSHTEIN	SELECT damerau_levenshtein('kitten','sitting')
JARO_WINKLER.c1	JARO_WINKLER	SELECT jaro_winkler_similarity('kitten','sitting')
JARO_WINKLER.c2	JARO_WINKLER	SELECT jaro_winkler('kitten','sitting')
JARO_WINKLER.c3	JARO_WINKLER	SELECT jarowinkler('kitten','sitting')
JARO_WINKLER.c4	JARO_WINKLER	SELECT similarity('kitten','sitting')
JARO_WINKLER.c5	JARO_WINKLER	SELECT jaro_similarity('kitten','sitting')
GUID.c1	GUID	SELECT uuid()
GUID.c2	GUID	SELECT gen_random_uuid()
GUID.c3	GUID	SELECT uuidv4()
GUID.c4	GUID	SELECT uuid_generate_v4()
GUID.c5	GUID	SELECT lower(hex(randomblob(16)))
GUID.c6	GUID	SELECT lower(substr(hex(randomblob(16)),1,8)) || '-' || lower(substr(hex(randomblob(16)),1,4))
GUID.c7	GUID	SELECT CAST(uuid() AS VARCHAR)
GUID.c8	GUID	SELECT CAST(gen_random_uuid() AS text)
GUID.c9	GUID	SELECT random()
FORMAT.c1	FORMAT	SELECT printf('%s-%d','a',1)
FORMAT.c2	FORMAT	SELECT format('%s-%s','a','1')
FORMAT.c3	FORMAT	SELECT format('%s-%d','a',1)
FORMAT.c4	FORMAT	SELECT printf('%.2f', 3.14159)
FORMAT.c5	FORMAT	SELECT format('%.2f', 3.14159)
FORMAT.c6	FORMAT	SELECT printf('%s and %s','a','b')
FORMAT.c7	FORMAT	SELECT format('%s and %s','a','b')
FORMAT.c8	FORMAT	SELECT printf('%d%%', 50)
FORMAT.c9	FORMAT	SELECT format('%1$s-%2$s','a','b')
FORMAT.c10	FORMAT	SELECT printf('%s', NULL) || '|'
FORMAT.c11	FORMAT	SELECT format('%s', NULL) || '|'
FORMAT.c12	FORMAT	SELECT printf('%s', 3.5)
FORMAT.c13	FORMAT	SELECT format('%s', 3.5)
HASH.c1	HASH	SELECT hash('abc')
HASH.c2	HASH	SELECT hashtext('abc')
HASH.c3	HASH	SELECT hash_record('abc')
HASH.c4	HASH	SELECT hash(123)
HASH.c5	HASH	SELECT hashtext(CAST(123 AS text))
HASH.c6	HASH	SELECT ('x' || substr(md5('abc'),1,16))::bit(64)::bigint
MD5.c1	MD5	SELECT md5('abc')
MD5.c2	MD5	SELECT md5('')
MD5.c3	MD5	SELECT md5(CAST('abc' AS bytea))
MD5.c4	MD5	SELECT encode(digest('abc','md5'),'hex')
MD5.c5	MD5	SELECT lower(hex(md5('abc')))
MD5.c6	MD5	SELECT md5(NULL)
SHA1.c1	SHA1	SELECT sha1('abc')
SHA1.c2	SHA1	SELECT encode(digest('abc','sha1'),'hex')
SHA1.c3	SHA1	SELECT encode(sha1(CAST('abc' AS bytea)),'hex')
SHA1.c4	SHA1	SELECT lower(hex(sha1('abc')))
SHA1.c5	SHA1	SELECT sha1(CAST('abc' AS bytea))
SHA256.c1	SHA256	SELECT sha256('abc')
SHA256.c2	SHA256	SELECT encode(sha256(CAST('abc' AS bytea)),'hex')
SHA256.c3	SHA256	SELECT sha256(CAST('abc' AS bytea))
SHA256.c4	SHA256	SELECT encode(digest('abc','sha256'),'hex')
SHA256.c5	SHA256	SELECT lower(hex(sha3('abc',256)))
SHA256.c6	SHA256	SELECT sha3('abc',256)
SHA256.c7	SHA256	SELECT sha3_query('abc')
REPEAT_STR.c1	REPEAT_STR	SELECT repeat('ab',3)
REPEAT_STR.c2	REPEAT_STR	SELECT replace(hex(zeroblob(3)),'00','ab')
REPEAT_STR.c3	REPEAT_STR	SELECT repeat('ab',0) || '|'
REPEAT_STR.c4	REPEAT_STR	SELECT replace(hex(zeroblob(0)),'00','ab') || '|'
REPEAT_STR.c5	REPEAT_STR	SELECT repeat('ab',-1) || '|'
REPEAT_STR.c6	REPEAT_STR	SELECT replace(hex(zeroblob(-1)),'00','ab') || '|'
REPEAT_STR.c7	REPEAT_STR	SELECT repeat(NULL,3)
REPEAT_STR.c8	REPEAT_STR	SELECT rpad('', 3*length('ab'), 'ab')
REGEXP_EXTRACT.c1	REGEXP_EXTRACT	SELECT regexp_extract('abc123','[0-9]+')
REGEXP_EXTRACT.c2	REGEXP_EXTRACT	SELECT regexp_extract('abc123','([a-z]+)([0-9]+)',2)
REGEXP_EXTRACT.c3	REGEXP_EXTRACT	SELECT substring('abc123' from '[0-9]+')
REGEXP_EXTRACT.c4	REGEXP_EXTRACT	SELECT (regexp_match('abc123','[0-9]+'))[1]
REGEXP_EXTRACT.c5	REGEXP_EXTRACT	SELECT regexp_substr('abc123','[0-9]+')
REGEXP_EXTRACT.c6	REGEXP_EXTRACT	SELECT (regexp_match('abc123','([a-z]+)([0-9]+)'))[2]
REGEXP_EXTRACT.c7	REGEXP_EXTRACT	SELECT regexp_extract('abcdef','[0-9]+') || '|'
REGEXP_EXTRACT.c8	REGEXP_EXTRACT	SELECT regexp_substr('abcdef','[0-9]+') || '|'
REGEXP_EXTRACT.c9	REGEXP_EXTRACT	SELECT (regexp_match('abcdef','[0-9]+'))[1] || '|'
REGEXP_EXTRACT.c10	REGEXP_EXTRACT	SELECT substring('abcdef' from '[0-9]+') || '|'
REGEXP_EXTRACT.c11	REGEXP_EXTRACT	SELECT coalesce(regexp_substr('abcdef','[0-9]+'),'') || '|'
REGEXP_EXTRACT.c12	REGEXP_EXTRACT	SELECT regexp_substr('abc123','([a-z]+)([0-9]+)',1,1,'',2)
REGEXP_EXTRACT.c13	REGEXP_EXTRACT	SELECT regexp_extract('abc123','([a-z]+)([0-9]+)')
REGEXP_EXTRACT_ALL.c1	REGEXP_EXTRACT_ALL	SELECT regexp_extract_all('a1b22c333','[0-9]+')
REGEXP_EXTRACT_ALL.c2	REGEXP_EXTRACT_ALL	SELECT ARRAY(SELECT (regexp_matches('a1b22c333','[0-9]+','g'))[1])
REGEXP_EXTRACT_ALL.c3	REGEXP_EXTRACT_ALL	SELECT (SELECT array_agg(m[1]) FROM regexp_matches('a1b22c333','([0-9]+)','g') AS m)
REGEXP_EXTRACT_ALL.c4	REGEXP_EXTRACT_ALL	SELECT regexp_extract_all('abcdef','[0-9]+')
REGEXP_EXTRACT_ALL.c5	REGEXP_EXTRACT_ALL	SELECT ARRAY(SELECT (regexp_matches('abcdef','[0-9]+','g'))[1])
REGEXP_EXTRACT_ALL.c6	REGEXP_EXTRACT_ALL	SELECT regexp_matches('a1b22c333','[0-9]+','g')
REGEXP_REPLACE.c1	REGEXP_REPLACE	SELECT regexp_replace('a1b2','[0-9]','X')
REGEXP_REPLACE.c2	REGEXP_REPLACE	SELECT regexp_replace('a1b2','[0-9]','X','g')
REGEXP_REPLACE.c3	REGEXP_REPLACE	SELECT regexp_replace('abc','(a)(b)','\2\1')
REGEXP_REPLACE.c4	REGEXP_REPLACE	SELECT regexp_replace('abc','(a)(b)','$2$1')
REGEXP_REPLACE.c5	REGEXP_REPLACE	SELECT regexp_replace('aAbB','[a-z]','X','gi')
REGEXP_REPLACE.c6	REGEXP_REPLACE	SELECT regexp_replace(NULL,'a','X')
REGEXP_FULL_MATCH.c1	REGEXP_FULL_MATCH	SELECT regexp_full_match('abc','a.c')
REGEXP_FULL_MATCH.c2	REGEXP_FULL_MATCH	SELECT regexp_full_match('abcd','a.c')
REGEXP_FULL_MATCH.c3	REGEXP_FULL_MATCH	SELECT 'abc' ~ '^(a.c)$'
REGEXP_FULL_MATCH.c4	REGEXP_FULL_MATCH	SELECT 'abcd' ~ '^(a.c)$'
REGEXP_FULL_MATCH.c5	REGEXP_FULL_MATCH	SELECT regexp_like('abc','^(a.c)$')
REGEXP_FULL_MATCH.c6	REGEXP_FULL_MATCH	SELECT regexp_like('abcd','^(a.c)$')
REGEXP_FULL_MATCH.c7	REGEXP_FULL_MATCH	SELECT 'ab\nc' ~ '^(a.*c)$'
REGEXP_FULL_MATCH.c8	REGEXP_FULL_MATCH	SELECT regexp_full_match(NULL,'a')
REGEXP_FULL_MATCH.c9	REGEXP_FULL_MATCH	SELECT 'abc' REGEXP '^(a.c)$'
RXSYN.digit	RXSYN	SELECT regexp_full_match('1','\d')
RXSYN.digit2	RXSYN	SELECT '1' ~ '^(\d)$'
RXSYN.posix	RXSYN	SELECT regexp_full_match('1','[[:digit:]]')
RXSYN.posix2	RXSYN	SELECT '1' ~ '^([[:digit:]])$'
RXSYN.backref	RXSYN	SELECT regexp_full_match('aa','(a)\1')
RXSYN.backref2	RXSYN	SELECT 'aa' ~ '^((a)\2)$'
RXSYN.lookahd	RXSYN	SELECT regexp_full_match('ab','(?=a)ab')
RXSYN.lookahd2	RXSYN	SELECT 'ab' ~ '(?=a)ab'
RXSYN.lazy	RXSYN	SELECT regexp_extract('aXbXc','a.*?X')
RXSYN.lazy2	RXSYN	SELECT substring('aXbXc' from 'a.*?X')
RXSYN.brace	RXSYN	SELECT regexp_full_match('aaa','a{3}')
RXSYN.brace2	RXSYN	SELECT 'aaa' ~ '^(a{3})$'
GREATEST.c1	GREATEST	SELECT greatest(1,2,3)
GREATEST.c2	GREATEST	SELECT greatest(1,NULL,3)
GREATEST.c3	GREATEST	SELECT max(1,NULL,3)
GREATEST.c4	GREATEST	SELECT max(1,2,3)
GREATEST.c5	GREATEST	SELECT greatest('a','b')
GREATEST.c6	GREATEST	SELECT max('a','b')
GREATEST.c7	GREATEST	SELECT greatest(1.5, 2)
GREATEST.c8	GREATEST	SELECT greatest(NULL,NULL)
GREATEST.c9	GREATEST	SELECT max(NULL,NULL)
GREATEST.c10	GREATEST	SELECT CASE WHEN 1 IS NULL OR 3 IS NULL THEN NULL ELSE max(1,3) END
GREATEST.c11	GREATEST	SELECT greatest(e.sal, 100.0) FROM emp e WHERE e.id=5
GREATEST.c12	GREATEST	SELECT max(e.sal, 100.0) FROM emp e WHERE e.id=5
LEAST.c1	LEAST	SELECT least(1,2,3)
LEAST.c2	LEAST	SELECT least(1,NULL,3)
LEAST.c3	LEAST	SELECT min(1,NULL,3)
LEAST.c4	LEAST	SELECT min(1,2,3)
LEAST.c5	LEAST	SELECT least('a','b')
LEAST.c6	LEAST	SELECT least(NULL,NULL)
LEAST.c7	LEAST	SELECT least(e.sal, 100.0) FROM emp e WHERE e.id=5
LEAST.c8	LEAST	SELECT min(e.sal, 100.0) FROM emp e WHERE e.id=5
COL.upper	COL	SELECT upper(e.name) FROM emp e WHERE e.id=1
COL.concat	COL	SELECT concat(e.name,'-',d.name) FROM emp e JOIN dept d ON d.id=e.dept_id WHERE e.id=1
COL.length	COL	SELECT length(e.name) FROM emp e WHERE e.id=1
